{
    "run_id": "ZZruNwS6",
    "datetime": "2025-08-25 19:24:52",
    "meta": {
        "model": "deepLOBREG_TF",
        "modelKwargs": {
            "shape": [
                100,
                20,
                1
            ]
        },
        "numEpoch": 10,
        "batchSize": 64,
        "ticker": "META",
        "steps": [
            "TRAIN",
            "TEST"
        ],
        "maxFiles": 1,
        "scaling": true,
        "threshold": "auto",
        "rowLim": 1000000,
        "trainTestSplit": 0.85,
        "lookForwardHorizon": 80,
        "representation": "ordervol",
        "labelType": "REGRESSION",
        "archive": true
    },
    "metrics": {
        "MSE": 0.4727945625782013,
        "R2": -0.13795030117034912,
        "MAPE": 208.7716827392578,
        "MAE": 0.57929527759552
    },
    "metricsStrength": {
        "accuracy@>0.1": 0.52771656627981,
        "coverage@>0.1": 0.7690801242820826,
        "accuracy@>0.2": 0.5344305647378127,
        "coverage@>0.2": 0.5411731475378966,
        "accuracy@>0.3": 0.5334054177099932,
        "coverage@>0.3": 0.3308916297900386,
        "accuracy@>0.4": 0.5338580709645178,
        "coverage@>0.4": 0.15072027116090764,
        "accuracy@>0.5": 0.5917413322945072,
        "coverage@>0.5": 0.04833819790980134,
        "accuracy@>0.6": 0.6431034482758621,
        "coverage@>0.6": 0.010921758779775916,
        "accuracy@>0.7": 0.3787878787878788,
        "coverage@>0.7": 0.001242820826664156,
        "accuracy@>0.8": null,
        "coverage@>0.8": 0.0,
        "accuracy@>0.9": null,
        "coverage@>0.9": 0.0,
        "accuracy@1%_coverage": 0.6384180790960452,
        "accuracy@5%_coverage": 0.5917137476459511,
        "accuracy@10%_coverage": 0.5583804143126178,
        "accuracy@25%_coverage": 0.5351762579090087,
        "accuracy@50%_coverage": 0.5347619764989454
    }
}