{
    "run_id": "JU4m27Nk",
    "datetime": "2025-08-25 19:03:54",
    "meta": {
        "model": "deepLOBREG_TF",
        "modelKwargs": {
            "shape": [
                100,
                20,
                1
            ]
        },
        "numEpoch": 10,
        "batchSize": 64,
        "ticker": "META",
        "steps": [
            "TRAIN",
            "TEST"
        ],
        "maxFiles": 1,
        "scaling": true,
        "threshold": "auto",
        "rowLim": 1000000,
        "trainTestSplit": 0.85,
        "lookForwardHorizon": 20,
        "representation": "ordervol",
        "labelType": "REGRESSION",
        "archive": true
    },
    "metrics": {
        "MSE": 0.3938918113708496,
        "R2": -0.030637145042419434,
        "MAPE": 575.2680053710938,
        "MAE": 0.5131794810295105
    },
    "metricsStrength": {
        "accuracy@>0.1": 0.5742017202780724,
        "coverage@>0.1": 0.6385403931157717,
        "accuracy@>0.2": 0.6002116166397505,
        "coverage@>0.2": 0.3377598043825825,
        "accuracy@>0.3": 0.6251766217084136,
        "coverage@>0.3": 0.14643092259945453,
        "accuracy@>0.4": 0.6727272727272727,
        "coverage@>0.4": 0.03931157716542839,
        "accuracy@>0.5": 0.6730769230769231,
        "coverage@>0.5": 0.00586852252421706,
        "accuracy@>0.6": 0.8666666666666667,
        "coverage@>0.6": 0.0005642810119439481,
        "accuracy@>0.7": null,
        "coverage@>0.7": 0.0,
        "accuracy@>0.8": null,
        "coverage@>0.8": 0.0,
        "accuracy@>0.9": null,
        "coverage@>0.9": 0.0,
        "accuracy@1%_coverage": 0.6836158192090396,
        "accuracy@5%_coverage": 0.6636568848758465,
        "accuracy@10%_coverage": 0.632994732881866,
        "accuracy@25%_coverage": 0.6088330449176135,
        "accuracy@50%_coverage": 0.5856970882552103
    }
}