{
    "run_id": "9PDbPFdZ",
    "datetime": "2025-08-25 18:03:32",
    "meta": {
        "model": "deepLOBREG_TF",
        "modelKwargs": {
            "shape": [
                100,
                20,
                1
            ]
        },
        "numEpoch": 10,
        "batchSize": 64,
        "ticker": "GOOG",
        "steps": [
            "TRAIN",
            "TEST"
        ],
        "maxFiles": 1,
        "scaling": true,
        "threshold": "auto",
        "rowLim": 1000000,
        "trainTestSplit": 0.85,
        "lookForwardHorizon": 100,
        "representation": "orderflows",
        "labelType": "REGRESSION",
        "archive": true
    },
    "metrics": {
        "MSE": 0.4630262553691864,
        "R2": 0.00534665584564209,
        "MAPE": 1414.7491455078125,
        "MAE": 0.5862470269203186
    },
    "metricsStrength": {
        "accuracy@>0.1": 0.5447061614289103,
        "coverage@>0.1": 0.7588066666666666,
        "accuracy@>0.2": 0.5588931297709924,
        "coverage@>0.2": 0.524,
        "accuracy@>0.3": 0.5850573749895301,
        "coverage@>0.3": 0.31837333333333334,
        "accuracy@>0.4": 0.6166737019839594,
        "coverage@>0.4": 0.15793333333333334,
        "accuracy@>0.5": 0.6488480308705028,
        "coverage@>0.5": 0.05874,
        "accuracy@>0.6": 0.6906803887935964,
        "coverage@>0.6": 0.01166,
        "accuracy@>0.7": 0.8636363636363636,
        "coverage@>0.7": 0.00044,
        "accuracy@>0.8": null,
        "coverage@>0.8": 0.0,
        "accuracy@>0.9": null,
        "coverage@>0.9": 0.0,
        "accuracy@1%_coverage": 0.6973333333333334,
        "accuracy@5%_coverage": 0.6530666666666667,
        "accuracy@10%_coverage": 0.6297333333333334,
        "accuracy@25%_coverage": 0.5972266666666667,
        "accuracy@50%_coverage": 0.5618933333333334
    }
}