{
    "run_id": "FXsq7Y5n",
    "datetime": "2025-08-25 19:08:16",
    "meta": {
        "model": "deepLOB_TF",
        "modelKwargs": {
            "shape": [
                100,
                20,
                1
            ]
        },
        "numEpoch": 10,
        "batchSize": 64,
        "ticker": "PLTR",
        "steps": [
            "TRAIN",
            "TEST"
        ],
        "maxFiles": 1,
        "scaling": true,
        "threshold": "auto",
        "rowLim": 1000000,
        "trainTestSplit": 0.85,
        "lookForwardHorizon": 60,
        "representation": "orderfixedvol",
        "labelType": "CATEGORICAL",
        "archive": true
    },
    "metrics": {
        "accuracy": 0.41876271469067866,
        "precision": 0.3841296467740854,
        "recall": 0.39907434083193866,
        "f1": 0.35448399930120345,
        "confusion_matrix": [
            [
                29640,
                2690,
                19209
            ],
            [
                21559,
                2271,
                20477
            ],
            [
                20657,
                2550,
                30872
            ]
        ]
    },
    "metricsStrength": {
        "accuracy@>0.4": 0.4366211394344105,
        "coverage@>0.4": 0.7271569117892279,
        "accuracy@>0.5": 0.483928467067968,
        "coverage@>0.5": 0.22826079706519928,
        "accuracy@>0.6": 0.5201980198019802,
        "coverage@>0.6": 0.033683508420877105,
        "accuracy@>0.7": 0.47257383966244726,
        "coverage@>0.7": 0.0031615807903951974,
        "accuracy@>0.8": 0.3684210526315789,
        "coverage@>0.8": 0.0001267300316825079,
        "accuracy@>0.9": null,
        "coverage@>0.9": 0.0,
        "accuracy@1%_coverage": 0.5190126751167445,
        "accuracy@5%_coverage": 0.516008537886873,
        "accuracy@10%_coverage": 0.4996664887940235,
        "accuracy@25%_coverage": 0.4811237693764841,
        "accuracy@50%_coverage": 0.45388330087244205
    }
}