{
    "run_id": "quRpKN1N",
    "datetime": "2025-08-25 18:01:19",
    "meta": {
        "model": "deepLOB_TF",
        "modelKwargs": {
            "shape": [
                100,
                20,
                1
            ]
        },
        "numEpoch": 10,
        "batchSize": 64,
        "ticker": "TSLA",
        "steps": [
            "TRAIN",
            "TEST"
        ],
        "maxFiles": 1,
        "scaling": true,
        "threshold": "auto",
        "rowLim": 1000000,
        "trainTestSplit": 0.85,
        "lookForwardHorizon": 80,
        "representation": "ordervol",
        "labelType": "CATEGORICAL",
        "archive": true
    },
    "metrics": {
        "accuracy": 0.3788666155231647,
        "precision": 0.3768306078517778,
        "recall": 0.3950500841428226,
        "f1": 0.33150576427639195,
        "confusion_matrix": [
            [
                29336,
                1888,
                14940
            ],
            [
                28811,
                2698,
                22703
            ],
            [
                22019,
                2750,
                24760
            ]
        ]
    },
    "metricsStrength": {
        "accuracy@>0.4": 0.39620557921126986,
        "coverage@>0.4": 0.670531336513125,
        "accuracy@>0.5": 0.43392845916891937,
        "coverage@>0.5": 0.2122277442380174,
        "accuracy@>0.6": 0.5189416716776909,
        "coverage@>0.6": 0.022187385344051232,
        "accuracy@>0.7": 0.6363636363636364,
        "coverage@>0.7": 7.337980721123379e-05,
        "accuracy@>0.8": null,
        "coverage@>0.8": 0.0,
        "accuracy@>0.9": null,
        "coverage@>0.9": 0.0,
        "accuracy@1%_coverage": 0.5583722481654436,
        "accuracy@5%_coverage": 0.4821881254169446,
        "accuracy@10%_coverage": 0.44689793195463645,
        "accuracy@25%_coverage": 0.43168961468673284,
        "accuracy@50%_coverage": 0.41092966165012274
    }
}