{
    "run_id": "3oll42vb",
    "datetime": "2025-08-25 18:48:40",
    "meta": {
        "model": "deepLOB_TF",
        "modelKwargs": {
            "shape": [
                100,
                40,
                1
            ]
        },
        "numEpoch": 10,
        "batchSize": 64,
        "ticker": "JPM",
        "steps": [
            "TRAIN",
            "TEST"
        ],
        "maxFiles": 1,
        "scaling": true,
        "threshold": "auto",
        "rowLim": 1000000,
        "trainTestSplit": 0.85,
        "lookForwardHorizon": 60,
        "representation": "orderbooks",
        "labelType": "CATEGORICAL",
        "archive": true
    },
    "metrics": {
        "accuracy": 0.36642562876321627,
        "precision": 0.366162937421241,
        "recall": 0.3674884105892471,
        "f1": 0.3657645003190664,
        "confusion_matrix": [
            [
                3782,
                3442,
                3413
            ],
            [
                4680,
                4787,
                4019
            ],
            [
                2986,
                3452,
                4150
            ]
        ]
    },
    "metricsStrength": {
        "accuracy@>0.4": 0.37360913501878806,
        "coverage@>0.4": 0.7896920284635994,
        "accuracy@>0.5": 0.38444040036396726,
        "coverage@>0.5": 0.2532914638011005,
        "accuracy@>0.6": 0.4333965844402277,
        "coverage@>0.6": 0.0759125349312898,
        "accuracy@>0.7": 0.42513368983957217,
        "coverage@>0.7": 0.010774682377344358,
        "accuracy@>0.8": null,
        "coverage@>0.8": 0.0,
        "accuracy@>0.9": null,
        "coverage@>0.9": 0.0,
        "accuracy@1%_coverage": 0.42363112391930835,
        "accuracy@5%_coverage": 0.44726224783861673,
        "accuracy@10%_coverage": 0.43503313166234514,
        "accuracy@25%_coverage": 0.38457992393684454,
        "accuracy@50%_coverage": 0.38110054739268223
    }
}