{
    "run_id": "wIQKaxT3",
    "datetime": "2025-08-25 19:19:43",
    "meta": {
        "model": "deepLOB_TF",
        "modelKwargs": {
            "shape": [
                100,
                20,
                1
            ]
        },
        "numEpoch": 10,
        "batchSize": 64,
        "ticker": "MTCH",
        "steps": [
            "TRAIN",
            "TEST"
        ],
        "maxFiles": 1,
        "scaling": true,
        "threshold": "auto",
        "rowLim": 1000000,
        "trainTestSplit": 0.85,
        "lookForwardHorizon": 10,
        "representation": "ordervol",
        "labelType": "CATEGORICAL",
        "archive": true
    },
    "metrics": {
        "accuracy": 0.7397296580970051,
        "precision": 0.2465765526990017,
        "recall": 0.3333333333333333,
        "f1": 0.28346536664635386,
        "confusion_matrix": [
            [
                0,
                1141,
                0
            ],
            [
                0,
                5582,
                0
            ],
            [
                0,
                823,
                0
            ]
        ]
    },
    "metricsStrength": {
        "accuracy@>0.4": 0.7409030544488712,
        "coverage@>0.4": 0.9978796713490591,
        "accuracy@>0.5": 0.7465753424657534,
        "coverage@>0.5": 0.9093559501722767,
        "accuracy@>0.6": 0.7433898305084746,
        "coverage@>0.6": 0.3909355950172277,
        "accuracy@>0.7": null,
        "coverage@>0.7": 0.0,
        "accuracy@>0.8": null,
        "coverage@>0.8": 0.0,
        "accuracy@>0.9": null,
        "coverage@>0.9": 0.0,
        "accuracy@1%_coverage": 1.0,
        "accuracy@5%_coverage": 0.8196286472148541,
        "accuracy@10%_coverage": 0.76657824933687,
        "accuracy@25%_coverage": 0.7290562036055143,
        "accuracy@50%_coverage": 0.7455605618870925
    }
}