{
    "run_id": "hHGAJeG1",
    "datetime": "2025-08-25 18:21:36",
    "meta": {
        "model": "deepLOBREG_TF",
        "modelKwargs": {
            "shape": [
                100,
                20,
                1
            ]
        },
        "numEpoch": 10,
        "batchSize": 64,
        "ticker": "GOOG",
        "steps": [
            "TRAIN",
            "TEST"
        ],
        "maxFiles": 1,
        "scaling": true,
        "threshold": "auto",
        "rowLim": 1000000,
        "trainTestSplit": 0.85,
        "lookForwardHorizon": 200,
        "representation": "orderflows",
        "labelType": "REGRESSION",
        "archive": true
    },
    "metrics": {
        "MSE": 0.4832262396812439,
        "R2": -0.07046568393707275,
        "MAPE": 703.5989379882812,
        "MAE": 0.587504506111145
    },
    "metricsStrength": {
        "accuracy@>0.1": 0.5335409368106916,
        "coverage@>0.1": 0.66794,
        "accuracy@>0.2": 0.5420932878270762,
        "coverage@>0.2": 0.39848,
        "accuracy@>0.3": 0.541724639025446,
        "coverage@>0.3": 0.21562,
        "accuracy@>0.4": 0.5309594460929773,
        "coverage@>0.4": 0.1011,
        "accuracy@>0.5": 0.5059617194854095,
        "coverage@>0.5": 0.042493333333333334,
        "accuracy@>0.6": 0.5024131274131274,
        "coverage@>0.6": 0.013813333333333334,
        "accuracy@>0.7": 0.47512437810945274,
        "coverage@>0.7": 0.00268,
        "accuracy@>0.8": 0.0,
        "coverage@>0.8": 2.6666666666666667e-05,
        "accuracy@>0.9": null,
        "coverage@>0.9": 0.0,
        "accuracy@1%_coverage": 0.54,
        "accuracy@5%_coverage": 0.5073333333333333,
        "accuracy@10%_coverage": 0.5306666666666666,
        "accuracy@25%_coverage": 0.5430666666666667,
        "accuracy@50%_coverage": 0.5387333333333333
    }
}