{
    "run_id": "rnEh0Oxh",
    "datetime": "2025-08-25 19:21:39",
    "meta": {
        "model": "deepLOB_TF",
        "modelKwargs": {
            "shape": [
                100,
                20,
                1
            ]
        },
        "numEpoch": 10,
        "batchSize": 64,
        "ticker": "GOOG",
        "steps": [
            "TRAIN",
            "TEST"
        ],
        "maxFiles": 1,
        "scaling": true,
        "threshold": "auto",
        "rowLim": 1000000,
        "trainTestSplit": 0.85,
        "lookForwardHorizon": 60,
        "representation": "orderflows",
        "labelType": "CATEGORICAL",
        "archive": true
    },
    "metrics": {
        "accuracy": 0.44587333333333334,
        "precision": 0.4403497106547049,
        "recall": 0.450767217130937,
        "f1": 0.438183946991763,
        "confusion_matrix": [
            [
                28859,
                10747,
                9326
            ],
            [
                20631,
                14129,
                18025
            ],
            [
                13905,
                10485,
                23893
            ]
        ]
    },
    "metricsStrength": {
        "accuracy@>0.4": 0.4972157910359157,
        "coverage@>0.4": 0.5615,
        "accuracy@>0.5": 0.6240478036765041,
        "coverage@>0.5": 0.14615333333333333,
        "accuracy@>0.6": 0.7468703976435935,
        "coverage@>0.6": 0.036213333333333333,
        "accuracy@>0.7": 0.7464566929133858,
        "coverage@>0.7": 0.004233333333333334,
        "accuracy@>0.8": 0.6666666666666666,
        "coverage@>0.8": 4e-05,
        "accuracy@>0.9": null,
        "coverage@>0.9": 0.0,
        "accuracy@1%_coverage": 0.7653333333333333,
        "accuracy@5%_coverage": 0.7214666666666667,
        "accuracy@10%_coverage": 0.6638,
        "accuracy@25%_coverage": 0.5693333333333334,
        "accuracy@50%_coverage": 0.5062
    }
}