{
    "run_id": "ligDYwE1",
    "datetime": "2025-08-26 12:25:46",
    "meta": {
        "model": "deepLOB_TF",
        "modelKwargs": {
            "shape": [
                100,
                20,
                1
            ]
        },
        "numEpoch": 10,
        "batchSize": 64,
        "ticker": "META",
        "steps": [
            "TRAIN",
            "TEST"
        ],
        "maxFiles": 1,
        "scaling": true,
        "threshold": "auto",
        "rowLim": 1000000,
        "trainTestSplit": 0.85,
        "lookForwardHorizon": 20,
        "representation": "orderflows",
        "labelType": "CATEGORICAL",
        "archive": true
    },
    "metrics": {
        "accuracy": 0.38937520001505993,
        "precision": 0.4244331318168741,
        "recall": 0.4186649267317646,
        "f1": 0.35406303631782304,
        "confusion_matrix": [
            [
                9325,
                854,
                6422
            ],
            [
                8771,
                1628,
                10316
            ],
            [
                5351,
                723,
                9731
            ]
        ]
    },
    "metricsStrength": {
        "accuracy@>0.4": 0.3987885586090858,
        "coverage@>0.4": 0.8391220044803374,
        "accuracy@>0.5": 0.43802437866075666,
        "coverage@>0.5": 0.47566875623576366,
        "accuracy@>0.6": 0.5091475282210977,
        "coverage@>0.6": 0.19344515351744132,
        "accuracy@>0.7": 0.6065170611743006,
        "coverage@>0.7": 0.06123755200391559,
        "accuracy@>0.8": 0.7197231833910035,
        "coverage@>0.8": 0.010880819261685586,
        "accuracy@>0.9": 0.8717948717948718,
        "coverage@>0.9": 0.0007341729259614842,
        "accuracy@1%_coverage": 0.7306967984934086,
        "accuracy@5%_coverage": 0.6182228915662651,
        "accuracy@10%_coverage": 0.5696536144578314,
        "accuracy@25%_coverage": 0.4844126506024096,
        "accuracy@50%_coverage": 0.43445030120481926
    }
}