{
    "run_id": "RuMzAmRT",
    "datetime": "2025-08-25 15:17:21",
    "meta": {
        "model": "deepLOB_TF",
        "modelKwargs": {
            "shape": [
                100,
                40,
                1
            ]
        },
        "numEpoch": 10,
        "batchSize": 64,
        "ticker": "GOOG",
        "steps": [
            "TRAIN",
            "TEST"
        ],
        "maxFiles": 1,
        "scaling": true,
        "threshold": "auto",
        "rowLim": 1000000,
        "trainTestSplit": 0.85,
        "lookForwardHorizon": 10,
        "representation": "orderbooks",
        "labelType": "CATEGORICAL",
        "archive": true
    },
    "metrics": {
        "accuracy": 0.7739933333333333,
        "precision": 0.6486927768056562,
        "recall": 0.5118561942025909,
        "f1": 0.5505914592288192,
        "confusion_matrix": [
            [
                5743,
                12669,
                691
            ],
            [
                3962,
                104658,
                3241
            ],
            [
                761,
                12577,
                5698
            ]
        ]
    },
    "metricsStrength": {
        "accuracy@>0.4": 0.7780876172001293,
        "coverage@>0.4": 0.98976,
        "accuracy@>0.5": 0.7913999845095513,
        "coverage@>0.5": 0.94682,
        "accuracy@>0.6": 0.8276508891386263,
        "coverage@>0.6": 0.8067733333333333,
        "accuracy@>0.7": 0.8565763800012588,
        "coverage@>0.7": 0.6355066666666667,
        "accuracy@>0.8": 0.8916329741679778,
        "coverage@>0.8": 0.3347266666666667,
        "accuracy@>0.9": 0.9513152728700431,
        "coverage@>0.9": 0.05094,
        "accuracy@1%_coverage": 0.9666666666666667,
        "accuracy@5%_coverage": 0.9516,
        "accuracy@10%_coverage": 0.9389333333333333,
        "accuracy@25%_coverage": 0.9036,
        "accuracy@50%_coverage": 0.8730133333333333
    }
}