{
    "run_id": "gAtVSUgA",
    "datetime": "2025-08-25 15:48:46",
    "meta": {
        "model": "deepLOB_TF",
        "modelKwargs": {
            "shape": [
                100,
                20,
                1
            ]
        },
        "numEpoch": 10,
        "batchSize": 64,
        "ticker": "MSFT",
        "steps": [
            "TRAIN",
            "TEST"
        ],
        "maxFiles": 1,
        "scaling": true,
        "threshold": "auto",
        "rowLim": 1000000,
        "trainTestSplit": 0.85,
        "lookForwardHorizon": 40,
        "representation": "orderflows",
        "labelType": "CATEGORICAL",
        "archive": true
    },
    "metrics": {
        "accuracy": 0.4169471358150603,
        "precision": 0.4051612169627869,
        "recall": 0.43321425594609636,
        "f1": 0.3711241723017291,
        "confusion_matrix": [
            [
                11881,
                1167,
                5779
            ],
            [
                10309,
                1448,
                9604
            ],
            [
                6203,
                1239,
                11200
            ]
        ]
    },
    "metricsStrength": {
        "accuracy@>0.4": 0.4501419490993141,
        "coverage@>0.4": 0.6765765765765765,
        "accuracy@>0.5": 0.506629168340699,
        "coverage@>0.5": 0.29615842257351693,
        "accuracy@>0.6": 0.5824594852240229,
        "coverage@>0.6": 0.07132415434302226,
        "accuracy@>0.7": 0.697986577181208,
        "coverage@>0.7": 0.002532721400645929,
        "accuracy@>0.8": null,
        "coverage@>0.8": 0.0,
        "accuracy@>0.9": null,
        "coverage@>0.9": 0.0,
        "accuracy@1%_coverage": 0.6564625850340136,
        "accuracy@5%_coverage": 0.5963957837470248,
        "accuracy@10%_coverage": 0.5646778854326024,
        "accuracy@25%_coverage": 0.5185965866594139,
        "accuracy@50%_coverage": 0.47254801971783106
    }
}