{
    "run_id": "s9R9xD4c",
    "datetime": "2025-08-31 15:23:13",
    "meta": {
        "model": "deepLOB_TF",
        "modelKwargs": {
            "shape": [
                100,
                20,
                1
            ]
        },
        "numEpoch": 5,
        "batchSize": 64,
        "ticker": "MTCH",
        "steps": [
            "ALGO"
        ],
        "maxFiles": 1,
        "scaling": true,
        "threshold": "auto",
        "rowLim": 1000000,
        "trainTestSplit": 0,
        "lookForwardHorizon": 20,
        "representation": "orderflows",
        "labelType": "CATEGORICAL",
        "archive": true,
        "weightsRunID": "eGs6YQpE"
    },
    "metaFromWeights": {
        "model": "deepLOB_TF",
        "modelKwargs": {
            "shape": [
                100,
                20,
                1
            ]
        },
        "numEpoch": 10,
        "batchSize": 64,
        "ticker": "GOOG",
        "steps": [
            "TRAIN",
            "TEST"
        ],
        "maxFiles": 1,
        "scaling": true,
        "threshold": "auto",
        "rowLim": 1000000,
        "trainTestSplit": 0.85,
        "lookForwardHorizon": 20,
        "representation": "orderflows",
        "labelType": "CATEGORICAL",
        "archive": true
    },
    "metrics": {
        "accuracy": 0.4974528019178903,
        "precision": 0.5032500456470865,
        "recall": 0.49781377708492053,
        "f1": 0.49060863104133806,
        "confusion_matrix": [
            [
                8400,
                3719,
                1875
            ],
            [
                6999,
                10781,
                3301
            ],
            [
                4840,
                4421,
                5719
            ]
        ]
    },
    "metricsStrength": {
        "accuracy@>0.4": 0.510808208987879,
        "coverage@>0.4": 0.9131155728698431,
        "accuracy@>0.5": 0.5488573680063041,
        "coverage@>0.5": 0.6591549295774648,
        "accuracy@>0.6": 0.581125226860254,
        "coverage@>0.6": 0.3852761961841974,
        "accuracy@>0.7": 0.5939840823970037,
        "coverage@>0.7": 0.17069223853760862,
        "accuracy@>0.8": 0.6229191797346201,
        "coverage@>0.8": 0.08280891019878134,
        "accuracy@>0.9": 0.7236743838685586,
        "coverage@>0.9": 0.026750574368194984,
        "accuracy@1%_coverage": 0.77,
        "accuracy@5%_coverage": 0.6542765787370104,
        "accuracy@10%_coverage": 0.6085914085914086,
        "accuracy@25%_coverage": 0.5886677855030767,
        "accuracy@50%_coverage": 0.5696647620569785
    }
}