{
    "run_id": "DeBjRA1X",
    "datetime": "2025-08-31 15:09:49",
    "meta": {
        "model": "deepLOB_TF",
        "modelKwargs": {
            "shape": [
                100,
                20,
                1
            ]
        },
        "numEpoch": 5,
        "batchSize": 64,
        "ticker": "MTCH",
        "steps": [
            "ALGO"
        ],
        "maxFiles": 1,
        "scaling": true,
        "threshold": "auto",
        "rowLim": 1000000,
        "trainTestSplit": 0,
        "lookForwardHorizon": 20,
        "representation": "orderflows",
        "labelType": "CATEGORICAL",
        "archive": true,
        "weightsRunID": "Nt7PRirE"
    },
    "metaFromWeights": {
        "model": "deepLOB_TF",
        "modelKwargs": {
            "shape": [
                100,
                20,
                1
            ]
        },
        "numEpoch": 10,
        "batchSize": 64,
        "ticker": "AAPL",
        "steps": [
            "TRAIN",
            "TEST"
        ],
        "maxFiles": 1,
        "scaling": true,
        "threshold": "auto",
        "rowLim": 1000000,
        "trainTestSplit": 0.85,
        "lookForwardHorizon": 20,
        "representation": "orderflows",
        "labelType": "CATEGORICAL",
        "archive": true
    },
    "metrics": {
        "accuracy": 0.4531015882529218,
        "precision": 0.48303929943686685,
        "recall": 0.49024376511274553,
        "f1": 0.44454081520562344,
        "confusion_matrix": [
            [
                9531,
                1543,
                2920
            ],
            [
                9409,
                4561,
                7111
            ],
            [
                4694,
                1698,
                8588
            ]
        ]
    },
    "metricsStrength": {
        "accuracy@>0.4": 0.4701773103693543,
        "coverage@>0.4": 0.7864548996104286,
        "accuracy@>0.5": 0.5367668657593263,
        "coverage@>0.5": 0.4080711217660573,
        "accuracy@>0.6": 0.6225409836065574,
        "coverage@>0.6": 0.1949855159324743,
        "accuracy@>0.7": 0.7087977235001186,
        "coverage@>0.7": 0.0842473279392668,
        "accuracy@>0.8": 0.7773668639053254,
        "coverage@>0.8": 0.027010288682449306,
        "accuracy@>0.9": 0.7441860465116279,
        "coverage@>0.9": 0.0025771651183697933,
        "accuracy@1%_coverage": 0.758,
        "accuracy@5%_coverage": 0.7490007993605116,
        "accuracy@10%_coverage": 0.6955044955044956,
        "accuracy@25%_coverage": 0.5940222168944298,
        "accuracy@50%_coverage": 0.5137251768090463
    }
}