{
    "run_id": "k5EKNrsc",
    "datetime": "2025-08-26 13:26:52",
    "meta": {
        "model": "deepLOB_TF",
        "modelKwargs": {
            "shape": [
                100,
                20,
                1
            ]
        },
        "numEpoch": 10,
        "batchSize": 64,
        "ticker": "JPM",
        "steps": [
            "TRAIN",
            "TEST"
        ],
        "maxFiles": 1,
        "scaling": true,
        "threshold": "auto",
        "rowLim": 1000000,
        "trainTestSplit": 0.85,
        "lookForwardHorizon": 100,
        "representation": "orderfixedvol",
        "labelType": "CATEGORICAL",
        "archive": true
    },
    "metrics": {
        "accuracy": 0.3632907016937435,
        "precision": 0.3645035923662932,
        "recall": 0.3673944135890235,
        "f1": 0.36318684017425856,
        "confusion_matrix": [
            [
                4681,
                3226,
                2685
            ],
            [
                4979,
                3886,
                3861
            ],
            [
                3730,
                3623,
                4045
            ]
        ]
    },
    "metricsStrength": {
        "accuracy@>0.4": 0.36420737462166825,
        "coverage@>0.4": 0.885096209240696,
        "accuracy@>0.5": 0.36064469320066334,
        "coverage@>0.5": 0.555824403733149,
        "accuracy@>0.6": 0.370703193160007,
        "coverage@>0.6": 0.33016476552598223,
        "accuracy@>0.7": 0.3904878904878905,
        "coverage@>0.7": 0.1641318124207858,
        "accuracy@>0.8": 0.4438356164383562,
        "coverage@>0.8": 0.06308330452817144,
        "accuracy@>0.9": 0.5591715976331361,
        "coverage@>0.9": 0.00973614471713331,
        "accuracy@1%_coverage": 0.5561959654178674,
        "accuracy@5%_coverage": 0.44610951008645533,
        "accuracy@10%_coverage": 0.42696629213483145,
        "accuracy@25%_coverage": 0.37331489802972695,
        "accuracy@50%_coverage": 0.35971886162000233
    }
}