{
    "run_id": "MTqyvVZg",
    "datetime": "2025-08-25 15:05:46",
    "meta": {
        "model": "deepLOB_TF",
        "modelKwargs": {
            "shape": [
                100,
                20,
                1
            ]
        },
        "numEpoch": 10,
        "batchSize": 64,
        "ticker": "AAPL",
        "steps": [
            "TRAIN",
            "TEST"
        ],
        "maxFiles": 1,
        "scaling": true,
        "threshold": "auto",
        "rowLim": 1000000,
        "trainTestSplit": 0.85,
        "lookForwardHorizon": 200,
        "representation": "ordervol",
        "labelType": "CATEGORICAL",
        "archive": true
    },
    "metrics": {
        "accuracy": 0.3751243448943486,
        "precision": 0.32919598309465564,
        "recall": 0.3327549232530051,
        "f1": 0.2884858893664909,
        "confusion_matrix": [
            [
                11917,
                2549,
                34640
            ],
            [
                10480,
                1819,
                28690
            ],
            [
                14755,
                2483,
                42452
            ]
        ]
    },
    "metricsStrength": {
        "accuracy@>0.4": 0.37826612811209237,
        "coverage@>0.4": 0.8776780051407017,
        "accuracy@>0.5": 0.3825865195341666,
        "coverage@>0.5": 0.6885001835964883,
        "accuracy@>0.6": 0.39617986008302125,
        "coverage@>0.6": 0.45997930366859163,
        "accuracy@>0.7": 0.3890087008254629,
        "coverage@>0.7": 0.17955068932136062,
        "accuracy@>0.8": 0.3180741910023678,
        "coverage@>0.8": 0.01691758186734319,
        "accuracy@>0.9": 0.0,
        "coverage@>0.9": 7.343859531995861e-05,
        "accuracy@1%_coverage": 0.3360053440213761,
        "accuracy@5%_coverage": 0.31726532247296035,
        "accuracy@10%_coverage": 0.3535852583789558,
        "accuracy@25%_coverage": 0.3983603055065962,
        "accuracy@50%_coverage": 0.3961571329380975
    }
}