{
    "run_id": "bfRdU1od",
    "datetime": "2025-08-25 16:28:50",
    "meta": {
        "model": "deepLOBREG_TF",
        "modelKwargs": {
            "shape": [
                100,
                20,
                1
            ]
        },
        "numEpoch": 10,
        "batchSize": 64,
        "ticker": "GOOG",
        "steps": [
            "TRAIN",
            "TEST"
        ],
        "maxFiles": 1,
        "scaling": true,
        "threshold": "auto",
        "rowLim": 1000000,
        "trainTestSplit": 0.85,
        "lookForwardHorizon": 10,
        "representation": "ordervol",
        "labelType": "REGRESSION",
        "archive": true
    },
    "metrics": {
        "MSE": 0.20458418130874634,
        "R2": 0.1954057216644287,
        "MAPE": 10313.60546875,
        "MAE": 0.33738580346107483
    },
    "metricsStrength": {
        "accuracy@>0.1": 0.6201762155610461,
        "coverage@>0.1": 0.7151525254209035,
        "accuracy@>0.2": 0.6530384686861178,
        "coverage@>0.2": 0.4664310718453076,
        "accuracy@>0.3": 0.6909521694061899,
        "coverage@>0.3": 0.2701650275045841,
        "accuracy@>0.4": 0.7334218158580347,
        "coverage@>0.4": 0.13564260710118353,
        "accuracy@>0.5": 0.7749777268677612,
        "coverage@>0.5": 0.05238873145524254,
        "accuracy@>0.6": 0.8144482929242949,
        "coverage@>0.6": 0.013475579263210535,
        "accuracy@>0.7": 0.847953216374269,
        "coverage@>0.7": 0.0011401900316719454,
        "accuracy@>0.8": null,
        "coverage@>0.8": 0.0,
        "accuracy@>0.9": null,
        "coverage@>0.9": 0.0,
        "accuracy@1%_coverage": 0.8278852568378919,
        "accuracy@5%_coverage": 0.7766070952253934,
        "accuracy@10%_coverage": 0.7512835900513436,
        "accuracy@25%_coverage": 0.6957565412210279,
        "accuracy@50%_coverage": 0.6472455225572432
    }
}