{
    "run_id": "mSrTc42a",
    "datetime": "2025-08-31 15:27:17",
    "meta": {
        "model": "deepLOB_TF",
        "modelKwargs": {
            "shape": [
                100,
                20,
                1
            ]
        },
        "numEpoch": 5,
        "batchSize": 64,
        "ticker": "TSLA",
        "steps": [
            "ALGO"
        ],
        "maxFiles": 1,
        "scaling": true,
        "threshold": "auto",
        "rowLim": 1000000,
        "trainTestSplit": 0,
        "lookForwardHorizon": 20,
        "representation": "orderflows",
        "labelType": "CATEGORICAL",
        "archive": true,
        "weightsRunID": "eGs6YQpE"
    },
    "metaFromWeights": {
        "model": "deepLOB_TF",
        "modelKwargs": {
            "shape": [
                100,
                20,
                1
            ]
        },
        "numEpoch": 10,
        "batchSize": 64,
        "ticker": "GOOG",
        "steps": [
            "TRAIN",
            "TEST"
        ],
        "maxFiles": 1,
        "scaling": true,
        "threshold": "auto",
        "rowLim": 1000000,
        "trainTestSplit": 0.85,
        "lookForwardHorizon": 20,
        "representation": "orderflows",
        "labelType": "CATEGORICAL",
        "archive": true
    },
    "metrics": {
        "accuracy": 0.468657,
        "precision": 0.457885062791737,
        "recall": 0.46404914288549143,
        "f1": 0.45964433672561306,
        "confusion_matrix": [
            [
                193018,
                88139,
                69968
            ],
            [
                118015,
                93407,
                103715
            ],
            [
                69392,
                82114,
                182232
            ]
        ]
    },
    "metricsStrength": {
        "accuracy@>0.4": 0.47820987185468905,
        "coverage@>0.4": 0.92161,
        "accuracy@>0.5": 0.5015021483555727,
        "coverage@>0.5": 0.705656,
        "accuracy@>0.6": 0.5430979022451381,
        "coverage@>0.6": 0.427457,
        "accuracy@>0.7": 0.5878557583260664,
        "coverage@>0.7": 0.221323,
        "accuracy@>0.8": 0.6087347108009121,
        "coverage@>0.8": 0.101297,
        "accuracy@>0.9": 0.6588777618820537,
        "coverage@>0.9": 0.018873,
        "accuracy@1%_coverage": 0.6833,
        "accuracy@5%_coverage": 0.63024,
        "accuracy@10%_coverage": 0.60907,
        "accuracy@25%_coverage": 0.582324,
        "accuracy@50%_coverage": 0.529044
    }
}