{
    "run_id": "tbEEBTl4",
    "datetime": "2025-08-25 17:29:08",
    "meta": {
        "model": "deepLOB_TF",
        "modelKwargs": {
            "shape": [
                100,
                20,
                1
            ]
        },
        "numEpoch": 10,
        "batchSize": 64,
        "ticker": "META",
        "steps": [
            "TRAIN",
            "TEST"
        ],
        "maxFiles": 1,
        "scaling": true,
        "threshold": "auto",
        "rowLim": 1000000,
        "trainTestSplit": 0.85,
        "lookForwardHorizon": 20,
        "representation": "ordervol",
        "labelType": "CATEGORICAL",
        "archive": true
    },
    "metrics": {
        "accuracy": 0.35149064233988525,
        "precision": 0.4295370572289285,
        "recall": 0.35985495099346393,
        "f1": 0.28207975611343256,
        "confusion_matrix": [
            [
                7187,
                21,
                10400
            ],
            [
                6563,
                70,
                11803
            ],
            [
                5661,
                30,
                11430
            ]
        ]
    },
    "metricsStrength": {
        "accuracy@>0.4": 0.35259467657208166,
        "coverage@>0.4": 0.8557697733471269,
        "accuracy@>0.5": 0.38242726156956175,
        "coverage@>0.5": 0.26052854321452085,
        "accuracy@>0.6": 0.36995515695067266,
        "coverage@>0.6": 0.008388977710900029,
        "accuracy@>0.7": null,
        "coverage@>0.7": 0.0,
        "accuracy@>0.8": null,
        "coverage@>0.8": 0.0,
        "accuracy@>0.9": null,
        "coverage@>0.9": 0.0,
        "accuracy@1%_coverage": 0.3804143126177024,
        "accuracy@5%_coverage": 0.3875094055680963,
        "accuracy@10%_coverage": 0.38355906696764486,
        "accuracy@25%_coverage": 0.38334211120306977,
        "accuracy@50%_coverage": 0.3653976374990595
    }
}