{
    "run_id": "o7lvRNmY",
    "datetime": "2025-08-25 18:55:44",
    "meta": {
        "model": "deepLOBREG_TF",
        "modelKwargs": {
            "shape": [
                100,
                20,
                1
            ]
        },
        "numEpoch": 10,
        "batchSize": 64,
        "ticker": "META",
        "steps": [
            "TRAIN",
            "TEST"
        ],
        "maxFiles": 1,
        "scaling": true,
        "threshold": "auto",
        "rowLim": 1000000,
        "trainTestSplit": 0.85,
        "lookForwardHorizon": 10,
        "representation": "ordervol",
        "labelType": "REGRESSION",
        "archive": true
    },
    "metrics": {
        "MSE": 0.33208370208740234,
        "R2": 0.0013020038604736328,
        "MAPE": 974.2905883789062,
        "MAE": 0.4413478374481201
    },
    "metricsStrength": {
        "accuracy@>0.1": 0.6496649002493765,
        "coverage@>0.1": 0.4826328161730136,
        "accuracy@>0.2": 0.7241992882562278,
        "coverage@>0.2": 0.14796426892336625,
        "accuracy@>0.3": 0.8007149240393209,
        "coverage@>0.3": 0.021043723554301834,
        "accuracy@>0.4": 0.88,
        "coverage@>0.4": 0.0009402914903620122,
        "accuracy@>0.5": null,
        "coverage@>0.5": 0.0,
        "accuracy@>0.6": null,
        "coverage@>0.6": 0.0,
        "accuracy@>0.7": null,
        "coverage@>0.7": 0.0,
        "accuracy@>0.8": null,
        "coverage@>0.8": 0.0,
        "accuracy@>0.9": null,
        "coverage@>0.9": 0.0,
        "accuracy@1%_coverage": 0.8060263653483992,
        "accuracy@5%_coverage": 0.7949586155003763,
        "accuracy@10%_coverage": 0.7491066390821892,
        "accuracy@25%_coverage": 0.6932219965395321,
        "accuracy@50%_coverage": 0.6473464475119419
    }
}