{
    "run_id": "i2DyMzFE",
    "datetime": "2025-08-26 16:44:47",
    "meta": {
        "model": "deepLOBREG_TF",
        "modelKwargs": {
            "shape": [
                100,
                20,
                1
            ]
        },
        "numEpoch": 10,
        "batchSize": 64,
        "ticker": "BAC",
        "steps": [
            "TRAIN",
            "TEST"
        ],
        "maxFiles": 1,
        "scaling": true,
        "threshold": "auto",
        "rowLim": 1000000,
        "trainTestSplit": 0.85,
        "lookForwardHorizon": 40,
        "representation": "orderflows",
        "labelType": "REGRESSION",
        "archive": true
    },
    "metrics": {
        "MSE": 0.20029279589653015,
        "R2": 0.31251561641693115,
        "MAPE": 713.1263427734375,
        "MAE": 0.3231000006198883
    },
    "metricsStrength": {
        "accuracy@>0.1": 0.6151618275287815,
        "coverage@>0.1": 0.7054166560257426,
        "accuracy@>0.2": 0.6495085086143114,
        "coverage@>0.2": 0.48323415992032076,
        "accuracy@>0.3": 0.6853689771090123,
        "coverage@>0.3": 0.3190744949817402,
        "accuracy@>0.4": 0.7113414634146341,
        "coverage@>0.4": 0.2094133871338458,
        "accuracy@>0.5": 0.7193314955203308,
        "coverage@>0.5": 0.14822381694205378,
        "accuracy@>0.6": 0.7994784876140808,
        "coverage@>0.6": 0.09793906581198764,
        "accuracy@>0.7": 0.8596601636249214,
        "coverage@>0.7": 0.04058022831166841,
        "accuracy@>0.8": 0.9743589743589743,
        "coverage@>0.8": 0.000995990499782925,
        "accuracy@>0.9": null,
        "coverage@>0.9": 0.0,
        "accuracy@1%_coverage": 0.928388746803069,
        "accuracy@5%_coverage": 0.8492590700051099,
        "accuracy@10%_coverage": 0.7969348659003831,
        "accuracy@25%_coverage": 0.702523240371846,
        "accuracy@50%_coverage": 0.6461844927980386
    }
}