{
    "run_id": "Ym44CFYB",
    "datetime": "2025-08-26 10:54:39",
    "meta": {
        "model": "deepLOB_TF",
        "modelKwargs": {
            "shape": [
                100,
                20,
                1
            ]
        },
        "numEpoch": 10,
        "batchSize": 64,
        "ticker": "PLTR",
        "steps": [
            "TRAIN",
            "TEST"
        ],
        "maxFiles": 1,
        "scaling": true,
        "threshold": "auto",
        "rowLim": 1000000,
        "trainTestSplit": 0.85,
        "lookForwardHorizon": 200,
        "representation": "ordervol",
        "labelType": "CATEGORICAL",
        "archive": true
    },
    "metrics": {
        "accuracy": 0.34285142036919586,
        "precision": 0.3331647363752645,
        "recall": 0.32973149363512927,
        "f1": 0.2683255126143327,
        "confusion_matrix": [
            [
                32836,
                538,
                17343
            ],
            [
                31325,
                387,
                12923
            ],
            [
                35923,
                379,
                18131
            ]
        ]
    },
    "metricsStrength": {
        "accuracy@>0.4": 0.33521231190410555,
        "coverage@>0.4": 0.7023333444603932,
        "accuracy@>0.5": 0.32385472388690023,
        "coverage@>0.5": 0.16599125413092097,
        "accuracy@>0.6": 0.36275897567880583,
        "coverage@>0.6": 0.051881029475581666,
        "accuracy@>0.7": 0.36337625178826893,
        "coverage@>0.7": 0.0046666889207864605,
        "accuracy@>0.8": null,
        "coverage@>0.8": 0.0,
        "accuracy@>0.9": null,
        "coverage@>0.9": 0.0,
        "accuracy@1%_coverage": 0.3420173680694723,
        "accuracy@5%_coverage": 0.3666711176392042,
        "accuracy@10%_coverage": 0.3457738015756443,
        "accuracy@25%_coverage": 0.3148800940020296,
        "accuracy@50%_coverage": 0.32613630294290447
    }
}