{
    "run_id": "eKAy2K5F",
    "datetime": "2025-08-25 19:24:04",
    "meta": {
        "model": "deepLOB_TF",
        "modelKwargs": {
            "shape": [
                100,
                20,
                1
            ]
        },
        "numEpoch": 10,
        "batchSize": 64,
        "ticker": "PLTR",
        "steps": [
            "TRAIN",
            "TEST"
        ],
        "maxFiles": 1,
        "scaling": true,
        "threshold": "auto",
        "rowLim": 1000000,
        "trainTestSplit": 0.85,
        "lookForwardHorizon": 80,
        "representation": "ordervol",
        "labelType": "CATEGORICAL",
        "archive": true
    },
    "metrics": {
        "accuracy": 0.40946599513024917,
        "precision": 0.3355910096454026,
        "recall": 0.37080981917656186,
        "f1": 0.31467491595638025,
        "confusion_matrix": [
            [
                30098,
                27,
                23717
            ],
            [
                19974,
                15,
                19536
            ],
            [
                25232,
                38,
                31268
            ]
        ]
    },
    "metricsStrength": {
        "accuracy@>0.4": 0.4174640857566501,
        "coverage@>0.4": 0.8233147660184784,
        "accuracy@>0.5": 0.4662081183888281,
        "coverage@>0.5": 0.12802108001734433,
        "accuracy@>0.6": 0.4772727272727273,
        "coverage@>0.6": 0.002054634601914546,
        "accuracy@>0.7": null,
        "coverage@>0.7": 0.0,
        "accuracy@>0.8": null,
        "coverage@>0.8": 0.0,
        "accuracy@>0.9": null,
        "coverage@>0.9": 0.0,
        "accuracy@1%_coverage": 0.4983322214809873,
        "accuracy@5%_coverage": 0.4771180787191461,
        "accuracy@10%_coverage": 0.4752501667778519,
        "accuracy@25%_coverage": 0.4487672110150496,
        "accuracy@50%_coverage": 0.4334774255523535
    }
}