{
    "run_id": "Na6vvHq6",
    "datetime": "2025-08-26 12:43:05",
    "meta": {
        "model": "deepLOBREG_TF",
        "modelKwargs": {
            "shape": [
                100,
                20,
                1
            ]
        },
        "numEpoch": 10,
        "batchSize": 64,
        "ticker": "PLTR",
        "steps": [
            "TRAIN",
            "TEST"
        ],
        "maxFiles": 1,
        "scaling": true,
        "threshold": "auto",
        "rowLim": 1000000,
        "trainTestSplit": 0.85,
        "lookForwardHorizon": 100,
        "representation": "ordervol",
        "labelType": "REGRESSION",
        "archive": true
    },
    "metrics": {
        "MSE": 0.5303381085395813,
        "R2": -0.04016721248626709,
        "MAPE": 224.87640380859375,
        "MAE": 0.6335373520851135
    },
    "metricsStrength": {
        "accuracy@>0.1": 0.5181210394744492,
        "coverage@>0.1": 0.5738065850485372,
        "accuracy@>0.2": 0.5093509094720171,
        "coverage@>0.2": 0.28646629082296426,
        "accuracy@>0.3": 0.503622257617017,
        "coverage@>0.3": 0.12985288721353036,
        "accuracy@>0.4": 0.4894770819883796,
        "coverage@>0.4": 0.05167294926110018,
        "accuracy@>0.5": 0.4850513163766176,
        "coverage@>0.5": 0.014951462788137573,
        "accuracy@>0.6": 0.5462184873949579,
        "coverage@>0.6": 0.0007939420222170331,
        "accuracy@>0.7": null,
        "coverage@>0.7": 0.0,
        "accuracy@>0.8": null,
        "coverage@>0.8": 0.0,
        "accuracy@>0.9": null,
        "coverage@>0.9": 0.0,
        "accuracy@1%_coverage": 0.49265687583444595,
        "accuracy@5%_coverage": 0.48839071257005606,
        "accuracy@10%_coverage": 0.5000667200427008,
        "accuracy@25%_coverage": 0.5095407114835473,
        "accuracy@50%_coverage": 0.51615916308612
    }
}