{
    "run_id": "eKuWXNu6",
    "datetime": "2025-08-25 19:07:55",
    "meta": {
        "model": "deepLOB_TF",
        "modelKwargs": {
            "shape": [
                100,
                20,
                1
            ]
        },
        "numEpoch": 10,
        "batchSize": 64,
        "ticker": "PLTR",
        "steps": [
            "TRAIN",
            "TEST"
        ],
        "maxFiles": 1,
        "scaling": true,
        "threshold": "auto",
        "rowLim": 1000000,
        "trainTestSplit": 0.85,
        "lookForwardHorizon": 60,
        "representation": "ordervol",
        "labelType": "CATEGORICAL",
        "archive": true
    },
    "metrics": {
        "accuracy": 0.41656828414207103,
        "precision": 0.3991125058624794,
        "recall": 0.39435639102522363,
        "f1": 0.3343660667127972,
        "confusion_matrix": [
            [
                27645,
                782,
                23112
            ],
            [
                20041,
                738,
                23528
            ],
            [
                19499,
                509,
                34071
            ]
        ]
    },
    "metricsStrength": {
        "accuracy@>0.4": 0.4307201497298907,
        "coverage@>0.4": 0.7840253460063366,
        "accuracy@>0.5": 0.4734045297425579,
        "coverage@>0.5": 0.25856928464232115,
        "accuracy@>0.6": 0.5389755011135857,
        "coverage@>0.6": 0.035937968984492245,
        "accuracy@>0.7": 0.5,
        "coverage@>0.7": 0.0006269801567450392,
        "accuracy@>0.8": null,
        "coverage@>0.8": 0.0,
        "accuracy@>0.9": null,
        "coverage@>0.9": 0.0,
        "accuracy@1%_coverage": 0.57104736490994,
        "accuracy@5%_coverage": 0.5284151547491995,
        "accuracy@10%_coverage": 0.5066702241195304,
        "accuracy@25%_coverage": 0.4748005656199141,
        "accuracy@50%_coverage": 0.4519489874869934
    }
}