{
    "run_id": "9vJcX2Tx",
    "datetime": "2025-08-23 20:54:48",
    "meta": {
        "model": "deepLOB_TF",
        "modelKwargs": {
            "shape": [
                100,
                20,
                1
            ]
        },
        "numEpoch": 3,
        "batchSize": 64,
        "ticker": "GOOG",
        "steps": [
            "TRAIN",
            "TEST"
        ],
        "maxFiles": 2,
        "scaling": true,
        "threshold": "auto",
        "rowLim": 1000000,
        "trainTestSplit": 0.9,
        "lookForwardHorizon": 500,
        "representation": "orderfixedvol",
        "labelType": "CATEGORICAL",
        "archive": true
    },
    "metrics": {
        "accuracy": 0.4126042818373706,
        "precision": 0.3267977645385347,
        "recall": 0.3405974363980338,
        "f1": 0.3136389678707987,
        "confusion_matrix": [
            [
                21713,
                840,
                19460
            ],
            [
                9184,
                289,
                9083
            ],
            [
                19010,
                863,
                19048
            ]
        ],
        "categorical_crossentropy": 1.363811307713017
    },
    "metricsStrength": {
        "accuracy@>0.4": 0.41547844374342796,
        "coverage@>0.4": 0.9558749623077696,
        "accuracy@>0.5": 0.4194623821597165,
        "coverage@>0.5": 0.717549502462559,
        "accuracy@>0.6": 0.4215251159975792,
        "coverage@>0.6": 0.4982410292491708,
        "accuracy@>0.7": 0.4197798176328871,
        "coverage@>0.7": 0.3295909136596643,
        "accuracy@>0.8": 0.4177843489280811,
        "coverage@>0.8": 0.19035078902402253,
        "accuracy@>0.9": 0.45355587808417996,
        "coverage@>0.9": 0.041551914765303045
    }
}