{
    "run_id": "Z1SIcwYv",
    "datetime": "2025-08-23 20:06:32",
    "meta": {
        "model": "deepLOB_TF",
        "modelKwargs": {
            "shape": [
                100,
                20,
                1
            ]
        },
        "numEpoch": 3,
        "batchSize": 64,
        "ticker": "GOOG",
        "steps": [
            "TRAIN",
            "TEST"
        ],
        "maxFiles": 2,
        "scaling": true,
        "threshold": "auto",
        "rowLim": 1000000,
        "trainTestSplit": 0.9,
        "lookForwardHorizon": 40,
        "representation": "orderfixedvol",
        "labelType": "CATEGORICAL",
        "archive": true
    },
    "metrics": {
        "accuracy": 0.49157578789394696,
        "precision": 0.4940147560305603,
        "recall": 0.4755373474201808,
        "f1": 0.47957945610532576,
        "confusion_matrix": [
            [
                11416,
                13760,
                4122
            ],
            [
                7506,
                25174,
                9082
            ],
            [
                3532,
                12815,
                12543
            ]
        ],
        "categorical_crossentropy": 1.0085694518118593
    },
    "metricsStrength": {
        "accuracy@>0.4": 0.5099402951163172,
        "coverage@>0.4": 0.7926263131565783,
        "accuracy@>0.5": 0.620251453291875,
        "coverage@>0.5": 0.22202101050525264,
        "accuracy@>0.6": 0.7262468654221231,
        "coverage@>0.6": 0.07181590795397699,
        "accuracy@>0.7": 0.7966101694915254,
        "coverage@>0.7": 0.02420210105052526,
        "accuracy@>0.8": 0.8468809073724007,
        "coverage@>0.8": 0.005292646323161581,
        "accuracy@>0.9": 0.75,
        "coverage@>0.9": 0.000240120060030015
    }
}