{
    "run_id": "kfssOyxa",
    "datetime": "2025-08-26 12:56:29",
    "meta": {
        "model": "deepLOB_TF",
        "modelKwargs": {
            "shape": [
                100,
                20,
                1
            ]
        },
        "numEpoch": 10,
        "batchSize": 64,
        "ticker": "META",
        "steps": [
            "TRAIN",
            "TEST"
        ],
        "maxFiles": 1,
        "scaling": true,
        "threshold": "auto",
        "rowLim": 1000000,
        "trainTestSplit": 0.85,
        "lookForwardHorizon": 80,
        "representation": "orderflows",
        "labelType": "CATEGORICAL",
        "archive": true
    },
    "metrics": {
        "accuracy": 0.3314298637417312,
        "precision": 0.4024541488918489,
        "recall": 0.3670421246076043,
        "f1": 0.29583959706852664,
        "confusion_matrix": [
            [
                9548,
                389,
                6629
            ],
            [
                11082,
                1078,
                9696
            ],
            [
                7241,
                438,
                6960
            ]
        ]
    },
    "metricsStrength": {
        "accuracy@>0.4": 0.33393817353012767,
        "coverage@>0.4": 0.8516801417236766,
        "accuracy@>0.5": 0.3393804192272077,
        "coverage@>0.5": 0.44774881739884287,
        "accuracy@>0.6": 0.32016829533116176,
        "coverage@>0.6": 0.13885904901905355,
        "accuracy@>0.7": 0.32608695652173914,
        "coverage@>0.7": 0.03034243606415258,
        "accuracy@>0.8": 0.5606060606060606,
        "coverage@>0.8": 0.0012438514162944536,
        "accuracy@>0.9": null,
        "coverage@>0.9": 0.0,
        "accuracy@1%_coverage": 0.4169811320754717,
        "accuracy@5%_coverage": 0.3034300791556728,
        "accuracy@10%_coverage": 0.30474934036939316,
        "accuracy@25%_coverage": 0.33546928006030907,
        "accuracy@50%_coverage": 0.33807010931021486
    }
}