{
    "run_id": "w9cv3qof",
    "datetime": "2025-08-26 21:12:34",
    "meta": {
        "model": "deepLOB_TF",
        "modelKwargs": {
            "shape": [
                100,
                20,
                1
            ]
        },
        "numEpoch": 10,
        "batchSize": 64,
        "ticker": "ORCL",
        "steps": [
            "TRAIN",
            "TEST"
        ],
        "maxFiles": 1,
        "scaling": true,
        "threshold": "auto",
        "rowLim": 1000000,
        "trainTestSplit": 0.85,
        "lookForwardHorizon": 60,
        "representation": "orderflows",
        "labelType": "CATEGORICAL",
        "archive": true
    },
    "metrics": {
        "accuracy": 0.34875375812239356,
        "precision": 0.34324994453262087,
        "recall": 0.34330966201214813,
        "f1": 0.3419814212427809,
        "confusion_matrix": [
            [
                1788,
                2305,
                2038
            ],
            [
                2374,
                3365,
                2924
            ],
            [
                1537,
                2252,
                2039
            ]
        ]
    },
    "metricsStrength": {
        "accuracy@>0.4": 0.3581351542265128,
        "coverage@>0.4": 0.6178353215013093,
        "accuracy@>0.5": 0.38454106280193234,
        "coverage@>0.5": 0.10037823683444864,
        "accuracy@>0.6": 0.5454545454545454,
        "coverage@>0.6": 0.008001163805644458,
        "accuracy@>0.7": 1.0,
        "coverage@>0.7": 4.849190185239065e-05,
        "accuracy@>0.8": null,
        "coverage@>0.8": 0.0,
        "accuracy@>0.9": null,
        "coverage@>0.9": 0.0,
        "accuracy@1%_coverage": 0.5145631067961165,
        "accuracy@5%_coverage": 0.40252182347235693,
        "accuracy@10%_coverage": 0.3860329776915616,
        "accuracy@25%_coverage": 0.36314258001939864,
        "accuracy@50%_coverage": 0.3635922800892251
    }
}