{
    "run_id": "C8a3CBPg",
    "datetime": "2025-08-26 17:18:01",
    "meta": {
        "model": "deepLOBREG_TF",
        "modelKwargs": {
            "shape": [
                100,
                20,
                1
            ]
        },
        "numEpoch": 10,
        "batchSize": 64,
        "ticker": "ORCL",
        "steps": [
            "TRAIN",
            "TEST"
        ],
        "maxFiles": 1,
        "scaling": true,
        "threshold": "auto",
        "rowLim": 1000000,
        "trainTestSplit": 0.85,
        "lookForwardHorizon": 60,
        "representation": "orderflows",
        "labelType": "REGRESSION",
        "archive": true
    },
    "metrics": {
        "MSE": 0.33695605397224426,
        "R2": -0.05646681785583496,
        "MAPE": 149.46478271484375,
        "MAE": 0.48270875215530396
    },
    "metricsStrength": {
        "accuracy@>0.1": 0.5243067442656625,
        "coverage@>0.1": 0.5665793812433324,
        "accuracy@>0.2": 0.5499698371204504,
        "coverage@>0.2": 0.2411502279119387,
        "accuracy@>0.3": 0.6107994389901823,
        "coverage@>0.3": 0.06914945204150907,
        "accuracy@>0.4": 0.7535714285714286,
        "coverage@>0.4": 0.013577732518669382,
        "accuracy@>0.5": 0.9032258064516129,
        "coverage@>0.5": 0.0030064979148482205,
        "accuracy@>0.6": 0.9333333333333333,
        "coverage@>0.6": 0.0007273785277858597,
        "accuracy@>0.7": null,
        "coverage@>0.7": 0.0,
        "accuracy@>0.8": null,
        "coverage@>0.8": 0.0,
        "accuracy@>0.9": null,
        "coverage@>0.9": 0.0,
        "accuracy@1%_coverage": 0.7718446601941747,
        "accuracy@5%_coverage": 0.6333656644034917,
        "accuracy@10%_coverage": 0.585838991270611,
        "accuracy@25%_coverage": 0.5487875848690592,
        "accuracy@50%_coverage": 0.5273979245466007
    }
}