{
    "run_id": "BvMtVhmp",
    "datetime": "2025-08-26 10:56:12",
    "meta": {
        "model": "deepLOBREG_TF",
        "modelKwargs": {
            "shape": [
                100,
                20,
                1
            ]
        },
        "numEpoch": 10,
        "batchSize": 64,
        "ticker": "PLTR",
        "steps": [
            "TRAIN",
            "TEST"
        ],
        "maxFiles": 1,
        "scaling": true,
        "threshold": "auto",
        "rowLim": 1000000,
        "trainTestSplit": 0.85,
        "lookForwardHorizon": 60,
        "representation": "orderfixedvol",
        "labelType": "REGRESSION",
        "archive": true
    },
    "metrics": {
        "MSE": 0.502704918384552,
        "R2": 0.044188857078552246,
        "MAPE": 279.78814697265625,
        "MAE": 0.6225432753562927
    },
    "metricsStrength": {
        "accuracy@>0.1": 0.5958513697438574,
        "coverage@>0.1": 0.6517858929464733,
        "accuracy@>0.2": 0.621976106036891,
        "coverage@>0.2": 0.33665499416374856,
        "accuracy@>0.3": 0.6646731654805335,
        "coverage@>0.3": 0.11152909788227447,
        "accuracy@>0.4": 0.6986899563318777,
        "coverage@>0.4": 0.022911455727863933,
        "accuracy@>0.5": 0.8066202090592335,
        "coverage@>0.5": 0.003828580957145239,
        "accuracy@>0.6": 0.9696969696969697,
        "coverage@>0.6": 0.0004402201100550275,
        "accuracy@>0.7": 1.0,
        "coverage@>0.7": 0.00010005002501250626,
        "accuracy@>0.8": null,
        "coverage@>0.8": 0.0,
        "accuracy@>0.9": null,
        "coverage@>0.9": 0.0,
        "accuracy@1%_coverage": 0.7158105403602402,
        "accuracy@5%_coverage": 0.687700106723586,
        "accuracy@10%_coverage": 0.6695570971184632,
        "accuracy@25%_coverage": 0.6329340199034177,
        "accuracy@50%_coverage": 0.6069742002614658
    }
}