{
    "run_id": "jTJjyUUP",
    "datetime": "2025-08-26 11:03:26",
    "meta": {
        "model": "deepLOBREG_TF",
        "modelKwargs": {
            "shape": [
                100,
                20,
                1
            ]
        },
        "numEpoch": 10,
        "batchSize": 64,
        "ticker": "PLTR",
        "steps": [
            "TRAIN",
            "TEST"
        ],
        "maxFiles": 1,
        "scaling": true,
        "threshold": "auto",
        "rowLim": 1000000,
        "trainTestSplit": 0.85,
        "lookForwardHorizon": 80,
        "representation": "orderfixedvol",
        "labelType": "REGRESSION",
        "archive": true
    },
    "metrics": {
        "MSE": 0.505218505859375,
        "R2": 0.02532297372817993,
        "MAPE": 217.13719177246094,
        "MAE": 0.6230002641677856
    },
    "metricsStrength": {
        "accuracy@>0.1": 0.5847232575475214,
        "coverage@>0.1": 0.5727360661752443,
        "accuracy@>0.2": 0.6096600757998648,
        "coverage@>0.2": 0.22705713618625128,
        "accuracy@>0.3": 0.629348513598988,
        "coverage@>0.3": 0.05273339781861846,
        "accuracy@>0.4": 0.6353829557713053,
        "coverage@>0.4": 0.00618391648043761,
        "accuracy@>0.5": 0.4649122807017544,
        "coverage@>0.5": 0.0007604816383709683,
        "accuracy@>0.6": 0.9230769230769231,
        "coverage@>0.6": 8.672159034054901e-05,
        "accuracy@>0.7": 1.0,
        "coverage@>0.7": 6.670891564657616e-06,
        "accuracy@>0.8": null,
        "coverage@>0.8": 0.0,
        "accuracy@>0.9": null,
        "coverage@>0.9": 0.0,
        "accuracy@1%_coverage": 0.6490993995997332,
        "accuracy@5%_coverage": 0.6321547698465644,
        "accuracy@10%_coverage": 0.6253502334889927,
        "accuracy@25%_coverage": 0.6058544134913011,
        "accuracy@50%_coverage": 0.5885500053367488
    }
}