{
    "run_id": "Lx2oJFwW",
    "datetime": "2025-08-25 16:18:39",
    "meta": {
        "model": "deepLOB_TF",
        "modelKwargs": {
            "shape": [
                100,
                20,
                1
            ]
        },
        "numEpoch": 10,
        "batchSize": 64,
        "ticker": "TSLA",
        "steps": [
            "TRAIN",
            "TEST"
        ],
        "maxFiles": 1,
        "scaling": true,
        "threshold": "auto",
        "rowLim": 1000000,
        "trainTestSplit": 0.85,
        "lookForwardHorizon": 10,
        "representation": "ordervol",
        "labelType": "CATEGORICAL",
        "archive": true
    },
    "metrics": {
        "accuracy": 0.48321386897816304,
        "precision": 0.47859013645638243,
        "recall": 0.46767026791688787,
        "f1": 0.47158155762942894,
        "confusion_matrix": [
            [
                18130,
                18940,
                4717
            ],
            [
                16260,
                37474,
                13471
            ],
            [
                5358,
                18759,
                16866
            ]
        ]
    },
    "metricsStrength": {
        "accuracy@>0.4": 0.4923873976929719,
        "coverage@>0.4": 0.9034772462077013,
        "accuracy@>0.5": 0.54838276741377,
        "coverage@>0.5": 0.2980896816136023,
        "accuracy@>0.6": 0.6204158244296852,
        "coverage@>0.6": 0.04618103017169528,
        "accuracy@>0.7": 0.7272727272727273,
        "coverage@>0.7": 0.0022737122853808966,
        "accuracy@>0.8": 1.0,
        "coverage@>0.8": 2.0003333888981497e-05,
        "accuracy@>0.9": null,
        "coverage@>0.9": 0.0,
        "accuracy@1%_coverage": 0.6904603068712475,
        "accuracy@5%_coverage": 0.6172312616697786,
        "accuracy@10%_coverage": 0.5875841835033674,
        "accuracy@25%_coverage": 0.5557570746539354,
        "accuracy@50%_coverage": 0.5248109672343206
    }
}