{
    "run_id": "JAxvq41l",
    "datetime": "2025-08-26 14:44:16",
    "meta": {
        "model": "deepLOBREG_TF",
        "modelKwargs": {
            "shape": [
                100,
                20,
                1
            ]
        },
        "numEpoch": 10,
        "batchSize": 64,
        "ticker": "TSLA",
        "steps": [
            "TRAIN",
            "TEST"
        ],
        "maxFiles": 1,
        "scaling": true,
        "threshold": "auto",
        "rowLim": 1000000,
        "trainTestSplit": 0.85,
        "lookForwardHorizon": 20,
        "representation": "ordervol",
        "labelType": "REGRESSION",
        "archive": true
    },
    "metrics": {
        "MSE": 0.28720659017562866,
        "R2": 0.13885962963104248,
        "MAPE": 723.2557983398438,
        "MAE": 0.43343278765678406
    },
    "metricsStrength": {
        "accuracy@>0.1": 0.673696267947682,
        "coverage@>0.1": 0.7509685593305104,
        "accuracy@>0.2": 0.7068699293378696,
        "coverage@>0.2": 0.5095855699663254,
        "accuracy@>0.3": 0.7446813362216395,
        "coverage@>0.3": 0.2924349014770113,
        "accuracy@>0.4": 0.7812449299659294,
        "coverage@>0.4": 0.12330210382422566,
        "accuracy@>0.5": 0.8345734126984127,
        "coverage@>0.5": 0.026886273463808223,
        "accuracy@>0.6": 0.9285714285714286,
        "coverage@>0.6": 0.001026906278131564,
        "accuracy@>0.7": null,
        "coverage@>0.7": 0.0,
        "accuracy@>0.8": null,
        "coverage@>0.8": 0.0,
        "accuracy@>0.9": null,
        "coverage@>0.9": 0.0,
        "accuracy@1%_coverage": 0.8525683789192795,
        "accuracy@5%_coverage": 0.8064817284609229,
        "accuracy@10%_coverage": 0.7888770338757002,
        "accuracy@25%_coverage": 0.7531940999173135,
        "accuracy@50%_coverage": 0.7085433837454322
    }
}