{
    "run_id": "4tr05EGG",
    "datetime": "2025-08-25 18:48:17",
    "meta": {
        "model": "deepLOB_TF",
        "modelKwargs": {
            "shape": [
                100,
                20,
                1
            ]
        },
        "numEpoch": 10,
        "batchSize": 64,
        "ticker": "TSLA",
        "steps": [
            "TRAIN",
            "TEST"
        ],
        "maxFiles": 1,
        "scaling": true,
        "threshold": "auto",
        "rowLim": 1000000,
        "trainTestSplit": 0.85,
        "lookForwardHorizon": 100,
        "representation": "orderflows",
        "labelType": "CATEGORICAL",
        "archive": true
    },
    "metrics": {
        "accuracy": 0.39496,
        "precision": 0.3764781153258933,
        "recall": 0.4268545151670901,
        "f1": 0.32781135443090864,
        "confusion_matrix": [
            [
                28523,
                199,
                16972
            ],
            [
                28509,
                210,
                28841
            ],
            [
                16025,
                210,
                30511
            ]
        ]
    },
    "metricsStrength": {
        "accuracy@>0.4": 0.42505221651798786,
        "coverage@>0.4": 0.6830533333333333,
        "accuracy@>0.5": 0.4889796578638735,
        "coverage@>0.5": 0.16484666666666667,
        "accuracy@>0.6": 0.5426356589147286,
        "coverage@>0.6": 0.00258,
        "accuracy@>0.7": 0.375,
        "coverage@>0.7": 0.0002666666666666667,
        "accuracy@>0.8": 0.14285714285714285,
        "coverage@>0.8": 4.6666666666666665e-05,
        "accuracy@>0.9": null,
        "coverage@>0.9": 0.0,
        "accuracy@1%_coverage": 0.534,
        "accuracy@5%_coverage": 0.5193333333333333,
        "accuracy@10%_coverage": 0.5028666666666667,
        "accuracy@25%_coverage": 0.472,
        "accuracy@50%_coverage": 0.4441466666666667
    }
}