{
    "run_id": "AzeAu4hD",
    "datetime": "2025-08-19 16:33:00",
    "meta": {
        "model": "deepLOB_TF",
        "modelKwargs": {
            "shape": [
                100,
                20,
                1
            ]
        },
        "numEpoch": 3,
        "batchSize": 64,
        "ticker": "GOOG",
        "steps": [
            "TRAIN",
            "TEST"
        ],
        "maxFiles": 2,
        "scaling": true,
        "threshold": "auto",
        "rowLim": 1000000,
        "trainTestSplit": 0.9,
        "lookForwardHorizon": 40,
        "representation": "orderflows",
        "labelType": "CATEGORICAL",
        "archive": true
    },
    "metrics": {
        "accuracy": 0.50262,
        "precision": 0.511415345460083,
        "recall": 0.4949140585554517,
        "f1": 0.4938789444108005,
        "confusion_matrix": [
            [
                10548,
                13058,
                5484
            ],
            [
                5594,
                23528,
                13205
            ],
            [
                2596,
                9801,
                16186
            ]
        ],
        "categorical_crossentropy": 0.9721639515615595
    },
    "metricsStrength": {
        "accuracy@>0.4": 0.5137860649859326,
        "coverage@>0.4": 0.90635,
        "accuracy@>0.5": 0.5866562185156162,
        "coverage@>0.5": 0.44665,
        "accuracy@>0.6": 0.6849100041858518,
        "coverage@>0.6": 0.19112,
        "accuracy@>0.7": 0.7923411856648431,
        "coverage@>0.7": 0.08957,
        "accuracy@>0.8": 0.869988137603796,
        "coverage@>0.8": 0.04215,
        "accuracy@>0.9": 0.9249304911955515,
        "coverage@>0.9": 0.01079
    }
}