{
    "run_id": "Uy0hBDlO",
    "datetime": "2025-08-19 17:10:33",
    "meta": {
        "model": "deepLOBREG_TF",
        "modelKwargs": {
            "shape": [
                100,
                20,
                1
            ]
        },
        "numEpoch": 3,
        "batchSize": 64,
        "ticker": "GOOG",
        "steps": [
            "TRAIN",
            "TEST"
        ],
        "maxFiles": 2,
        "scaling": true,
        "threshold": "auto",
        "rowLim": 1000000,
        "trainTestSplit": 0.9,
        "lookForwardHorizon": 20,
        "representation": "orderfixedvol",
        "labelType": "REGRESSION",
        "archive": true
    },
    "metrics": {
        "MSE": 0.36719340085983276,
        "R2": -0.05603623390197754,
        "MAPE": 3603.462158203125,
        "MAE": 0.43807175755500793
    },
    "metricsStrength": {
        "accuracy@>0.4": 0.7795883361921098,
        "coverage@>0.4": 0.011661049494454501,
        "accuracy@>0.5": 0.9028571428571428,
        "coverage@>0.5": 0.0017501575141762758,
        "accuracy@>0.6": 1.0,
        "coverage@>0.6": 5.0004500405036456e-05,
        "accuracy@>0.7": null,
        "coverage@>0.7": 0.0,
        "accuracy@>0.8": null,
        "coverage@>0.8": 0.0,
        "accuracy@>0.9": null,
        "coverage@>0.9": 0.0
    }
}