{
    "run_id": "OfYsxmDa",
    "datetime": "2025-08-19 18:04:40",
    "meta": {
        "model": "deepLOBREG_TF",
        "modelKwargs": {
            "shape": [
                100,
                20,
                1
            ]
        },
        "numEpoch": 3,
        "batchSize": 64,
        "ticker": "GOOG",
        "steps": [
            "TRAIN",
            "TEST"
        ],
        "maxFiles": 2,
        "scaling": true,
        "threshold": "auto",
        "rowLim": 1000000,
        "trainTestSplit": 0.9,
        "lookForwardHorizon": 100,
        "representation": "orderfixedvol",
        "labelType": "REGRESSION",
        "archive": true
    },
    "metrics": {
        "MSE": 0.5713634490966797,
        "R2": -0.2593928575515747,
        "MAPE": 2039.8563232421875,
        "MAE": 0.6374003887176514
    },
    "metricsStrength": {
        "accuracy@>0.4": 0.5014946855624446,
        "coverage@>0.4": 0.3613125181266314,
        "accuracy@>0.5": 0.49864373816469626,
        "coverage@>0.5": 0.19540758668280145,
        "accuracy@>0.6": 0.4904689863842663,
        "coverage@>0.6": 0.06610594953545819,
        "accuracy@>0.7": 0.41839080459770117,
        "coverage@>0.7": 0.008700783070476344,
        "accuracy@>0.8": 0.10344827586206896,
        "coverage@>0.8": 0.00029002610234921144,
        "accuracy@>0.9": null,
        "coverage@>0.9": 0.0
    }
}