{
    "run_id": "oUGf0GcE",
    "datetime": "2025-08-19 17:38:11",
    "meta": {
        "model": "deepLOB_TF",
        "modelKwargs": {
            "shape": [
                100,
                20,
                1
            ]
        },
        "numEpoch": 3,
        "batchSize": 64,
        "ticker": "GOOG",
        "steps": [
            "TRAIN",
            "TEST"
        ],
        "maxFiles": 1,
        "scaling": true,
        "threshold": "auto",
        "rowLim": 1000000,
        "trainTestSplit": 0.9,
        "lookForwardHorizon": 50,
        "representation": "ordervol",
        "labelType": "CATEGORICAL",
        "archive": true
    },
    "metrics": {
        "accuracy": 0.33432008880799274,
        "precision": 0.3377653513720789,
        "recall": 0.3340299670276006,
        "f1": 0.3317335211772412,
        "confusion_matrix": [
            [
                11985,
                9646,
                9065
            ],
            [
                15680,
                13053,
                10229
            ],
            [
                13485,
                8457,
                8391
            ]
        ],
        "categorical_crossentropy": 1.0999953290683842
    },
    "metricsStrength": {
        "accuracy@>0.4": 0.4406983744732089,
        "coverage@>0.4": 0.03322299006910622,
        "accuracy@>0.5": 0.5384615384615384,
        "coverage@>0.5": 0.00026002340210618956,
        "accuracy@>0.6": null,
        "coverage@>0.6": 0.0,
        "accuracy@>0.7": null,
        "coverage@>0.7": 0.0,
        "accuracy@>0.8": null,
        "coverage@>0.8": 0.0,
        "accuracy@>0.9": null,
        "coverage@>0.9": 0.0
    }
}