{
    "run_id": "gbTyIISR",
    "datetime": "2025-08-19 16:16:29",
    "meta": {
        "model": "deepLOB_TF",
        "modelKwargs": {
            "shape": [
                100,
                20,
                1
            ]
        },
        "numEpoch": 5,
        "batchSize": 64,
        "ticker": "GOOG",
        "steps": [
            "TRAIN",
            "TEST"
        ],
        "maxFiles": 1,
        "scaling": true,
        "threshold": "auto",
        "rowLim": 1000000,
        "trainTestSplit": 0.9,
        "lookForwardHorizon": 30,
        "representation": "orderfixedvol",
        "labelType": "CATEGORICAL",
        "archive": true
    },
    "metrics": {
        "accuracy": 0.4051964676820914,
        "precision": 0.3363523317840547,
        "recall": 0.33228177392219005,
        "f1": 0.3226357624662109,
        "confusion_matrix": [
            [
                3208,
                15704,
                6395
            ],
            [
                5429,
                31297,
                13051
            ],
            [
                3021,
                15875,
                6011
            ]
        ],
        "categorical_crossentropy": 1.1122985605868754
    },
    "metricsStrength": {
        "accuracy@>0.4": 0.4072439915490656,
        "coverage@>0.4": 0.8567871108399756,
        "accuracy@>0.5": 0.4111960081085296,
        "coverage@>0.5": 0.25654308887799904,
        "accuracy@>0.6": 0.4246575342465753,
        "coverage@>0.6": 0.05402486223760138,
        "accuracy@>0.7": 0.23367697594501718,
        "coverage@>0.7": 0.0029102619235731216,
        "accuracy@>0.8": 0.0,
        "coverage@>0.8": 9.000810072906561e-05,
        "accuracy@>0.9": null,
        "coverage@>0.9": 0.0
    }
}