{
    "run_id": "8dKsVvUg",
    "datetime": "2025-08-19 17:25:06",
    "meta": {
        "model": "deepLOB_TF",
        "modelKwargs": {
            "shape": [
                100,
                20,
                1
            ]
        },
        "numEpoch": 3,
        "batchSize": 64,
        "ticker": "GOOG",
        "steps": [
            "TRAIN",
            "TEST"
        ],
        "maxFiles": 1,
        "scaling": true,
        "threshold": "auto",
        "rowLim": 1000000,
        "trainTestSplit": 0.9,
        "lookForwardHorizon": 30,
        "representation": "ordervol",
        "labelType": "CATEGORICAL",
        "archive": true
    },
    "metrics": {
        "accuracy": 0.4196077646988229,
        "precision": 0.35740432147135026,
        "recall": 0.3560042886126023,
        "f1": 0.35188075049760625,
        "confusion_matrix": [
            [
                4484,
                14491,
                6332
            ],
            [
                8085,
                30593,
                11099
            ],
            [
                3866,
                14161,
                6880
            ]
        ],
        "categorical_crossentropy": 1.1000588967234717
    },
    "metricsStrength": {
        "accuracy@>0.4": 0.4257126603880918,
        "coverage@>0.4": 0.7911212009080817,
        "accuracy@>0.5": 0.3486346353266505,
        "coverage@>0.5": 0.14466301967177045,
        "accuracy@>0.6": 0.33139909735654416,
        "coverage@>0.6": 0.015511396025642308,
        "accuracy@>0.7": 0.28,
        "coverage@>0.7": 0.00025002250202518225,
        "accuracy@>0.8": null,
        "coverage@>0.8": 0.0,
        "accuracy@>0.9": null,
        "coverage@>0.9": 0.0
    }
}