{
    "run_id": "nzJBMq3u",
    "datetime": "2025-08-26 12:28:53",
    "meta": {
        "model": "deepLOB_TF",
        "modelKwargs": {
            "shape": [
                100,
                20,
                1
            ]
        },
        "numEpoch": 10,
        "batchSize": 64,
        "ticker": "NVDA",
        "steps": [
            "TRAIN",
            "TEST"
        ],
        "maxFiles": 1,
        "scaling": true,
        "threshold": "auto",
        "rowLim": 1000000,
        "trainTestSplit": 0.85,
        "lookForwardHorizon": 40,
        "representation": "orderfixedvol",
        "labelType": "CATEGORICAL",
        "archive": true
    },
    "metrics": {
        "accuracy": 0.4615959185034513,
        "precision": 0.4458389326288543,
        "recall": 0.42825064243089345,
        "f1": 0.4283130355047715,
        "confusion_matrix": [
            [
                15445,
                21890,
                6089
            ],
            [
                13065,
                41951,
                10305
            ],
            [
                7447,
                21935,
                11818
            ]
        ]
    },
    "metricsStrength": {
        "accuracy@>0.4": 0.4815522210531131,
        "coverage@>0.4": 0.5831204775084198,
        "accuracy@>0.5": 0.6192218157632191,
        "coverage@>0.5": 0.08021607922905065,
        "accuracy@>0.6": 0.7166386554621849,
        "coverage@>0.6": 0.019840608223015106,
        "accuracy@>0.7": 0.8096330275229358,
        "coverage@>0.7": 0.00290773283537297,
        "accuracy@>0.8": 1.0,
        "coverage@>0.8": 2.000733602320851e-05,
        "accuracy@>0.9": null,
        "coverage@>0.9": 0.0,
        "accuracy@1%_coverage": 0.7791861240827218,
        "accuracy@5%_coverage": 0.6627984527144191,
        "accuracy@10%_coverage": 0.5985727624383087,
        "accuracy@25%_coverage": 0.5174998666168703,
        "accuracy@50%_coverage": 0.48551459211438935
    }
}