{
    "run_id": "dIu6DfCk",
    "datetime": "2025-08-26 22:31:05",
    "meta": {
        "model": "deepLOB_TF",
        "modelKwargs": {
            "shape": [
                100,
                20,
                1
            ]
        },
        "numEpoch": 10,
        "batchSize": 64,
        "ticker": "BAC",
        "steps": [
            "TRAIN",
            "TEST"
        ],
        "maxFiles": 1,
        "scaling": true,
        "threshold": "auto",
        "rowLim": 1000000,
        "trainTestSplit": 0.85,
        "lookForwardHorizon": 40,
        "representation": "orderflows",
        "labelType": "CATEGORICAL",
        "archive": true
    },
    "metrics": {
        "accuracy": 0.7828996092652655,
        "precision": 0.7252379425316103,
        "recall": 0.5636845094623918,
        "f1": 0.6097220314490756,
        "confusion_matrix": [
            [
                2179,
                3227,
                301
            ],
            [
                844,
                26447,
                461
            ],
            [
                344,
                3324,
                2030
            ]
        ]
    },
    "metricsStrength": {
        "accuracy@>0.4": 0.7829540520522055,
        "coverage@>0.4": 0.9998978471282274,
        "accuracy@>0.5": 0.7880320050040397,
        "coverage@>0.5": 0.9798758842607963,
        "accuracy@>0.6": 0.828422609874869,
        "coverage@>0.6": 0.8286130193835074,
        "accuracy@>0.7": 0.8602307753102031,
        "coverage@>0.7": 0.6462701432694027,
        "accuracy@>0.8": 0.9053092501368364,
        "coverage@>0.8": 0.27994994509283144,
        "accuracy@>0.9": 0.9730423620025674,
        "coverage@>0.9": 0.05968281533314605,
        "accuracy@1%_coverage": 0.9923273657289002,
        "accuracy@5%_coverage": 0.9713847726111395,
        "accuracy@10%_coverage": 0.9614303959131545,
        "accuracy@25%_coverage": 0.9134743078966187,
        "accuracy@50%_coverage": 0.8795586883236286
    }
}