{
    "run_id": "YYsSl1cX",
    "datetime": "2025-08-26 22:50:02",
    "meta": {
        "model": "deepLOB_TF",
        "modelKwargs": {
            "shape": [
                100,
                20,
                1
            ]
        },
        "numEpoch": 10,
        "batchSize": 64,
        "ticker": "BAC",
        "steps": [
            "TRAIN",
            "TEST"
        ],
        "maxFiles": 1,
        "scaling": true,
        "threshold": "auto",
        "rowLim": 1000000,
        "trainTestSplit": 0.85,
        "lookForwardHorizon": 100,
        "representation": "orderflows",
        "labelType": "CATEGORICAL",
        "archive": true
    },
    "metrics": {
        "accuracy": 0.5716039593830728,
        "precision": 0.6280453503531341,
        "recall": 0.4923892013478704,
        "f1": 0.4931443384566354,
        "confusion_matrix": [
            [
                4373,
                5681,
                388
            ],
            [
                2093,
                15993,
                461
            ],
            [
                358,
                7768,
                1982
            ]
        ]
    },
    "metricsStrength": {
        "accuracy@>0.4": 0.5715930607440766,
        "coverage@>0.4": 0.999616338849528,
        "accuracy@>0.5": 0.5927167113494192,
        "coverage@>0.5": 0.8013914111057114,
        "accuracy@>0.6": 0.6644215530903328,
        "coverage@>0.6": 0.3227869145970279,
        "accuracy@>0.7": 0.7349448685326548,
        "coverage@>0.7": 0.12062306570836637,
        "accuracy@>0.8": 0.6983240223463687,
        "coverage@>0.8": 0.004578356395631379,
        "accuracy@>0.9": null,
        "coverage@>0.9": 0.0,
        "accuracy@1%_coverage": 0.7025641025641025,
        "accuracy@5%_coverage": 0.7175025588536336,
        "accuracy@10%_coverage": 0.7375287797390637,
        "accuracy@25%_coverage": 0.6862083077552691,
        "accuracy@50%_coverage": 0.6293226928586044
    }
}