{
    "run_id": "17X5Wxty",
    "datetime": "2025-08-25 18:24:43",
    "meta": {
        "model": "deepLOB_TF",
        "modelKwargs": {
            "shape": [
                100,
                40,
                1
            ]
        },
        "numEpoch": 10,
        "batchSize": 64,
        "ticker": "ORCL",
        "steps": [
            "TRAIN",
            "TEST"
        ],
        "maxFiles": 1,
        "scaling": true,
        "threshold": "auto",
        "rowLim": 1000000,
        "trainTestSplit": 0.85,
        "lookForwardHorizon": 100,
        "representation": "orderbooks",
        "labelType": "CATEGORICAL",
        "archive": true
    },
    "metrics": {
        "accuracy": 0.3130071425100821,
        "precision": 0.33306334977137153,
        "recall": 0.3305032916584636,
        "f1": 0.3055609927881431,
        "confusion_matrix": [
            [
                1273,
                1810,
                2936
            ],
            [
                1872,
                2824,
                5096
            ],
            [
                905,
                1520,
                2345
            ]
        ]
    },
    "metricsStrength": {
        "accuracy@>0.4": 0.31286165815706296,
        "coverage@>0.4": 0.9992225839366405,
        "accuracy@>0.5": 0.3111455108359133,
        "coverage@>0.5": 0.9730333803022205,
        "accuracy@>0.6": 0.30013481631277383,
        "coverage@>0.6": 0.8649725474952626,
        "accuracy@>0.7": 0.28853601859024014,
        "coverage@>0.7": 0.7527331033477479,
        "accuracy@>0.8": 0.2648193340155869,
        "coverage@>0.8": 0.6172197658034109,
        "accuracy@>0.9": 0.24229398196686935,
        "coverage@>0.9": 0.4634371507701278,
        "accuracy@1%_coverage": 0.28292682926829266,
        "accuracy@5%_coverage": 0.21379980563654033,
        "accuracy@10%_coverage": 0.21914480077745385,
        "accuracy@25%_coverage": 0.2206025267249757,
        "accuracy@50%_coverage": 0.2467444120505345
    }
}