{
    "run_id": "4dj0Dynx",
    "datetime": "2025-08-25 18:10:57",
    "meta": {
        "model": "deepLOB_TF",
        "modelKwargs": {
            "shape": [
                100,
                40,
                1
            ]
        },
        "numEpoch": 10,
        "batchSize": 64,
        "ticker": "BAC",
        "steps": [
            "TRAIN",
            "TEST"
        ],
        "maxFiles": 1,
        "scaling": true,
        "threshold": "auto",
        "rowLim": 1000000,
        "trainTestSplit": 0.85,
        "lookForwardHorizon": 100,
        "representation": "orderbooks",
        "labelType": "CATEGORICAL",
        "archive": true
    },
    "metrics": {
        "accuracy": 0.43715469613259667,
        "precision": 0.4318761704917544,
        "recall": 0.4334048462492566,
        "f1": 0.4307359830985389,
        "confusion_matrix": [
            [
                4798,
                4672,
                972
            ],
            [
                6091,
                8341,
                4114
            ],
            [
                1792,
                4364,
                3952
            ]
        ]
    },
    "metricsStrength": {
        "accuracy@>0.4": 0.4395899629610308,
        "coverage@>0.4": 0.9806118272969102,
        "accuracy@>0.5": 0.44686084530701625,
        "coverage@>0.5": 0.8526959279721711,
        "accuracy@>0.6": 0.4475170727594638,
        "coverage@>0.6": 0.6067628401882545,
        "accuracy@>0.7": 0.45776210993602295,
        "coverage@>0.7": 0.391804788213628,
        "accuracy@>0.8": 0.4641599774679623,
        "coverage@>0.8": 0.18162983425414364,
        "accuracy@>0.9": 0.9593220338983051,
        "coverage@>0.9": 0.0075455289543687335,
        "accuracy@1%_coverage": 0.8307692307692308,
        "accuracy@5%_coverage": 0.5491299897645855,
        "accuracy@10%_coverage": 0.480685597339473,
        "accuracy@25%_coverage": 0.46920401064047473,
        "accuracy@50%_coverage": 0.45140167792101493
    }
}