{
    "run_id": "1pIsJ3R2",
    "datetime": "2025-08-26 13:20:41",
    "meta": {
        "model": "deepLOB_TF",
        "modelKwargs": {
            "shape": [
                100,
                20,
                1
            ]
        },
        "numEpoch": 10,
        "batchSize": 64,
        "ticker": "JPM",
        "steps": [
            "TRAIN",
            "TEST"
        ],
        "maxFiles": 1,
        "scaling": true,
        "threshold": "auto",
        "rowLim": 1000000,
        "trainTestSplit": 0.85,
        "lookForwardHorizon": 40,
        "representation": "orderfixedvol",
        "labelType": "CATEGORICAL",
        "archive": true
    },
    "metrics": {
        "accuracy": 0.4606337704163791,
        "precision": 0.40268036955634856,
        "recall": 0.4120129779615702,
        "f1": 0.3607620066933876,
        "confusion_matrix": [
            [
                9830,
                223,
                4228
            ],
            [
                5052,
                187,
                3871
            ],
            [
                5152,
                231,
                6002
            ]
        ]
    },
    "metricsStrength": {
        "accuracy@>0.4": 0.4867822000293729,
        "coverage@>0.4": 0.7831838049229354,
        "accuracy@>0.5": 0.5360602048637726,
        "coverage@>0.5": 0.41266965723487464,
        "accuracy@>0.6": 0.5687672827827099,
        "coverage@>0.6": 0.19757878997009432,
        "accuracy@>0.7": 0.5991068361387839,
        "coverage@>0.7": 0.08370715435932827,
        "accuracy@>0.8": 0.6728110599078341,
        "coverage@>0.8": 0.018719806763285024,
        "accuracy@>0.9": 1.0,
        "coverage@>0.9": 0.00040257648953301127,
        "accuracy@1%_coverage": 0.7175792507204611,
        "accuracy@5%_coverage": 0.6300345224395857,
        "accuracy@10%_coverage": 0.5967788323267185,
        "accuracy@25%_coverage": 0.5586611456176673,
        "accuracy@50%_coverage": 0.5243271221532091
    }
}