{
    "run_id": "q9lfN7tr",
    "datetime": "2025-08-26 13:23:01",
    "meta": {
        "model": "deepLOB_TF",
        "modelKwargs": {
            "shape": [
                100,
                20,
                1
            ]
        },
        "numEpoch": 10,
        "batchSize": 64,
        "ticker": "JPM",
        "steps": [
            "TRAIN",
            "TEST"
        ],
        "maxFiles": 1,
        "scaling": true,
        "threshold": "auto",
        "rowLim": 1000000,
        "trainTestSplit": 0.85,
        "lookForwardHorizon": 60,
        "representation": "orderfixedvol",
        "labelType": "CATEGORICAL",
        "archive": true
    },
    "metrics": {
        "accuracy": 0.4095120267004258,
        "precision": 0.41765215466961364,
        "recall": 0.38826365101810184,
        "f1": 0.33421225054995757,
        "confusion_matrix": [
            [
                7334,
                203,
                4272
            ],
            [
                5465,
                286,
                4367
            ],
            [
                6040,
                176,
                6613
            ]
        ]
    },
    "metricsStrength": {
        "accuracy@>0.4": 0.42691095350669817,
        "coverage@>0.4": 0.7302336287259754,
        "accuracy@>0.5": 0.45171849427168576,
        "coverage@>0.5": 0.17579698469329036,
        "accuracy@>0.6": 0.5083240843507214,
        "coverage@>0.6": 0.025923581539878008,
        "accuracy@>0.7": 0.31,
        "coverage@>0.7": 0.0028772010588099897,
        "accuracy@>0.8": null,
        "coverage@>0.8": 0.0,
        "accuracy@>0.9": null,
        "coverage@>0.9": 0.0,
        "accuracy@1%_coverage": 0.5244956772334294,
        "accuracy@5%_coverage": 0.4784110535405872,
        "accuracy@10%_coverage": 0.45007194244604315,
        "accuracy@25%_coverage": 0.4468868684543676,
        "accuracy@50%_coverage": 0.42582575670387846
    }
}