{
    "run_id": "SoHdQWeT",
    "datetime": "2025-08-26 10:29:10",
    "meta": {
        "model": "deepLOB_TF",
        "modelKwargs": {
            "shape": [
                100,
                40,
                1
            ]
        },
        "numEpoch": 10,
        "batchSize": 64,
        "ticker": "META",
        "steps": [
            "TRAIN",
            "TEST"
        ],
        "maxFiles": 1,
        "scaling": true,
        "threshold": "auto",
        "rowLim": 1000000,
        "trainTestSplit": 0.85,
        "lookForwardHorizon": 100,
        "representation": "orderbooks",
        "labelType": "CATEGORICAL",
        "archive": true
    },
    "metrics": {
        "accuracy": 0.3361236802413273,
        "precision": 0.32802748969650697,
        "recall": 0.3281098009525758,
        "f1": 0.32682400028543607,
        "confusion_matrix": [
            [
                4339,
                6483,
                5701
            ],
            [
                6194,
                8860,
                6981
            ],
            [
                3893,
                5960,
                4629
            ]
        ]
    },
    "metricsStrength": {
        "accuracy@>0.4": 0.335765316757945,
        "coverage@>0.4": 0.9948906485671192,
        "accuracy@>0.5": 0.3333266096498306,
        "coverage@>0.5": 0.9346907993966818,
        "accuracy@>0.6": 0.32936875579036984,
        "coverage@>0.6": 0.7529600301659125,
        "accuracy@>0.7": 0.32300072164272126,
        "coverage@>0.7": 0.5747737556561086,
        "accuracy@>0.8": 0.31008540056933714,
        "coverage@>0.8": 0.3708898944193062,
        "accuracy@>0.9": 0.2934869739478958,
        "coverage@>0.9": 0.18815987933634992,
        "accuracy@1%_coverage": 0.25660377358490566,
        "accuracy@5%_coverage": 0.33559577677224733,
        "accuracy@10%_coverage": 0.3178733031674208,
        "accuracy@25%_coverage": 0.29796380090497737,
        "accuracy@50%_coverage": 0.3206636500754148
    }
}