{
    "run_id": "p6tjEvJ1",
    "datetime": "2025-08-25 19:11:36",
    "meta": {
        "model": "deepLOBREG_TF",
        "modelKwargs": {
            "shape": [
                100,
                40,
                1
            ]
        },
        "numEpoch": 10,
        "batchSize": 64,
        "ticker": "NFLX",
        "steps": [
            "TRAIN",
            "TEST"
        ],
        "maxFiles": 1,
        "scaling": true,
        "threshold": "auto",
        "rowLim": 1000000,
        "trainTestSplit": 0.85,
        "lookForwardHorizon": 60,
        "representation": "orderbooks",
        "labelType": "REGRESSION",
        "archive": true
    },
    "metrics": {
        "MSE": 0.3799860179424286,
        "R2": -0.27603983879089355,
        "MAPE": 200.3193359375,
        "MAE": 0.5043489336967468
    },
    "metricsStrength": {
        "accuracy@>0.1": 0.4801039083717086,
        "coverage@>0.1": 0.7304010349288487,
        "accuracy@>0.2": 0.4737566683875409,
        "coverage@>0.2": 0.5011642949547218,
        "accuracy@>0.3": 0.481903093987157,
        "coverage@>0.3": 0.29547218628719274,
        "accuracy@>0.4": 0.49790544584081387,
        "coverage@>0.4": 0.14411384217335058,
        "accuracy@>0.5": 0.4888888888888889,
        "coverage@>0.5": 0.050452781371280724,
        "accuracy@>0.6": 0.84,
        "coverage@>0.6": 0.00646830530401035,
        "accuracy@>0.7": 1.0,
        "coverage@>0.7": 0.0008624407072013799,
        "accuracy@>0.8": null,
        "coverage@>0.8": 0.0,
        "accuracy@>0.9": null,
        "coverage@>0.9": 0.0,
        "accuracy@1%_coverage": 0.808695652173913,
        "accuracy@5%_coverage": 0.4853195164075993,
        "accuracy@10%_coverage": 0.48921484037963764,
        "accuracy@25%_coverage": 0.47860593512767424,
        "accuracy@50%_coverage": 0.47421079868897703
    }
}