{
    "run_id": "k8oE7CUY",
    "datetime": "2025-08-25 15:30:23",
    "meta": {
        "model": "deepLOBREG_TF",
        "modelKwargs": {
            "shape": [
                100,
                40,
                1
            ]
        },
        "numEpoch": 10,
        "batchSize": 64,
        "ticker": "GOOG",
        "steps": [
            "TRAIN",
            "TEST"
        ],
        "maxFiles": 1,
        "scaling": true,
        "threshold": "auto",
        "rowLim": 1000000,
        "trainTestSplit": 0.85,
        "lookForwardHorizon": 20,
        "representation": "orderbooks",
        "labelType": "REGRESSION",
        "archive": true
    },
    "metrics": {
        "MSE": 0.2887153923511505,
        "R2": 0.1926364302635193,
        "MAPE": 5419.1279296875,
        "MAE": 0.4165918231010437
    },
    "metricsStrength": {
        "accuracy@>0.1": 0.6597963935877451,
        "coverage@>0.1": 0.69284,
        "accuracy@>0.2": 0.6950605545770532,
        "coverage@>0.2": 0.42771333333333333,
        "accuracy@>0.3": 0.7299243279873503,
        "coverage@>0.3": 0.23610666666666666,
        "accuracy@>0.4": 0.7744047274201958,
        "coverage@>0.4": 0.11507333333333333,
        "accuracy@>0.5": 0.8152415870106062,
        "coverage@>0.5": 0.05091333333333333,
        "accuracy@>0.6": 0.844140625,
        "coverage@>0.6": 0.017066666666666667,
        "accuracy@>0.7": 0.8639705882352942,
        "coverage@>0.7": 0.0036266666666666665,
        "accuracy@>0.8": 0.9661016949152542,
        "coverage@>0.8": 0.0003933333333333333,
        "accuracy@>0.9": null,
        "coverage@>0.9": 0.0,
        "accuracy@1%_coverage": 0.8506666666666667,
        "accuracy@5%_coverage": 0.8158666666666666,
        "accuracy@10%_coverage": 0.7822,
        "accuracy@25%_coverage": 0.7265066666666666,
        "accuracy@50%_coverage": 0.6843866666666667
    }
}