{
    "run_id": "KroVsoU1",
    "datetime": "2025-08-25 16:41:46",
    "meta": {
        "model": "deepLOB_TF",
        "modelKwargs": {
            "shape": [
                100,
                40,
                1
            ]
        },
        "numEpoch": 10,
        "batchSize": 64,
        "ticker": "GOOG",
        "steps": [
            "TRAIN",
            "TEST"
        ],
        "maxFiles": 1,
        "scaling": true,
        "threshold": "auto",
        "rowLim": 1000000,
        "trainTestSplit": 0.85,
        "lookForwardHorizon": 200,
        "representation": "orderbooks",
        "labelType": "CATEGORICAL",
        "archive": true
    },
    "metrics": {
        "accuracy": 0.32532666666666665,
        "precision": 0.3264421148528149,
        "recall": 0.32542191864687725,
        "f1": 0.3237907488273009,
        "confusion_matrix": [
            [
                13302,
                15969,
                20473
            ],
            [
                13500,
                16812,
                20576
            ],
            [
                13512,
                17171,
                18685
            ]
        ]
    },
    "metricsStrength": {
        "accuracy@>0.4": 0.32536019210245465,
        "coverage@>0.4": 0.9994666666666666,
        "accuracy@>0.5": 0.32601959285763915,
        "coverage@>0.5": 0.9595333333333333,
        "accuracy@>0.6": 0.3279554626259497,
        "coverage@>0.6": 0.77478,
        "accuracy@>0.7": 0.3249570179154312,
        "coverage@>0.7": 0.5351066666666666,
        "accuracy@>0.8": 0.32236718040150175,
        "coverage@>0.8": 0.38887333333333335,
        "accuracy@>0.9": 0.31425879654282557,
        "coverage@>0.9": 0.16275333333333333,
        "accuracy@1%_coverage": 0.3913333333333333,
        "accuracy@5%_coverage": 0.31493333333333334,
        "accuracy@10%_coverage": 0.30933333333333335,
        "accuracy@25%_coverage": 0.31664,
        "accuracy@50%_coverage": 0.32416
    }
}