{
    "run_id": "FHVIZpQ4",
    "datetime": "2025-08-26 18:36:16",
    "meta": {
        "model": "deepLOBREG_TF",
        "modelKwargs": {
            "shape": [
                100,
                20,
                1
            ]
        },
        "numEpoch": 10,
        "batchSize": 64,
        "ticker": "MTCH",
        "steps": [
            "TRAIN",
            "TEST"
        ],
        "maxFiles": 1,
        "scaling": true,
        "threshold": "auto",
        "rowLim": 1000000,
        "trainTestSplit": 0.85,
        "lookForwardHorizon": 10,
        "representation": "ordervol",
        "labelType": "REGRESSION",
        "archive": true
    },
    "metrics": {
        "MSE": 0.24592255055904388,
        "R2": 0.044854044914245605,
        "MAPE": 652.3806762695312,
        "MAE": 0.34273603558540344
    },
    "metricsStrength": {
        "accuracy@>0.1": 0.4643652561247216,
        "coverage@>0.1": 0.5950172276702889,
        "accuracy@>0.2": 0.38493723849372385,
        "coverage@>0.2": 0.2850516830108667,
        "accuracy@>0.3": 0.30454545454545456,
        "coverage@>0.3": 0.11661807580174927,
        "accuracy@>0.4": 0.3805309734513274,
        "coverage@>0.4": 0.044924463291810234,
        "accuracy@>0.5": 0.44761904761904764,
        "coverage@>0.5": 0.013914656771799629,
        "accuracy@>0.6": 0.42857142857142855,
        "coverage@>0.6": 0.0018552875695732839,
        "accuracy@>0.7": null,
        "coverage@>0.7": 0.0,
        "accuracy@>0.8": null,
        "coverage@>0.8": 0.0,
        "accuracy@>0.9": null,
        "coverage@>0.9": 0.0,
        "accuracy@1%_coverage": 0.52,
        "accuracy@5%_coverage": 0.3713527851458886,
        "accuracy@10%_coverage": 0.3010610079575597,
        "accuracy@25%_coverage": 0.36585365853658536,
        "accuracy@50%_coverage": 0.45269016697588127
    }
}