{
    "run_id": "83adzh0J",
    "datetime": "2025-08-25 14:54:35",
    "meta": {
        "model": "deepLOB_TF",
        "modelKwargs": {
            "shape": [
                100,
                20,
                1
            ]
        },
        "numEpoch": 10,
        "batchSize": 64,
        "ticker": "AAPL",
        "steps": [
            "TRAIN",
            "TEST"
        ],
        "maxFiles": 1,
        "scaling": true,
        "threshold": "auto",
        "rowLim": 1000000,
        "trainTestSplit": 0.85,
        "lookForwardHorizon": 100,
        "representation": "orderfixedvol",
        "labelType": "CATEGORICAL",
        "archive": true
    },
    "metrics": {
        "accuracy": 0.3756813557060413,
        "precision": 0.3636230995980663,
        "recall": 0.35787183328453676,
        "f1": 0.3196506571181348,
        "confusion_matrix": [
            [
                24920,
                2532,
                25866
            ],
            [
                19154,
                2361,
                22524
            ],
            [
                21345,
                2155,
                29028
            ]
        ]
    },
    "metricsStrength": {
        "accuracy@>0.4": 0.37897771696638,
        "coverage@>0.4": 0.6826567034726624,
        "accuracy@>0.5": 0.3806570821099524,
        "coverage@>0.5": 0.263588751376055,
        "accuracy@>0.6": 0.3580618669586641,
        "coverage@>0.6": 0.07311605564265937,
        "accuracy@>0.7": 0.32791956689868523,
        "coverage@>0.7": 0.00862661373719852,
        "accuracy@>0.8": 0.078125,
        "coverage@>0.8": 0.00042699402875537914,
        "accuracy@>0.9": null,
        "coverage@>0.9": 0.0,
        "accuracy@1%_coverage": 0.32376502002670227,
        "accuracy@5%_coverage": 0.3506805444355484,
        "accuracy@10%_coverage": 0.36589271417133706,
        "accuracy@25%_coverage": 0.38101465133036216,
        "accuracy@50%_coverage": 0.3831096047610152
    }
}