{
    "run_id": "mIkscqfS",
    "datetime": "2025-08-25 15:29:29",
    "meta": {
        "model": "deepLOBREG_TF",
        "modelKwargs": {
            "shape": [
                100,
                20,
                1
            ]
        },
        "numEpoch": 10,
        "batchSize": 64,
        "ticker": "AAPL",
        "steps": [
            "TRAIN",
            "TEST"
        ],
        "maxFiles": 1,
        "scaling": true,
        "threshold": "auto",
        "rowLim": 1000000,
        "trainTestSplit": 0.85,
        "lookForwardHorizon": 80,
        "representation": "orderfixedvol",
        "labelType": "REGRESSION",
        "archive": true
    },
    "metrics": {
        "MSE": 0.46404561400413513,
        "R2": 0.018993794918060303,
        "MAPE": 291.458984375,
        "MAE": 0.5914407968521118
    },
    "metricsStrength": {
        "accuracy@>0.1": 0.5612051049940714,
        "coverage@>0.1": 0.5232180380907908,
        "accuracy@>0.2": 0.584396311084414,
        "coverage@>0.2": 0.1887929021713752,
        "accuracy@>0.3": 0.6158675036730332,
        "coverage@>0.3": 0.049944965144591576,
        "accuracy@>0.4": 0.6536731634182908,
        "coverage@>0.4": 0.00889896934725326,
        "accuracy@>0.5": 0.5303030303030303,
        "coverage@>0.5": 0.0008805576865348054,
        "accuracy@>0.6": 0.0,
        "coverage@>0.6": 3.335445782328808e-05,
        "accuracy@>0.7": null,
        "coverage@>0.7": 0.0,
        "accuracy@>0.8": null,
        "coverage@>0.8": 0.0,
        "accuracy@>0.9": null,
        "coverage@>0.9": 0.0,
        "accuracy@1%_coverage": 0.6430953969312875,
        "accuracy@5%_coverage": 0.6158772515010007,
        "accuracy@10%_coverage": 0.6022014676450967,
        "accuracy@25%_coverage": 0.5777831145266303,
        "accuracy@50%_coverage": 0.5622398334934358
    }
}