{
    "run_id": "xPgItXbs",
    "datetime": "2025-08-25 18:52:11",
    "meta": {
        "model": "deepLOBREG_TF",
        "modelKwargs": {
            "shape": [
                100,
                40,
                1
            ]
        },
        "numEpoch": 10,
        "batchSize": 64,
        "ticker": "MSFT",
        "steps": [
            "TRAIN",
            "TEST"
        ],
        "maxFiles": 1,
        "scaling": true,
        "threshold": "auto",
        "rowLim": 1000000,
        "trainTestSplit": 0.85,
        "lookForwardHorizon": 100,
        "representation": "orderbooks",
        "labelType": "REGRESSION",
        "archive": true
    },
    "metrics": {
        "MSE": 0.4095943570137024,
        "R2": -0.148034930229187,
        "MAPE": 1012.2356567382812,
        "MAE": 0.5319843292236328
    },
    "metricsStrength": {
        "accuracy@>0.1": 0.508759047519144,
        "coverage@>0.1": 0.6488454797597373,
        "accuracy@>0.2": 0.5153530992554738,
        "coverage@>0.2": 0.38624104544913135,
        "accuracy@>0.3": 0.509212991880075,
        "coverage@>0.3": 0.21793802855246813,
        "accuracy@>0.4": 0.504471256210078,
        "coverage@>0.4": 0.11987612516803077,
        "accuracy@>0.5": 0.5227740229209521,
        "coverage@>0.5": 0.05790467763616873,
        "accuracy@>0.6": 0.5479265805574439,
        "coverage@>0.6": 0.02503020299817931,
        "accuracy@>0.7": 0.47674418604651164,
        "coverage@>0.7": 0.00585342612601882,
        "accuracy@>0.8": null,
        "coverage@>0.8": 0.0,
        "accuracy@>0.9": null,
        "coverage@>0.9": 0.0,
        "accuracy@1%_coverage": 0.5110732538330494,
        "accuracy@5%_coverage": 0.5282505105513955,
        "accuracy@10%_coverage": 0.5066371681415929,
        "accuracy@25%_coverage": 0.5142254288047917,
        "accuracy@50%_coverage": 0.5082017424448679
    }
}