{
    "run_id": "Vbtdh8QQ",
    "datetime": "2025-08-25 18:44:44",
    "meta": {
        "model": "deepLOBREG_TF",
        "modelKwargs": {
            "shape": [
                100,
                40,
                1
            ]
        },
        "numEpoch": 10,
        "batchSize": 64,
        "ticker": "MSFT",
        "steps": [
            "TRAIN",
            "TEST"
        ],
        "maxFiles": 1,
        "scaling": true,
        "threshold": "auto",
        "rowLim": 1000000,
        "trainTestSplit": 0.85,
        "lookForwardHorizon": 60,
        "representation": "orderbooks",
        "labelType": "REGRESSION",
        "archive": true
    },
    "metrics": {
        "MSE": 0.39742815494537354,
        "R2": -0.05799567699432373,
        "MAPE": 1145.32666015625,
        "MAE": 0.5295182466506958
    },
    "metricsStrength": {
        "accuracy@>0.1": 0.5317686549271385,
        "coverage@>0.1": 0.6382866568042307,
        "accuracy@>0.2": 0.5330368820298195,
        "coverage@>0.2": 0.3250352837150776,
        "accuracy@>0.3": 0.5610996563573883,
        "coverage@>0.3": 0.12370555527215223,
        "accuracy@>0.4": 0.6135707410972089,
        "coverage@>0.4": 0.0353347276777364,
        "accuracy@>0.5": 0.4377880184331797,
        "coverage@>0.5": 0.00737982281623561,
        "accuracy@>0.6": 0.4431818181818182,
        "coverage@>0.6": 0.0014963696032920131,
        "accuracy@>0.7": null,
        "coverage@>0.7": 0.0,
        "accuracy@>0.8": null,
        "coverage@>0.8": 0.0,
        "accuracy@>0.9": null,
        "coverage@>0.9": 0.0,
        "accuracy@1%_coverage": 0.4897959183673469,
        "accuracy@5%_coverage": 0.6064625850340136,
        "accuracy@10%_coverage": 0.567687074829932,
        "accuracy@25%_coverage": 0.5357094272888042,
        "accuracy@50%_coverage": 0.535097265678139
    }
}