{
    "run_id": "cH1tuu0M",
    "datetime": "2025-08-25 15:52:26",
    "meta": {
        "model": "deepLOB_TF",
        "modelKwargs": {
            "shape": [
                100,
                20,
                1
            ]
        },
        "numEpoch": 10,
        "batchSize": 64,
        "ticker": "MSFT",
        "steps": [
            "TRAIN",
            "TEST"
        ],
        "maxFiles": 1,
        "scaling": true,
        "threshold": "auto",
        "rowLim": 1000000,
        "trainTestSplit": 0.85,
        "lookForwardHorizon": 80,
        "representation": "ordervol",
        "labelType": "CATEGORICAL",
        "archive": true
    },
    "metrics": {
        "accuracy": 0.36059081483495936,
        "precision": 0.3645513353644956,
        "recall": 0.35865652705834067,
        "f1": 0.28865223522601996,
        "confusion_matrix": [
            [
                11436,
                39,
                8344
            ],
            [
                10904,
                39,
                8472
            ],
            [
                9833,
                27,
                9740
            ]
        ]
    },
    "metricsStrength": {
        "accuracy@>0.4": 0.3680190501864582,
        "coverage@>0.4": 0.7566033246082198,
        "accuracy@>0.5": 0.4060968578841165,
        "coverage@>0.5": 0.235850018696672,
        "accuracy@>0.6": 0.4412486846720449,
        "coverage@>0.6": 0.04845837440935513,
        "accuracy@>0.7": 0.45544554455445546,
        "coverage@>0.7": 0.0034333888567834926,
        "accuracy@>0.8": null,
        "coverage@>0.8": 0.0,
        "accuracy@>0.9": null,
        "coverage@>0.9": 0.0,
        "accuracy@1%_coverage": 0.44387755102040816,
        "accuracy@5%_coverage": 0.4406664399863992,
        "accuracy@10%_coverage": 0.42614312425633183,
        "accuracy@25%_coverage": 0.4032499320097906,
        "accuracy@50%_coverage": 0.37818268348234013
    }
}