{
    "run_id": "IBzcZgfj",
    "datetime": "2025-08-26 13:47:34",
    "meta": {
        "model": "deepLOBREG_TF",
        "modelKwargs": {
            "shape": [
                100,
                20,
                1
            ]
        },
        "numEpoch": 10,
        "batchSize": 64,
        "ticker": "MSFT",
        "steps": [
            "TRAIN",
            "TEST"
        ],
        "maxFiles": 1,
        "scaling": true,
        "threshold": "auto",
        "rowLim": 1000000,
        "trainTestSplit": 0.85,
        "lookForwardHorizon": 60,
        "representation": "ordervol",
        "labelType": "REGRESSION",
        "archive": true
    },
    "metrics": {
        "MSE": 0.3746635615825653,
        "R2": 0.0024361610412597656,
        "MAPE": 1238.023193359375,
        "MAE": 0.5144089460372925
    },
    "metricsStrength": {
        "accuracy@>0.1": 0.5841763005780347,
        "coverage@>0.1": 0.5643796513406055,
        "accuracy@>0.2": 0.6145600714604734,
        "coverage@>0.2": 0.26630305501750096,
        "accuracy@>0.3": 0.6153598971722365,
        "coverage@>0.3": 0.10575321983212696,
        "accuracy@>0.4": 0.6267893660531697,
        "coverage@>0.4": 0.03323478438169029,
        "accuracy@>0.5": 0.6206185567010309,
        "coverage@>0.5": 0.008240731301185985,
        "accuracy@>0.6": 0.5595238095238095,
        "coverage@>0.6": 0.0014272606789682944,
        "accuracy@>0.7": null,
        "coverage@>0.7": 0.0,
        "accuracy@>0.8": null,
        "coverage@>0.8": 0.0,
        "accuracy@>0.9": null,
        "coverage@>0.9": 0.0,
        "accuracy@1%_coverage": 0.6173469387755102,
        "accuracy@5%_coverage": 0.619986403806934,
        "accuracy@10%_coverage": 0.6147833474936278,
        "accuracy@25%_coverage": 0.6163936654659145,
        "accuracy@50%_coverage": 0.5885071532945934
    }
}