{
    "run_id": "ofL0kvP3",
    "datetime": "2025-08-25 18:19:01",
    "meta": {
        "model": "deepLOB_TF",
        "modelKwargs": {
            "shape": [
                100,
                40,
                1
            ]
        },
        "numEpoch": 10,
        "batchSize": 64,
        "ticker": "ORCL",
        "steps": [
            "TRAIN",
            "TEST"
        ],
        "maxFiles": 1,
        "scaling": true,
        "threshold": "auto",
        "rowLim": 1000000,
        "trainTestSplit": 0.85,
        "lookForwardHorizon": 40,
        "representation": "orderbooks",
        "labelType": "CATEGORICAL",
        "archive": true
    },
    "metrics": {
        "accuracy": 0.3375320963131631,
        "precision": 0.33321454897011155,
        "recall": 0.33623691754063695,
        "f1": 0.32749783302763613,
        "confusion_matrix": [
            [
                1397,
                2693,
                2670
            ],
            [
                1898,
                3349,
                3079
            ],
            [
                1171,
                2163,
                2221
            ]
        ]
    },
    "metricsStrength": {
        "accuracy@>0.4": 0.3585111353371749,
        "coverage@>0.4": 0.6221597790804709,
        "accuracy@>0.5": 0.3926309729418538,
        "coverage@>0.5": 0.16830579913763868,
        "accuracy@>0.6": 0.3492063492063492,
        "coverage@>0.6": 0.06409573179594012,
        "accuracy@>0.7": 0.44375,
        "coverage@>0.7": 0.015503124848602296,
        "accuracy@>0.8": null,
        "coverage@>0.8": 0.0,
        "accuracy@>0.9": null,
        "coverage@>0.9": 0.0,
        "accuracy@1%_coverage": 0.39805825242718446,
        "accuracy@5%_coverage": 0.375,
        "accuracy@10%_coverage": 0.3856589147286822,
        "accuracy@25%_coverage": 0.3784883720930233,
        "accuracy@50%_coverage": 0.3665697674418605
    }
}