{
    "run_id": "u2Rpiz8T",
    "datetime": "2025-08-25 18:20:21",
    "meta": {
        "model": "deepLOB_TF",
        "modelKwargs": {
            "shape": [
                100,
                40,
                1
            ]
        },
        "numEpoch": 10,
        "batchSize": 64,
        "ticker": "ORCL",
        "steps": [
            "TRAIN",
            "TEST"
        ],
        "maxFiles": 1,
        "scaling": true,
        "threshold": "auto",
        "rowLim": 1000000,
        "trainTestSplit": 0.85,
        "lookForwardHorizon": 60,
        "representation": "orderbooks",
        "labelType": "CATEGORICAL",
        "archive": true
    },
    "metrics": {
        "accuracy": 0.34896464768924884,
        "precision": 0.33644224973424497,
        "recall": 0.33609829487700127,
        "f1": 0.33543700057337755,
        "confusion_matrix": [
            [
                1592,
                2799,
                1740
            ],
            [
                2219,
                3793,
                2650
            ],
            [
                1408,
                2609,
                1811
            ]
        ]
    },
    "metricsStrength": {
        "accuracy@>0.4": 0.3489815712900097,
        "coverage@>0.4": 0.999951505746569,
        "accuracy@>0.5": 0.3483747422174212,
        "coverage@>0.5": 0.9876339653751031,
        "accuracy@>0.6": 0.34422608597156934,
        "coverage@>0.6": 0.8562630328306096,
        "accuracy@>0.7": 0.342774097607138,
        "coverage@>0.7": 0.717423985257747,
        "accuracy@>0.8": 0.33499456324755345,
        "coverage@>0.8": 0.5351825808641676,
        "accuracy@>0.9": 0.31817413355874896,
        "coverage@>0.9": 0.28684350904417827,
        "accuracy@1%_coverage": 0.3106796116504854,
        "accuracy@5%_coverage": 0.30940834141610085,
        "accuracy@10%_coverage": 0.27303588748787583,
        "accuracy@25%_coverage": 0.31522793404461685,
        "accuracy@50%_coverage": 0.3352085354025218
    }
}