{
    "run_id": "pMufe7CF",
    "datetime": "2025-08-25 19:45:41",
    "meta": {
        "model": "deepLOBREG_TF",
        "modelKwargs": {
            "shape": [
                100,
                40,
                1
            ]
        },
        "numEpoch": 10,
        "batchSize": 64,
        "ticker": "ORCL",
        "steps": [
            "TRAIN",
            "TEST"
        ],
        "maxFiles": 1,
        "scaling": true,
        "threshold": "auto",
        "rowLim": 1000000,
        "trainTestSplit": 0.85,
        "lookForwardHorizon": 100,
        "representation": "orderbooks",
        "labelType": "REGRESSION",
        "archive": true
    },
    "metrics": {
        "MSE": 0.7306007146835327,
        "R2": -1.4966554641723633,
        "MAPE": 340.3587951660156,
        "MAE": 0.7142698168754578
    },
    "metricsStrength": {
        "accuracy@>0.1": 0.5013463394807702,
        "coverage@>0.1": 0.9563675234439531,
        "accuracy@>0.2": 0.5016907305029252,
        "coverage@>0.2": 0.905252417278072,
        "accuracy@>0.3": 0.4982809993123997,
        "coverage@>0.3": 0.8479665711092755,
        "accuracy@>0.4": 0.49408524754334354,
        "coverage@>0.4": 0.77629852776833,
        "accuracy@>0.5": 0.4843793976920912,
        "coverage@>0.5": 0.6905398182789952,
        "accuracy@>0.6": 0.46624311732316814,
        "coverage@>0.6": 0.573587289247364,
        "accuracy@>0.7": 0.46657944814462415,
        "coverage@>0.7": 0.4085321412953695,
        "accuracy@>0.8": 0.46487424111014747,
        "coverage@>0.8": 0.16806763519751228,
        "accuracy@>0.9": 0.5694444444444444,
        "coverage@>0.9": 0.0034983722851173412,
        "accuracy@1%_coverage": 0.5219512195121951,
        "accuracy@5%_coverage": 0.5053449951409135,
        "accuracy@10%_coverage": 0.47910592808551994,
        "accuracy@25%_coverage": 0.47094266277939745,
        "accuracy@50%_coverage": 0.46569484936831873
    }
}