{
    "run_id": "Cnklc2Py",
    "datetime": "2025-08-25 17:21:58",
    "meta": {
        "model": "deepLOB_TF",
        "modelKwargs": {
            "shape": [
                100,
                20,
                1
            ]
        },
        "numEpoch": 10,
        "batchSize": 64,
        "ticker": "TSLA",
        "steps": [
            "TRAIN",
            "TEST"
        ],
        "maxFiles": 1,
        "scaling": true,
        "threshold": "auto",
        "rowLim": 1000000,
        "trainTestSplit": 0.85,
        "lookForwardHorizon": 20,
        "representation": "orderflows",
        "labelType": "CATEGORICAL",
        "archive": true
    },
    "metrics": {
        "accuracy": 0.4868866666666667,
        "precision": 0.4788506334225919,
        "recall": 0.5033708208660205,
        "f1": 0.47437479048135295,
        "confusion_matrix": [
            [
                29710,
                8617,
                9638
            ],
            [
                22882,
                12916,
                20157
            ],
            [
                7842,
                7831,
                30407
            ]
        ]
    },
    "metricsStrength": {
        "accuracy@>0.4": 0.5127301420305103,
        "coverage@>0.4": 0.7604,
        "accuracy@>0.5": 0.5955983493810179,
        "coverage@>0.5": 0.3731933333333333,
        "accuracy@>0.6": 0.6962414730928709,
        "coverage@>0.6": 0.14952666666666667,
        "accuracy@>0.7": 0.7940036479708162,
        "coverage@>0.7": 0.05848,
        "accuracy@>0.8": 0.8627959779435614,
        "coverage@>0.8": 0.020553333333333333,
        "accuracy@>0.9": 0.8810810810810811,
        "coverage@>0.9": 0.0012333333333333332,
        "accuracy@1%_coverage": 0.8786666666666667,
        "accuracy@5%_coverage": 0.8085333333333333,
        "accuracy@10%_coverage": 0.7365333333333334,
        "accuracy@25%_coverage": 0.64272,
        "accuracy@50%_coverage": 0.5606933333333334
    }
}