{
    "run_id": "P8y2cVjn",
    "datetime": "2025-08-25 14:54:12",
    "meta": {
        "model": "deepLOBREG_TF",
        "modelKwargs": {
            "shape": [
                100,
                20,
                1
            ]
        },
        "numEpoch": 10,
        "batchSize": 64,
        "ticker": "AAPL",
        "steps": [
            "TRAIN",
            "TEST"
        ],
        "maxFiles": 1,
        "scaling": true,
        "threshold": "auto",
        "rowLim": 1000000,
        "trainTestSplit": 0.85,
        "lookForwardHorizon": 40,
        "representation": "orderfixedvol",
        "labelType": "REGRESSION",
        "archive": true
    },
    "metrics": {
        "MSE": 0.4197966158390045,
        "R2": 0.06767922639846802,
        "MAPE": 612.464599609375,
        "MAE": 0.5559069514274597
    },
    "metricsStrength": {
        "accuracy@>0.1": 0.6181930693069307,
        "coverage@>0.1": 0.5927506752475907,
        "accuracy@>0.2": 0.6638554495251738,
        "coverage@>0.2": 0.2886324985828137,
        "accuracy@>0.3": 0.7136147370989386,
        "coverage@>0.3": 0.10933342225482677,
        "accuracy@>0.4": 0.7443403590944575,
        "coverage@>0.4": 0.03417252992764013,
        "accuracy@>0.5": 0.7996647108130763,
        "coverage@>0.5": 0.00795625062522925,
        "accuracy@>0.6": 0.8571428571428571,
        "coverage@>0.6": 0.0011670946013538298,
        "accuracy@>0.7": 1.0,
        "coverage@>0.7": 0.00010670579212377872,
        "accuracy@>0.8": null,
        "coverage@>0.8": 0.0,
        "accuracy@>0.9": null,
        "coverage@>0.9": 0.0,
        "accuracy@1%_coverage": 0.8012008005336891,
        "accuracy@5%_coverage": 0.7397625716953448,
        "accuracy@10%_coverage": 0.7183540082699746,
        "accuracy@25%_coverage": 0.6723843568265486,
        "accuracy@50%_coverage": 0.6301952729018834
    }
}