{
    "run_id": "SDpTzR0z",
    "datetime": "2025-08-25 16:05:11",
    "meta": {
        "model": "deepLOBREG_TF",
        "modelKwargs": {
            "shape": [
                100,
                20,
                1
            ]
        },
        "numEpoch": 10,
        "batchSize": 64,
        "ticker": "AAPL",
        "steps": [
            "TRAIN",
            "TEST"
        ],
        "maxFiles": 1,
        "scaling": true,
        "threshold": "auto",
        "rowLim": 1000000,
        "trainTestSplit": 0.85,
        "lookForwardHorizon": 200,
        "representation": "orderfixedvol",
        "labelType": "REGRESSION",
        "archive": true
    },
    "metrics": {
        "MSE": 0.49783438444137573,
        "R2": -0.06404316425323486,
        "MAPE": 195.7267303466797,
        "MAE": 0.6070229411125183
    },
    "metricsStrength": {
        "accuracy@>0.1": 0.5082535081828143,
        "coverage@>0.1": 0.5666321727809861,
        "accuracy@>0.2": 0.49886457215581564,
        "coverage@>0.2": 0.2675368027506092,
        "accuracy@>0.3": 0.5282443660708949,
        "coverage@>0.3": 0.11168675100978069,
        "accuracy@>0.4": 0.5494949494949495,
        "coverage@>0.4": 0.04296157826217579,
        "accuracy@>0.5": 0.608738828202582,
        "coverage@>0.5": 0.013445939179490603,
        "accuracy@>0.6": 0.6611570247933884,
        "coverage@>0.6": 0.0016156490970390893,
        "accuracy@>0.7": 0.0,
        "coverage@>0.7": 2.0028707814534166e-05,
        "accuracy@>0.8": null,
        "coverage@>0.8": 0.0,
        "accuracy@>0.9": null,
        "coverage@>0.9": 0.0,
        "accuracy@1%_coverage": 0.6225784903139613,
        "accuracy@5%_coverage": 0.5421284550674322,
        "accuracy@10%_coverage": 0.5337828815596207,
        "accuracy@25%_coverage": 0.4997329487795759,
        "accuracy@50%_coverage": 0.506222293435881
    }
}