{
    "run_id": "7CGknsWB",
    "datetime": "2025-08-25 15:10:04",
    "meta": {
        "model": "deepLOB_TF",
        "modelKwargs": {
            "shape": [
                100,
                20,
                1
            ]
        },
        "numEpoch": 10,
        "batchSize": 64,
        "ticker": "AAPL",
        "steps": [
            "TRAIN",
            "TEST"
        ],
        "maxFiles": 1,
        "scaling": true,
        "threshold": "auto",
        "rowLim": 1000000,
        "trainTestSplit": 0.85,
        "lookForwardHorizon": 200,
        "representation": "orderfixedvol",
        "labelType": "CATEGORICAL",
        "archive": true
    },
    "metrics": {
        "accuracy": 0.38888406716293356,
        "precision": 0.33180166375061293,
        "recall": 0.34269369394933097,
        "f1": 0.28422574888537117,
        "confusion_matrix": [
            [
                13529,
                808,
                34769
            ],
            [
                10883,
                441,
                29665
            ],
            [
                14849,
                562,
                44279
            ]
        ]
    },
    "metricsStrength": {
        "accuracy@>0.4": 0.3954990623046468,
        "coverage@>0.4": 0.6087458690790133,
        "accuracy@>0.5": 0.3944137507673419,
        "coverage@>0.5": 0.15225823680608871,
        "accuracy@>0.6": 0.38298368298368296,
        "coverage@>0.6": 0.028641052174783858,
        "accuracy@>0.7": 0.5555555555555556,
        "coverage@>0.7": 6.0086123443602495e-05,
        "accuracy@>0.8": null,
        "coverage@>0.8": 0.0,
        "accuracy@>0.9": null,
        "coverage@>0.9": 0.0,
        "accuracy@1%_coverage": 0.3139612558450234,
        "accuracy@5%_coverage": 0.4041928161303245,
        "accuracy@10%_coverage": 0.40499399118707435,
        "accuracy@25%_coverage": 0.39347326817283557,
        "accuracy@50%_coverage": 0.39868076697110505
    }
}