{
    "run_id": "AncNcPna",
    "datetime": "2025-08-25 14:55:09",
    "meta": {
        "model": "deepLOB_TF",
        "modelKwargs": {
            "shape": [
                100,
                40,
                1
            ]
        },
        "numEpoch": 10,
        "batchSize": 64,
        "ticker": "AAPL",
        "steps": [
            "TRAIN",
            "TEST"
        ],
        "maxFiles": 1,
        "scaling": true,
        "threshold": "auto",
        "rowLim": 1000000,
        "trainTestSplit": 0.85,
        "lookForwardHorizon": 100,
        "representation": "orderbooks",
        "labelType": "CATEGORICAL",
        "archive": true
    },
    "metrics": {
        "accuracy": 0.3095466666666667,
        "precision": 0.3283635974349171,
        "recall": 0.33029123116468145,
        "f1": 0.2517908433553122,
        "confusion_matrix": [
            [
                28260,
                210,
                15689
            ],
            [
                34902,
                306,
                18886
            ],
            [
                33528,
                353,
                17866
            ]
        ]
    },
    "metricsStrength": {
        "accuracy@>0.4": 0.3095394496752062,
        "coverage@>0.4": 0.9134,
        "accuracy@>0.5": 0.31415781991954755,
        "coverage@>0.5": 0.66126,
        "accuracy@>0.6": 0.32603242581829306,
        "coverage@>0.6": 0.3269,
        "accuracy@>0.7": 0.3640424343941932,
        "coverage@>0.7": 0.03582,
        "accuracy@>0.8": null,
        "coverage@>0.8": 0.0,
        "accuracy@>0.9": null,
        "coverage@>0.9": 0.0,
        "accuracy@1%_coverage": 0.38,
        "accuracy@5%_coverage": 0.3569333333333333,
        "accuracy@10%_coverage": 0.3358,
        "accuracy@25%_coverage": 0.32669333333333334,
        "accuracy@50%_coverage": 0.32033333333333336
    }
}