{
    "run_id": "L43iu1RQ",
    "datetime": "2025-08-25 13:41:34",
    "meta": {
        "model": "deepLOB_TF",
        "modelKwargs": {
            "shape": [
                100,
                40,
                1
            ]
        },
        "numEpoch": 10,
        "batchSize": 64,
        "ticker": "AAPL",
        "steps": [
            "TRAIN",
            "TEST"
        ],
        "maxFiles": 1,
        "scaling": true,
        "threshold": "auto",
        "rowLim": 1000000,
        "trainTestSplit": 0.85,
        "lookForwardHorizon": 10,
        "representation": "orderbooks",
        "labelType": "CATEGORICAL",
        "archive": true
    },
    "metrics": {
        "accuracy": 0.4620666666666667,
        "precision": 0.4225210274656579,
        "recall": 0.4216245300126309,
        "f1": 0.42199665426090993,
        "confusion_matrix": [
            [
                12229,
                17631,
                5000
            ],
            [
                16445,
                44442,
                18755
            ],
            [
                4715,
                18144,
                12639
            ]
        ]
    },
    "metricsStrength": {
        "accuracy@>0.4": 0.47666099620025754,
        "coverage@>0.4": 0.8386533333333334,
        "accuracy@>0.5": 0.5138970559410404,
        "coverage@>0.5": 0.34012,
        "accuracy@>0.6": 0.549607124148769,
        "coverage@>0.6": 0.06363333333333333,
        "accuracy@>0.7": 0.5659509202453987,
        "coverage@>0.7": 0.004346666666666667,
        "accuracy@>0.8": null,
        "coverage@>0.8": 0.0,
        "accuracy@>0.9": null,
        "coverage@>0.9": 0.0,
        "accuracy@1%_coverage": 0.5626666666666666,
        "accuracy@5%_coverage": 0.5526666666666666,
        "accuracy@10%_coverage": 0.5428666666666667,
        "accuracy@25%_coverage": 0.52192,
        "accuracy@50%_coverage": 0.49952
    }
}