{
    "run_id": "nm2Fd33N",
    "datetime": "2025-08-25 19:50:28",
    "meta": {
        "model": "deepLOB_TF",
        "modelKwargs": {
            "shape": [
                100,
                20,
                1
            ]
        },
        "numEpoch": 10,
        "batchSize": 64,
        "ticker": "NFLX",
        "steps": [
            "TRAIN",
            "TEST"
        ],
        "maxFiles": 1,
        "scaling": true,
        "threshold": "auto",
        "rowLim": 1000000,
        "trainTestSplit": 0.85,
        "lookForwardHorizon": 40,
        "representation": "orderfixedvol",
        "labelType": "CATEGORICAL",
        "archive": true
    },
    "metrics": {
        "accuracy": 0.2770154373927959,
        "precision": 0.3036738918666893,
        "recall": 0.3204378122221763,
        "f1": 0.26074310361013814,
        "confusion_matrix": [
            [
                1579,
                247,
                1604
            ],
            [
                2376,
                338,
                2506
            ],
            [
                1375,
                322,
                1313
            ]
        ]
    },
    "metricsStrength": {
        "accuracy@>0.4": 0.2654364797728886,
        "coverage@>0.4": 0.7250428816466552,
        "accuracy@>0.5": 0.2534158288218613,
        "coverage@>0.5": 0.33267581475128644,
        "accuracy@>0.6": 0.22872340425531915,
        "coverage@>0.6": 0.16123499142367068,
        "accuracy@>0.7": 0.21762349799732977,
        "coverage@>0.7": 0.06423670668953688,
        "accuracy@>0.8": 0.17665615141955837,
        "coverage@>0.8": 0.02718696397941681,
        "accuracy@>0.9": 0.1111111111111111,
        "coverage@>0.9": 0.0038593481989708405,
        "accuracy@1%_coverage": 0.07758620689655173,
        "accuracy@5%_coverage": 0.1783876500857633,
        "accuracy@10%_coverage": 0.22384219554030874,
        "accuracy@25%_coverage": 0.253516295025729,
        "accuracy@50%_coverage": 0.2504288164665523
    }
}