{
    "run_id": "osOJ1IGa",
    "datetime": "2025-08-26 12:38:27",
    "meta": {
        "model": "deepLOBREG_TF",
        "modelKwargs": {
            "shape": [
                100,
                20,
                1
            ]
        },
        "numEpoch": 10,
        "batchSize": 64,
        "ticker": "NFLX",
        "steps": [
            "TRAIN",
            "TEST"
        ],
        "maxFiles": 1,
        "scaling": true,
        "threshold": "auto",
        "rowLim": 1000000,
        "trainTestSplit": 0.85,
        "lookForwardHorizon": 40,
        "representation": "orderfixedvol",
        "labelType": "REGRESSION",
        "archive": true
    },
    "metrics": {
        "MSE": 0.291820228099823,
        "R2": -0.01819610595703125,
        "MAPE": 118.11306762695312,
        "MAE": 0.43490326404571533
    },
    "metricsStrength": {
        "accuracy@>0.1": 0.5182328190743338,
        "coverage@>0.1": 0.12229845626072042,
        "accuracy@>0.2": 0.4004524886877828,
        "coverage@>0.2": 0.0379073756432247,
        "accuracy@>0.3": 0.0,
        "coverage@>0.3": 0.002058319039451115,
        "accuracy@>0.4": null,
        "coverage@>0.4": 0.0,
        "accuracy@>0.5": null,
        "coverage@>0.5": 0.0,
        "accuracy@>0.6": null,
        "coverage@>0.6": 0.0,
        "accuracy@>0.7": null,
        "coverage@>0.7": 0.0,
        "accuracy@>0.8": null,
        "coverage@>0.8": 0.0,
        "accuracy@>0.9": null,
        "coverage@>0.9": 0.0,
        "accuracy@1%_coverage": 0.3275862068965517,
        "accuracy@5%_coverage": 0.42538593481989706,
        "accuracy@10%_coverage": 0.48456260720411665,
        "accuracy@25%_coverage": 0.4974271012006861,
        "accuracy@50%_coverage": 0.5344768439108062
    }
}