{
    "run_id": "Lm6lYL5R",
    "datetime": "2025-08-25 19:24:58",
    "meta": {
        "model": "deepLOBREG_TF",
        "modelKwargs": {
            "shape": [
                100,
                20,
                1
            ]
        },
        "numEpoch": 10,
        "batchSize": 64,
        "ticker": "PLTR",
        "steps": [
            "TRAIN",
            "TEST"
        ],
        "maxFiles": 1,
        "scaling": true,
        "threshold": "auto",
        "rowLim": 1000000,
        "trainTestSplit": 0.85,
        "lookForwardHorizon": 10,
        "representation": "orderfixedvol",
        "labelType": "REGRESSION",
        "archive": true
    },
    "metrics": {
        "MSE": 0.3614594340324402,
        "R2": 0.1615247130393982,
        "MAPE": 2262.8359375,
        "MAE": 0.5025413632392883
    },
    "metricsStrength": {
        "accuracy@>0.1": 0.6725026918666235,
        "coverage@>0.1": 0.7616802800466744,
        "accuracy@>0.2": 0.7088409240256787,
        "coverage@>0.2": 0.5276346057676279,
        "accuracy@>0.3": 0.744080165095845,
        "coverage@>0.3": 0.3134055675945991,
        "accuracy@>0.4": 0.7817748138051891,
        "coverage@>0.4": 0.1369761626937823,
        "accuracy@>0.5": 0.8232890704800817,
        "coverage@>0.5": 0.03263877312885481,
        "accuracy@>0.6": 0.7871621621621622,
        "coverage@>0.6": 0.0019736622770461744,
        "accuracy@>0.7": 1.0,
        "coverage@>0.7": 4.0006667777962995e-05,
        "accuracy@>0.8": null,
        "coverage@>0.8": 0.0,
        "accuracy@>0.9": null,
        "coverage@>0.9": 0.0,
        "accuracy@1%_coverage": 0.8325550366911274,
        "accuracy@5%_coverage": 0.8079487863430248,
        "accuracy@10%_coverage": 0.7919583916783357,
        "accuracy@25%_coverage": 0.7565145493825514,
        "accuracy@50%_coverage": 0.7130969368023791
    }
}