{
    "run_id": "qATgQLx2",
    "datetime": "2025-08-25 19:36:40",
    "meta": {
        "model": "deepLOB_TF",
        "modelKwargs": {
            "shape": [
                100,
                20,
                1
            ]
        },
        "numEpoch": 10,
        "batchSize": 64,
        "ticker": "PLTR",
        "steps": [
            "TRAIN",
            "TEST"
        ],
        "maxFiles": 1,
        "scaling": true,
        "threshold": "auto",
        "rowLim": 1000000,
        "trainTestSplit": 0.85,
        "lookForwardHorizon": 100,
        "representation": "orderfixedvol",
        "labelType": "CATEGORICAL",
        "archive": true
    },
    "metrics": {
        "accuracy": 0.4161323681489142,
        "precision": 0.433702585865768,
        "recall": 0.3699537757192118,
        "f1": 0.3171262313064024,
        "confusion_matrix": [
            [
                35455,
                61,
                19520
            ],
            [
                21875,
                141,
                14854
            ],
            [
                31100,
                103,
                26776
            ]
        ]
    },
    "metricsStrength": {
        "accuracy@>0.4": 0.4204827921066172,
        "coverage@>0.4": 0.9206324849050939,
        "accuracy@>0.5": 0.4484862350339358,
        "coverage@>0.5": 0.1749741468459152,
        "accuracy@>0.6": 0.4837799717912553,
        "coverage@>0.6": 0.0047302932248056845,
        "accuracy@>0.7": null,
        "coverage@>0.7": 0.0,
        "accuracy@>0.8": null,
        "coverage@>0.8": 0.0,
        "accuracy@>0.9": null,
        "coverage@>0.9": 0.0,
        "accuracy@1%_coverage": 0.4499332443257677,
        "accuracy@5%_coverage": 0.44929276754737124,
        "accuracy@10%_coverage": 0.4441553242594075,
        "accuracy@25%_coverage": 0.4459448640281818,
        "accuracy@50%_coverage": 0.4364041525446345
    }
}