{
    "run_id": "uyijLmF9",
    "datetime": "2025-08-26 11:07:58",
    "meta": {
        "model": "deepLOB_TF",
        "modelKwargs": {
            "shape": [
                100,
                20,
                1
            ]
        },
        "numEpoch": 10,
        "batchSize": 64,
        "ticker": "PLTR",
        "steps": [
            "TRAIN",
            "TEST"
        ],
        "maxFiles": 1,
        "scaling": true,
        "threshold": "auto",
        "rowLim": 1000000,
        "trainTestSplit": 0.85,
        "lookForwardHorizon": 200,
        "representation": "orderfixedvol",
        "labelType": "CATEGORICAL",
        "archive": true
    },
    "metrics": {
        "accuracy": 0.3577527789832093,
        "precision": 0.34510768067500913,
        "recall": 0.34642075991464005,
        "f1": 0.29582770538715003,
        "confusion_matrix": [
            [
                34530,
                2622,
                13565
            ],
            [
                29756,
                2069,
                12810
            ],
            [
                35155,
                2291,
                16987
            ]
        ]
    },
    "metricsStrength": {
        "accuracy@>0.4": 0.3593011727507391,
        "coverage@>0.4": 0.7474646994024768,
        "accuracy@>0.5": 0.3707459369356855,
        "coverage@>0.5": 0.2403111125947191,
        "accuracy@>0.6": 0.41063132003279584,
        "coverage@>0.6": 0.09771338919117402,
        "accuracy@>0.7": 0.4708831469340532,
        "coverage@>0.7": 0.034622959575391396,
        "accuracy@>0.8": 0.3717693836978131,
        "coverage@>0.8": 0.0033581466769035616,
        "accuracy@>0.9": null,
        "coverage@>0.9": 0.0,
        "accuracy@1%_coverage": 0.47762191048764197,
        "accuracy@5%_coverage": 0.44932567766056886,
        "accuracy@10%_coverage": 0.4086660435305114,
        "accuracy@25%_coverage": 0.3685573893072691,
        "accuracy@50%_coverage": 0.3594375901297869
    }
}