{
    "run_id": "dniz3lJq",
    "datetime": "2025-08-25 18:07:13",
    "meta": {
        "model": "deepLOB_TF",
        "modelKwargs": {
            "shape": [
                100,
                20,
                1
            ]
        },
        "numEpoch": 10,
        "batchSize": 64,
        "ticker": "PLTR",
        "steps": [
            "TRAIN",
            "TEST"
        ],
        "maxFiles": 1,
        "scaling": true,
        "threshold": "auto",
        "rowLim": 1000000,
        "trainTestSplit": 0.85,
        "lookForwardHorizon": 10,
        "representation": "orderfixedvol",
        "labelType": "CATEGORICAL",
        "archive": true
    },
    "metrics": {
        "accuracy": 0.4935155859309885,
        "precision": 0.5013773945287602,
        "recall": 0.47036623464503885,
        "f1": 0.476122820175771,
        "confusion_matrix": [
            [
                14298,
                22513,
                4772
            ],
            [
                9723,
                40321,
                14871
            ],
            [
                3171,
                20910,
                19396
            ]
        ]
    },
    "metricsStrength": {
        "accuracy@>0.4": 0.497797539893617,
        "coverage@>0.4": 0.9627204534089014,
        "accuracy@>0.5": 0.5444781633460879,
        "coverage@>0.5": 0.5053508918153026,
        "accuracy@>0.6": 0.6119615983393877,
        "coverage@>0.6": 0.15418569761626938,
        "accuracy@>0.7": 0.6664683130020828,
        "coverage@>0.7": 0.02241040173362227,
        "accuracy@>0.8": 0.4507042253521127,
        "coverage@>0.8": 0.0004734122353725621,
        "accuracy@>0.9": null,
        "coverage@>0.9": 0.0,
        "accuracy@1%_coverage": 0.6497665110073382,
        "accuracy@5%_coverage": 0.6565750866897839,
        "accuracy@10%_coverage": 0.6315263052610522,
        "accuracy@25%_coverage": 0.5840290187501667,
        "accuracy@50%_coverage": 0.5450411404643472
    }
}