{
    "run_id": "MDHGMtRh",
    "datetime": "2025-08-26 11:10:41",
    "meta": {
        "model": "deepLOBREG_TF",
        "modelKwargs": {
            "shape": [
                100,
                20,
                1
            ]
        },
        "numEpoch": 10,
        "batchSize": 64,
        "ticker": "PLTR",
        "steps": [
            "TRAIN",
            "TEST"
        ],
        "maxFiles": 1,
        "scaling": true,
        "threshold": "auto",
        "rowLim": 1000000,
        "trainTestSplit": 0.85,
        "lookForwardHorizon": 100,
        "representation": "orderfixedvol",
        "labelType": "REGRESSION",
        "archive": true
    },
    "metrics": {
        "MSE": 0.5037945508956909,
        "R2": 0.01189345121383667,
        "MAPE": 186.30320739746094,
        "MAE": 0.620076060295105
    },
    "metricsStrength": {
        "accuracy@>0.1": 0.5501884439142106,
        "coverage@>0.1": 0.49212396170397305,
        "accuracy@>0.2": 0.573499491353001,
        "coverage@>0.2": 0.15740067384995163,
        "accuracy@>0.3": 0.6183255019222554,
        "coverage@>0.3": 0.031237281916135704,
        "accuracy@>0.4": 0.6591251885369532,
        "coverage@>0.4": 0.004423391266637756,
        "accuracy@>0.5": 0.6779661016949152,
        "coverage@>0.5": 0.00039363512025886513,
        "accuracy@>0.6": 1.0,
        "coverage@>0.6": 8.006138039163359e-05,
        "accuracy@>0.7": 1.0,
        "coverage@>0.7": 4.670247189511959e-05,
        "accuracy@>0.8": 1.0,
        "coverage@>0.8": 2.0015345097908397e-05,
        "accuracy@>0.9": null,
        "coverage@>0.9": 0.0,
        "accuracy@1%_coverage": 0.6388518024032043,
        "accuracy@5%_coverage": 0.6014144649052575,
        "accuracy@10%_coverage": 0.5835334934614358,
        "accuracy@25%_coverage": 0.5645165594726589,
        "accuracy@50%_coverage": 0.5497584798911158
    }
}