{
    "run_id": "1nibuEZ9",
    "datetime": "2025-08-26 11:14:49",
    "meta": {
        "model": "deepLOB_TF",
        "modelKwargs": {
            "shape": [
                100,
                40,
                1
            ]
        },
        "numEpoch": 10,
        "batchSize": 64,
        "ticker": "PLTR",
        "steps": [
            "TRAIN",
            "TEST"
        ],
        "maxFiles": 1,
        "scaling": true,
        "threshold": "auto",
        "rowLim": 1000000,
        "trainTestSplit": 0.85,
        "lookForwardHorizon": 10,
        "representation": "orderbooks",
        "labelType": "CATEGORICAL",
        "archive": true
    },
    "metrics": {
        "accuracy": 0.50098,
        "precision": 0.5114660521762148,
        "recall": 0.47839620184256887,
        "f1": 0.4852106589777032,
        "confusion_matrix": [
            [
                17176,
                21588,
                3336
            ],
            [
                11532,
                40981,
                11606
            ],
            [
                4282,
                22509,
                16990
            ]
        ]
    },
    "metricsStrength": {
        "accuracy@>0.4": 0.5058034939047685,
        "coverage@>0.4": 0.9597666666666667,
        "accuracy@>0.5": 0.5565684932473434,
        "coverage@>0.5": 0.47240666666666664,
        "accuracy@>0.6": 0.6483118204361925,
        "coverage@>0.6": 0.10484666666666667,
        "accuracy@>0.7": 0.7369668246445498,
        "coverage@>0.7": 0.00844,
        "accuracy@>0.8": null,
        "coverage@>0.8": 0.0,
        "accuracy@>0.9": null,
        "coverage@>0.9": 0.0,
        "accuracy@1%_coverage": 0.7306666666666667,
        "accuracy@5%_coverage": 0.6850666666666667,
        "accuracy@10%_coverage": 0.651,
        "accuracy@25%_coverage": 0.6039733333333334,
        "accuracy@50%_coverage": 0.5528933333333333
    }
}