{
    "run_id": "BwAlv89u",
    "datetime": "2025-08-23 20:20:44",
    "meta": {
        "model": "deepLOB_TF",
        "modelKwargs": {
            "shape": [
                100,
                20,
                1
            ]
        },
        "numEpoch": 3,
        "batchSize": 64,
        "ticker": "AAPL",
        "steps": [
            "TRAIN",
            "TEST"
        ],
        "maxFiles": 1,
        "scaling": true,
        "threshold": "auto",
        "rowLim": 1000000,
        "trainTestSplit": 0.9,
        "lookForwardHorizon": 100,
        "representation": "ordervol",
        "labelType": "CATEGORICAL",
        "archive": true
    },
    "metrics": {
        "accuracy": 0.34309740714786263,
        "precision": 0.3289929881941951,
        "recall": 0.3282672979623255,
        "f1": 0.3016937104628307,
        "confusion_matrix": [
            [
                14005,
                2751,
                18851
            ],
            [
                11481,
                2238,
                15559
            ],
            [
                14272,
                2704,
                18029
            ]
        ],
        "categorical_crossentropy": 1.362242054096059
    },
    "metricsStrength": {
        "accuracy@>0.4": 0.3441071514683898,
        "coverage@>0.4": 0.8303934327760537,
        "accuracy@>0.5": 0.3413496757133413,
        "coverage@>0.5": 0.5603063369706678,
        "accuracy@>0.6": 0.3295170238224736,
        "coverage@>0.6": 0.3681249374311743,
        "accuracy@>0.7": 0.32961591855622396,
        "coverage@>0.7": 0.21633797176894584,
        "accuracy@>0.8": 0.33300308234258036,
        "coverage@>0.8": 0.09094003403744119,
        "accuracy@>0.9": 0.3028169014084507,
        "coverage@>0.9": 0.0028431274401842024
    }
}