{
    "run_id": "BNm63JDg",
    "datetime": "2025-08-23 19:34:12",
    "meta": {
        "model": "deepLOB_TF",
        "modelKwargs": {
            "shape": [
                100,
                20,
                1
            ]
        },
        "numEpoch": 3,
        "batchSize": 64,
        "ticker": "AAPL",
        "steps": [
            "TRAIN",
            "TEST"
        ],
        "maxFiles": 1,
        "scaling": true,
        "threshold": "auto",
        "rowLim": 1000000,
        "trainTestSplit": 0.9,
        "lookForwardHorizon": 20,
        "representation": "ordervol",
        "labelType": "CATEGORICAL",
        "archive": true
    },
    "metrics": {
        "accuracy": 0.4512253676102831,
        "precision": 0.43195772792231385,
        "recall": 0.45306763651991894,
        "f1": 0.40939222994469776,
        "confusion_matrix": [
            [
                22646,
                2757,
                7461
            ],
            [
                17425,
                3713,
                12463
            ],
            [
                11164,
                3591,
                18750
            ]
        ],
        "categorical_crossentropy": 1.0339583497376623
    },
    "metricsStrength": {
        "accuracy@>0.4": 0.48831001858658135,
        "coverage@>0.4": 0.7157847354206262,
        "accuracy@>0.5": 0.563346681434779,
        "coverage@>0.5": 0.35221566469940985,
        "accuracy@>0.6": 0.634605092132426,
        "coverage@>0.6": 0.1308292487746324,
        "accuracy@>0.7": 0.7284375,
        "coverage@>0.7": 0.03200960288086426,
        "accuracy@>0.8": 0.8530805687203792,
        "coverage@>0.8": 0.004221266379913974,
        "accuracy@>0.9": null,
        "coverage@>0.9": 0.0
    }
}