{
    "run_id": "TZqJ2Ch5",
    "datetime": "2025-08-26 12:57:14",
    "meta": {
        "model": "deepLOBREG_TF",
        "modelKwargs": {
            "shape": [
                100,
                20,
                1
            ]
        },
        "numEpoch": 10,
        "batchSize": 64,
        "ticker": "BAC",
        "steps": [
            "TRAIN",
            "TEST"
        ],
        "maxFiles": 1,
        "scaling": true,
        "threshold": "auto",
        "rowLim": 1000000,
        "trainTestSplit": 0.85,
        "lookForwardHorizon": 100,
        "representation": "orderfixedvol",
        "labelType": "REGRESSION",
        "archive": true
    },
    "metrics": {
        "MSE": 0.3644011616706848,
        "R2": 0.15595203638076782,
        "MAPE": 425.3839111328125,
        "MAE": 0.4925401508808136
    },
    "metricsStrength": {
        "accuracy@>0.1": 0.6149282920469361,
        "coverage@>0.1": 0.7838328095858562,
        "accuracy@>0.2": 0.6543546225993747,
        "coverage@>0.2": 0.5720344395901995,
        "accuracy@>0.3": 0.6903153153153153,
        "coverage@>0.3": 0.38568253238292327,
        "accuracy@>0.4": 0.7226038968352292,
        "coverage@>0.4": 0.22684652921488976,
        "accuracy@>0.5": 0.7129186602870813,
        "coverage@>0.5": 0.09077437980634118,
        "accuracy@>0.6": 0.8905109489051095,
        "coverage@>0.6": 0.0035001660662732173,
        "accuracy@>0.7": null,
        "coverage@>0.7": 0.0,
        "accuracy@>0.8": null,
        "coverage@>0.8": 0.0,
        "accuracy@>0.9": null,
        "coverage@>0.9": 0.0,
        "accuracy@1%_coverage": 0.7263427109974424,
        "accuracy@5%_coverage": 0.7373530914665304,
        "accuracy@10%_coverage": 0.7087378640776699,
        "accuracy@25%_coverage": 0.7186509964230966,
        "accuracy@50%_coverage": 0.6681655595298926
    }
}