{
    "run_id": "9E6HD6M0",
    "datetime": "2025-08-26 11:42:18",
    "meta": {
        "model": "deepLOB_TF",
        "modelKwargs": {
            "shape": [
                100,
                20,
                1
            ]
        },
        "numEpoch": 10,
        "batchSize": 64,
        "ticker": "BAC",
        "steps": [
            "TRAIN",
            "TEST"
        ],
        "maxFiles": 1,
        "scaling": true,
        "threshold": "auto",
        "rowLim": 1000000,
        "trainTestSplit": 0.85,
        "lookForwardHorizon": 60,
        "representation": "orderfixedvol",
        "labelType": "CATEGORICAL",
        "archive": true
    },
    "metrics": {
        "accuracy": 0.690385646103979,
        "precision": 0.6765534794869771,
        "recall": 0.5185103269680701,
        "f1": 0.5483566521214461,
        "confusion_matrix": [
            [
                2810,
                4460,
                237
            ],
            [
                1484,
                22295,
                543
            ],
            [
                260,
                5147,
                1945
            ]
        ]
    },
    "metricsStrength": {
        "accuracy@>0.4": 0.6906142255139829,
        "coverage@>0.4": 0.9993364130573492,
        "accuracy@>0.5": 0.6970308599351994,
        "coverage@>0.5": 0.9610270284066257,
        "accuracy@>0.6": 0.7176047223712869,
        "coverage@>0.6": 0.8085296444705342,
        "accuracy@>0.7": 0.7332187443459381,
        "coverage@>0.7": 0.5642530818508971,
        "accuracy@>0.8": 0.7524782216881947,
        "coverage@>0.8": 0.2548939537020495,
        "accuracy@>0.9": 0.7468394437420987,
        "coverage@>0.9": 0.0807534264056558,
        "accuracy@1%_coverage": 0.8260869565217391,
        "accuracy@5%_coverage": 0.7641653905053599,
        "accuracy@10%_coverage": 0.7501276161306789,
        "accuracy@25%_coverage": 0.7524247064828994,
        "accuracy@50%_coverage": 0.7383358856559469
    }
}