{
    "run_id": "1MwXDbGR",
    "datetime": "2025-08-26 12:55:15",
    "meta": {
        "model": "deepLOBREG_TF",
        "modelKwargs": {
            "shape": [
                100,
                20,
                1
            ]
        },
        "numEpoch": 10,
        "batchSize": 64,
        "ticker": "BAC",
        "steps": [
            "TRAIN",
            "TEST"
        ],
        "maxFiles": 1,
        "scaling": true,
        "threshold": "auto",
        "rowLim": 1000000,
        "trainTestSplit": 0.85,
        "lookForwardHorizon": 80,
        "representation": "orderfixedvol",
        "labelType": "REGRESSION",
        "archive": true
    },
    "metrics": {
        "MSE": 0.30299168825149536,
        "R2": 0.20417702198028564,
        "MAPE": 537.5001220703125,
        "MAE": 0.4414002299308777
    },
    "metricsStrength": {
        "accuracy@>0.1": 0.7155166951783565,
        "coverage@>0.1": 0.806057046551416,
        "accuracy@>0.2": 0.7423771524569509,
        "coverage@>0.2": 0.6080028599882537,
        "accuracy@>0.3": 0.7532283743145233,
        "coverage@>0.3": 0.43305839993871453,
        "accuracy@>0.4": 0.7715973201692524,
        "coverage@>0.4": 0.28967595311662114,
        "accuracy@>0.5": 0.7610025361778309,
        "coverage@>0.5": 0.17116518985725596,
        "accuracy@>0.6": 0.7766454352441614,
        "coverage@>0.6": 0.06013636015423508,
        "accuracy@>0.7": 1.0,
        "coverage@>0.7": 0.0017364214396976584,
        "accuracy@>0.8": null,
        "coverage@>0.8": 0.0,
        "accuracy@>0.9": null,
        "coverage@>0.9": 0.0,
        "accuracy@1%_coverage": 0.8772378516624041,
        "accuracy@5%_coverage": 0.7941777323799796,
        "accuracy@10%_coverage": 0.7487231869254342,
        "accuracy@25%_coverage": 0.7756894790602655,
        "accuracy@50%_coverage": 0.749438202247191
    }
}