{
    "run_id": "sBPaAAWV",
    "datetime": "2025-08-26 21:00:41",
    "meta": {
        "model": "deepLOB_TF",
        "modelKwargs": {
            "shape": [
                100,
                20,
                1
            ]
        },
        "numEpoch": 10,
        "batchSize": 64,
        "ticker": "ORCL",
        "steps": [
            "TRAIN",
            "TEST"
        ],
        "maxFiles": 1,
        "scaling": true,
        "threshold": "auto",
        "rowLim": 1000000,
        "trainTestSplit": 0.85,
        "lookForwardHorizon": 10,
        "representation": "orderflows",
        "labelType": "CATEGORICAL",
        "archive": true
    },
    "metrics": {
        "accuracy": 0.48360100619195046,
        "precision": 0.5291818224173784,
        "recall": 0.44768375025046886,
        "f1": 0.43589404690565164,
        "confusion_matrix": [
            [
                1907,
                4167,
                476
            ],
            [
                864,
                6633,
                757
            ],
            [
                421,
                3990,
                1457
            ]
        ]
    },
    "metricsStrength": {
        "accuracy@>0.4": 0.49388403494837174,
        "coverage@>0.4": 0.9135545665634675,
        "accuracy@>0.5": 0.5436921865774453,
        "coverage@>0.5": 0.4915828173374613,
        "accuracy@>0.6": 0.6574836694120988,
        "coverage@>0.6": 0.17032701238390094,
        "accuracy@>0.7": 0.7763934426229508,
        "coverage@>0.7": 0.07377128482972137,
        "accuracy@>0.8": 0.7991137370753324,
        "coverage@>0.8": 0.03274961300309598,
        "accuracy@>0.9": 0.9038461538461539,
        "coverage@>0.9": 0.0025154798761609907,
        "accuracy@1%_coverage": 0.8689320388349514,
        "accuracy@5%_coverage": 0.7754114230396902,
        "accuracy@10%_coverage": 0.7363328495403967,
        "accuracy@25%_coverage": 0.6124226006191951,
        "accuracy@50%_coverage": 0.5410216718266254
    }
}