{
    "run_id": "1eJsfYON",
    "datetime": "2025-08-25 18:54:00",
    "meta": {
        "model": "deepLOB_TF",
        "modelKwargs": {
            "shape": [
                100,
                40,
                1
            ]
        },
        "numEpoch": 10,
        "batchSize": 64,
        "ticker": "JPM",
        "steps": [
            "TRAIN",
            "TEST"
        ],
        "maxFiles": 1,
        "scaling": true,
        "threshold": "auto",
        "rowLim": 1000000,
        "trainTestSplit": 0.85,
        "lookForwardHorizon": 100,
        "representation": "orderbooks",
        "labelType": "CATEGORICAL",
        "archive": true
    },
    "metrics": {
        "accuracy": 0.35707075077153816,
        "precision": 0.35202665534578864,
        "recall": 0.35379710715004115,
        "f1": 0.3519261033687515,
        "confusion_matrix": [
            [
                3040,
                3830,
                2983
            ],
            [
                4493,
                5506,
                4647
            ],
            [
                2745,
                3593,
                3834
            ]
        ]
    },
    "metricsStrength": {
        "accuracy@>0.4": 0.35690460306871247,
        "coverage@>0.4": 0.994404545585648,
        "accuracy@>0.5": 0.3533090325385413,
        "coverage@>0.5": 0.8624787286204609,
        "accuracy@>0.6": 0.34887334887334887,
        "coverage@>0.6": 0.59392575928009,
        "accuracy@>0.7": 0.3246168499437181,
        "coverage@>0.7": 0.33310259294511263,
        "accuracy@>0.8": 0.3413078149920255,
        "coverage@>0.8": 0.14467422341438088,
        "accuracy@>0.9": 0.056818181818181816,
        "coverage@>0.9": 0.00507628854085547,
        "accuracy@1%_coverage": 0.0953757225433526,
        "accuracy@5%_coverage": 0.29486439699942296,
        "accuracy@10%_coverage": 0.3348716469570234,
        "accuracy@25%_coverage": 0.3287181262259144,
        "accuracy@50%_coverage": 0.34144793769829823
    }
}