{
    "run_id": "GGQkYvTa",
    "datetime": "2025-08-26 13:28:21",
    "meta": {
        "model": "deepLOBREG_TF",
        "modelKwargs": {
            "shape": [
                100,
                40,
                1
            ]
        },
        "numEpoch": 10,
        "batchSize": 64,
        "ticker": "JPM",
        "steps": [
            "TRAIN",
            "TEST"
        ],
        "maxFiles": 1,
        "scaling": true,
        "threshold": "auto",
        "rowLim": 1000000,
        "trainTestSplit": 0.85,
        "lookForwardHorizon": 20,
        "representation": "orderbooks",
        "labelType": "REGRESSION",
        "archive": true
    },
    "metrics": {
        "MSE": 0.3121030032634735,
        "R2": 0.09407490491867065,
        "MAPE": 568.7109985351562,
        "MAE": 0.4636227786540985
    },
    "metricsStrength": {
        "accuracy@>0.1": 0.6087043162887091,
        "coverage@>0.1": 0.7220223878449541,
        "accuracy@>0.2": 0.6332376435346979,
        "coverage@>0.2": 0.4611090328335875,
        "accuracy@>0.3": 0.6614527787652565,
        "coverage@>0.3": 0.24284193260625594,
        "accuracy@>0.4": 0.6754835039817975,
        "coverage@>0.4": 0.10117694454835832,
        "accuracy@>0.5": 0.6316297010607522,
        "coverage@>0.5": 0.02984086788869385,
        "accuracy@>0.6": 0.5671641791044776,
        "coverage@>0.6": 0.003856004143765647,
        "accuracy@>0.7": 0.6666666666666666,
        "coverage@>0.7": 8.632845097982792e-05,
        "accuracy@>0.8": null,
        "coverage@>0.8": 0.0,
        "accuracy@>0.9": null,
        "coverage@>0.9": 0.0,
        "accuracy@1%_coverage": 0.6109510086455331,
        "accuracy@5%_coverage": 0.6540011514104779,
        "accuracy@10%_coverage": 0.6765467625899281,
        "accuracy@25%_coverage": 0.6594911937377691,
        "accuracy@50%_coverage": 0.6310215827338129
    }
}