{
    "run_id": "wck7xTx7",
    "datetime": "2025-08-25 17:27:11",
    "meta": {
        "model": "deepLOB_TF",
        "modelKwargs": {
            "shape": [
                100,
                20,
                1
            ]
        },
        "numEpoch": 10,
        "batchSize": 64,
        "ticker": "META",
        "steps": [
            "TRAIN",
            "TEST"
        ],
        "maxFiles": 1,
        "scaling": true,
        "threshold": "auto",
        "rowLim": 1000000,
        "trainTestSplit": 0.85,
        "lookForwardHorizon": 20,
        "representation": "orderfixedvol",
        "labelType": "CATEGORICAL",
        "archive": true
    },
    "metrics": {
        "accuracy": 0.3564375058779272,
        "precision": 0.3374470717459161,
        "recall": 0.3636452421003386,
        "f1": 0.29433527760388134,
        "confusion_matrix": [
            [
                9260,
                312,
                8036
            ],
            [
                8546,
                224,
                9666
            ],
            [
                7437,
                218,
                9466
            ]
        ]
    },
    "metricsStrength": {
        "accuracy@>0.4": 0.36243483033019297,
        "coverage@>0.4": 0.8225712404777579,
        "accuracy@>0.5": 0.37116581618348005,
        "coverage@>0.5": 0.3354274428665475,
        "accuracy@>0.6": 0.3543763862822044,
        "coverage@>0.6": 0.11024170036678266,
        "accuracy@>0.7": 0.3263723150357995,
        "coverage@>0.7": 0.0315244992006019,
        "accuracy@>0.8": 0.1965065502183406,
        "coverage@>0.8": 0.004307345057838804,
        "accuracy@>0.9": 0.25,
        "coverage@>0.9": 7.523746825919308e-05,
        "accuracy@1%_coverage": 0.2617702448210923,
        "accuracy@5%_coverage": 0.3344620015048909,
        "accuracy@10%_coverage": 0.354778028592927,
        "accuracy@25%_coverage": 0.36332856820404785,
        "accuracy@50%_coverage": 0.36709051237679635
    }
}