{
    "run_id": "iqMXT2Th",
    "datetime": "2025-07-10 18:17:00",
    "meta": {
        "model": "deepLOB_TF",
        "modelKwargs": {
            "shape": [
                100,
                20,
                1
            ]
        },
        "numEpoch": 3,
        "batchSize": 64,
        "ticker": "AAPL",
        "steps": [
            "TRAIN",
            "TEST"
        ],
        "maxFiles": 5,
        "scaling": true,
        "threshold": "auto",
        "rowLim": 1000000,
        "trainTestSplit": 0.9,
        "lookForwardHorizon": 500,
        "representation": "orderflows"
    },
    "metrics": {
        "accuracy": 0.50535,
        "precision": 0.5180994195317239,
        "recall": 0.5048889289019102,
        "f1": 0.5059400846574155,
        "confusion_matrix": [
            [
                14605,
                12434,
                6168
            ],
            [
                6356,
                15987,
                10742
            ],
            [
                3298,
                10467,
                19943
            ]
        ]
    }
}