{
    "run_id": "LBs4KJAN",
    "datetime": "2025-07-10 17:57:12",
    "meta": {
        "model": "deepLOB_TF",
        "modelKwargs": {
            "shape": [
                100,
                20,
                1
            ]
        },
        "numEpoch": 3,
        "batchSize": 64,
        "ticker": "AMZN",
        "steps": [
            "TRAIN",
            "TEST"
        ],
        "maxFiles": 5,
        "scaling": true,
        "threshold": "auto",
        "rowLim": 1000000,
        "trainTestSplit": 0.9,
        "lookForwardHorizon": 20,
        "representation": "orderflows"
    },
    "metrics": {
        "accuracy": 0.59345,
        "precision": 0.6071373821044467,
        "recall": 0.4617985325451806,
        "f1": 0.46858117358078677,
        "confusion_matrix": [
            [
                4300,
                17465,
                1148
            ],
            [
                1542,
                47801,
                5194
            ],
            [
                370,
                14936,
                7244
            ]
        ]
    }
}