{
    "run_id": "SmPFzvZi",
    "datetime": "2025-07-10 18:22:54",
    "meta": {
        "model": "deepLOB_TF",
        "modelKwargs": {
            "shape": [
                100,
                20,
                1
            ]
        },
        "numEpoch": 3,
        "batchSize": 64,
        "ticker": "AMZN",
        "steps": [
            "TRAIN",
            "TEST"
        ],
        "maxFiles": 5,
        "scaling": true,
        "threshold": "auto",
        "rowLim": 1000000,
        "trainTestSplit": 0.9,
        "lookForwardHorizon": 500,
        "representation": "orderflows"
    },
    "metrics": {
        "accuracy": 0.5965,
        "precision": 0.6095527229931733,
        "recall": 0.45451440547080674,
        "f1": 0.4620519197023205,
        "confusion_matrix": [
            [
                4936,
                17232,
                745
            ],
            [
                2148,
                49144,
                3245
            ],
            [
                474,
                16506,
                5570
            ]
        ]
    }
}