{
    "run_id": "h7dstOi3",
    "datetime": "2025-08-25 18:13:23",
    "meta": {
        "model": "deepLOB_TF",
        "modelKwargs": {
            "shape": [
                100,
                40,
                1
            ]
        },
        "numEpoch": 10,
        "batchSize": 64,
        "ticker": "BAC",
        "steps": [
            "TRAIN",
            "TEST"
        ],
        "maxFiles": 1,
        "scaling": true,
        "threshold": "auto",
        "rowLim": 1000000,
        "trainTestSplit": 0.85,
        "lookForwardHorizon": 200,
        "representation": "orderbooks",
        "labelType": "CATEGORICAL",
        "archive": true
    },
    "metrics": {
        "accuracy": 0.35872910042055595,
        "precision": 0.35584066885073584,
        "recall": 0.35415280413855044,
        "f1": 0.34781316602084306,
        "confusion_matrix": [
            [
                4036,
                5707,
                2129
            ],
            [
                3643,
                6992,
                3507
            ],
            [
                3634,
                6387,
                2961
            ]
        ]
    },
    "metricsStrength": {
        "accuracy@>0.4": 0.3589473684210526,
        "coverage@>0.4": 0.99882039183506,
        "accuracy@>0.5": 0.35919243303394005,
        "coverage@>0.5": 0.9678684993332649,
        "accuracy@>0.6": 0.3599184386833673,
        "coverage@>0.6": 0.8803467022258693,
        "accuracy@>0.7": 0.35577972548371095,
        "coverage@>0.7": 0.7753359318904502,
        "accuracy@>0.8": 0.3458880737075584,
        "coverage@>0.8": 0.6011898656272439,
        "accuracy@>0.9": 0.34423845874227554,
        "coverage@>0.9": 0.2821827879782542,
        "accuracy@1%_coverage": 0.3110539845758355,
        "accuracy@5%_coverage": 0.4304771677783479,
        "accuracy@10%_coverage": 0.37958450884842265,
        "accuracy@25%_coverage": 0.3391117037644887,
        "accuracy@50%_coverage": 0.34926659144527644
    }
}