{
    "run_id": "O77bkOsQ",
    "datetime": "2025-08-25 18:39:29",
    "meta": {
        "model": "deepLOB_TF",
        "modelKwargs": {
            "shape": [
                100,
                40,
                1
            ]
        },
        "numEpoch": 10,
        "batchSize": 64,
        "ticker": "NVDA",
        "steps": [
            "TRAIN",
            "TEST"
        ],
        "maxFiles": 1,
        "scaling": true,
        "threshold": "auto",
        "rowLim": 1000000,
        "trainTestSplit": 0.85,
        "lookForwardHorizon": 200,
        "representation": "orderbooks",
        "labelType": "CATEGORICAL",
        "archive": true
    },
    "metrics": {
        "accuracy": 0.4070933333333333,
        "precision": 0.13569777777777778,
        "recall": 0.3333333333333333,
        "f1": 0.1928767261746832,
        "confusion_matrix": [
            [
                0,
                48013,
                0
            ],
            [
                0,
                61064,
                0
            ],
            [
                0,
                40923,
                0
            ]
        ]
    },
    "metricsStrength": {
        "accuracy@>0.4": 0.4647423724522091,
        "coverage@>0.4": 0.2633,
        "accuracy@>0.5": null,
        "coverage@>0.5": 0.0,
        "accuracy@>0.6": null,
        "coverage@>0.6": 0.0,
        "accuracy@>0.7": null,
        "coverage@>0.7": 0.0,
        "accuracy@>0.8": null,
        "coverage@>0.8": 0.0,
        "accuracy@>0.9": null,
        "coverage@>0.9": 0.0,
        "accuracy@1%_coverage": 0.452,
        "accuracy@5%_coverage": 0.5474666666666667,
        "accuracy@10%_coverage": 0.5528,
        "accuracy@25%_coverage": 0.46546666666666664,
        "accuracy@50%_coverage": 0.44594666666666666
    }
}