{
    "run_id": "iaZVeCoN",
    "datetime": "2025-08-25 18:33:46",
    "meta": {
        "model": "deepLOB_TF",
        "modelKwargs": {
            "shape": [
                100,
                40,
                1
            ]
        },
        "numEpoch": 10,
        "batchSize": 64,
        "ticker": "NVDA",
        "steps": [
            "TRAIN",
            "TEST"
        ],
        "maxFiles": 1,
        "scaling": true,
        "threshold": "auto",
        "rowLim": 1000000,
        "trainTestSplit": 0.85,
        "lookForwardHorizon": 40,
        "representation": "orderbooks",
        "labelType": "CATEGORICAL",
        "archive": true
    },
    "metrics": {
        "accuracy": 0.30207333333333336,
        "precision": 0.10069111111111112,
        "recall": 0.3333333333333333,
        "f1": 0.15466273447646744,
        "confusion_matrix": [
            [
                45311,
                0,
                0
            ],
            [
                60826,
                0,
                0
            ],
            [
                43863,
                0,
                0
            ]
        ]
    },
    "metricsStrength": {
        "accuracy@>0.4": 0.31419435942282464,
        "coverage@>0.4": 0.24394666666666667,
        "accuracy@>0.5": null,
        "coverage@>0.5": 0.0,
        "accuracy@>0.6": null,
        "coverage@>0.6": 0.0,
        "accuracy@>0.7": null,
        "coverage@>0.7": 0.0,
        "accuracy@>0.8": null,
        "coverage@>0.8": 0.0,
        "accuracy@>0.9": null,
        "coverage@>0.9": 0.0,
        "accuracy@1%_coverage": 0.32866666666666666,
        "accuracy@5%_coverage": 0.38266666666666665,
        "accuracy@10%_coverage": 0.3524,
        "accuracy@25%_coverage": 0.31594666666666665,
        "accuracy@50%_coverage": 0.30710666666666664
    }
}