{
    "run_id": "yJ3Y6rAk",
    "datetime": "2025-08-25 18:32:21",
    "meta": {
        "model": "deepLOB_TF",
        "modelKwargs": {
            "shape": [
                100,
                40,
                1
            ]
        },
        "numEpoch": 10,
        "batchSize": 64,
        "ticker": "NVDA",
        "steps": [
            "TRAIN",
            "TEST"
        ],
        "maxFiles": 1,
        "scaling": true,
        "threshold": "auto",
        "rowLim": 1000000,
        "trainTestSplit": 0.85,
        "lookForwardHorizon": 20,
        "representation": "orderbooks",
        "labelType": "CATEGORICAL",
        "archive": true
    },
    "metrics": {
        "accuracy": 0.4861666666666667,
        "precision": 0.25917280539270654,
        "recall": 0.33680088795703095,
        "f1": 0.2911285687862622,
        "confusion_matrix": [
            [
                0,
                25540,
                8749
            ],
            [
                0,
                65872,
                16756
            ],
            [
                0,
                26030,
                7053
            ]
        ]
    },
    "metricsStrength": {
        "accuracy@>0.4": 0.441470054446461,
        "coverage@>0.4": 0.014693333333333333,
        "accuracy@>0.5": null,
        "coverage@>0.5": 0.0,
        "accuracy@>0.6": null,
        "coverage@>0.6": 0.0,
        "accuracy@>0.7": null,
        "coverage@>0.7": 0.0,
        "accuracy@>0.8": null,
        "coverage@>0.8": 0.0,
        "accuracy@>0.9": null,
        "coverage@>0.9": 0.0,
        "accuracy@1%_coverage": 0.46,
        "accuracy@5%_coverage": 0.5601333333333334,
        "accuracy@10%_coverage": 0.5573333333333333,
        "accuracy@25%_coverage": 0.41984,
        "accuracy@50%_coverage": 0.40753333333333336
    }
}