{
    "run_id": "TDrBUKuC",
    "datetime": "2025-08-26 16:20:33",
    "meta": {
        "model": "deepLOBREG_TF",
        "modelKwargs": {
            "shape": [
                100,
                20,
                1
            ]
        },
        "numEpoch": 10,
        "batchSize": 64,
        "ticker": "NFLX",
        "steps": [
            "TRAIN",
            "TEST"
        ],
        "maxFiles": 1,
        "scaling": true,
        "threshold": "auto",
        "rowLim": 1000000,
        "trainTestSplit": 0.85,
        "lookForwardHorizon": 60,
        "representation": "orderflows",
        "labelType": "REGRESSION",
        "archive": true
    },
    "metrics": {
        "MSE": 0.3105069696903229,
        "R2": -0.04262101650238037,
        "MAPE": 164.271728515625,
        "MAE": 0.45573690533638
    },
    "metricsStrength": {
        "accuracy@>0.1": 0.5861338604913866,
        "coverage@>0.1": 0.6107278371852363,
        "accuracy@>0.2": 0.5811200923787528,
        "coverage@>0.2": 0.29872369782683683,
        "accuracy@>0.3": 0.5121255349500713,
        "coverage@>0.3": 0.12090375991721283,
        "accuracy@>0.4": 0.4711191335740072,
        "coverage@>0.4": 0.04777509486029666,
        "accuracy@>0.5": 0.4842105263157895,
        "coverage@>0.5": 0.008192480165574336,
        "accuracy@>0.6": null,
        "coverage@>0.6": 0.0,
        "accuracy@>0.7": null,
        "coverage@>0.7": 0.0,
        "accuracy@>0.8": null,
        "coverage@>0.8": 0.0,
        "accuracy@>0.9": null,
        "coverage@>0.9": 0.0,
        "accuracy@1%_coverage": 0.5043478260869565,
        "accuracy@5%_coverage": 0.46459412780656306,
        "accuracy@10%_coverage": 0.49611734253666956,
        "accuracy@25%_coverage": 0.5705415660572611,
        "accuracy@50%_coverage": 0.5881338392549155
    }
}