{
    "run_id": "fHgEpBej",
    "datetime": "2025-08-25 19:39:14",
    "meta": {
        "model": "deepLOB_TF",
        "modelKwargs": {
            "shape": [
                100,
                20,
                1
            ]
        },
        "numEpoch": 10,
        "batchSize": 64,
        "ticker": "NFLX",
        "steps": [
            "TRAIN",
            "TEST"
        ],
        "maxFiles": 1,
        "scaling": true,
        "threshold": "auto",
        "rowLim": 1000000,
        "trainTestSplit": 0.85,
        "lookForwardHorizon": 100,
        "representation": "orderflows",
        "labelType": "CATEGORICAL",
        "archive": true
    },
    "metrics": {
        "accuracy": 0.33895811699550016,
        "precision": 0.32221033385381664,
        "recall": 0.322890219648823,
        "f1": 0.32046122235727953,
        "confusion_matrix": [
            [
                889,
                1461,
                976
            ],
            [
                1648,
                2215,
                1660
            ],
            [
                808,
                1086,
                813
            ]
        ]
    },
    "metricsStrength": {
        "accuracy@>0.4": 0.33895811699550016,
        "coverage@>0.4": 1.0,
        "accuracy@>0.5": 0.3320830929024812,
        "coverage@>0.5": 0.8997923156801662,
        "accuracy@>0.6": 0.2886440159167432,
        "coverage@>0.6": 0.5654205607476636,
        "accuracy@>0.7": 0.24549201442555385,
        "coverage@>0.7": 0.3359293873312565,
        "accuracy@>0.8": 0.2626903553299492,
        "coverage@>0.8": 0.20456905503634476,
        "accuracy@>0.9": 0.3123209169054441,
        "coverage@>0.9": 0.06040152301834545,
        "accuracy@1%_coverage": 0.30434782608695654,
        "accuracy@5%_coverage": 0.3240901213171577,
        "accuracy@10%_coverage": 0.2891774891774892,
        "accuracy@25%_coverage": 0.26272066458982346,
        "accuracy@50%_coverage": 0.27760470751124955
    }
}