{
    "run_id": "bhZcWJWr",
    "datetime": "2025-08-26 16:17:30",
    "meta": {
        "model": "deepLOBREG_TF",
        "modelKwargs": {
            "shape": [
                100,
                20,
                1
            ]
        },
        "numEpoch": 10,
        "batchSize": 64,
        "ticker": "NFLX",
        "steps": [
            "TRAIN",
            "TEST"
        ],
        "maxFiles": 1,
        "scaling": true,
        "threshold": "auto",
        "rowLim": 1000000,
        "trainTestSplit": 0.85,
        "lookForwardHorizon": 20,
        "representation": "orderflows",
        "labelType": "REGRESSION",
        "archive": true
    },
    "metrics": {
        "MSE": 0.2654869258403778,
        "R2": -0.014341592788696289,
        "MAPE": 151.13299560546875,
        "MAE": 0.3913626968860626
    },
    "metricsStrength": {
        "accuracy@>0.1": 0.5007451564828614,
        "coverage@>0.1": 0.05766586455826744,
        "accuracy@>0.2": 0.3793103448275862,
        "coverage@>0.2": 0.002492265383293228,
        "accuracy@>0.3": 1.0,
        "coverage@>0.3": 0.00017188037126160193,
        "accuracy@>0.4": null,
        "coverage@>0.4": 0.0,
        "accuracy@>0.5": null,
        "coverage@>0.5": 0.0,
        "accuracy@>0.6": null,
        "coverage@>0.6": 0.0,
        "accuracy@>0.7": null,
        "coverage@>0.7": 0.0,
        "accuracy@>0.8": null,
        "coverage@>0.8": 0.0,
        "accuracy@>0.9": null,
        "coverage@>0.9": 0.0,
        "accuracy@1%_coverage": 0.46551724137931033,
        "accuracy@5%_coverage": 0.5008605851979346,
        "accuracy@10%_coverage": 0.5004299226139295,
        "accuracy@25%_coverage": 0.512547267102097,
        "accuracy@50%_coverage": 0.5106565830182194
    }
}