{
    "run_id": "r2byNYRK",
    "datetime": "2025-08-26 12:41:12",
    "meta": {
        "model": "deepLOBREG_TF",
        "modelKwargs": {
            "shape": [
                100,
                20,
                1
            ]
        },
        "numEpoch": 10,
        "batchSize": 64,
        "ticker": "NFLX",
        "steps": [
            "TRAIN",
            "TEST"
        ],
        "maxFiles": 1,
        "scaling": true,
        "threshold": "auto",
        "rowLim": 1000000,
        "trainTestSplit": 0.85,
        "lookForwardHorizon": 200,
        "representation": "orderfixedvol",
        "labelType": "REGRESSION",
        "archive": true
    },
    "metrics": {
        "MSE": 0.35308536887168884,
        "R2": -0.22349047660827637,
        "MAPE": 684.5028686523438,
        "MAE": 0.49072086811065674
    },
    "metricsStrength": {
        "accuracy@>0.1": 0.4595018631104138,
        "coverage@>0.1": 0.4433913043478261,
        "accuracy@>0.2": 0.49414371636593857,
        "coverage@>0.2": 0.27469565217391306,
        "accuracy@>0.3": 0.4686635944700461,
        "coverage@>0.3": 0.18869565217391304,
        "accuracy@>0.4": 0.5051948051948052,
        "coverage@>0.4": 0.13391304347826086,
        "accuracy@>0.5": 0.5135845749342682,
        "coverage@>0.5": 0.09921739130434783,
        "accuracy@>0.6": 0.7103960396039604,
        "coverage@>0.6": 0.035130434782608695,
        "accuracy@>0.7": 1.0,
        "coverage@>0.7": 0.001565217391304348,
        "accuracy@>0.8": null,
        "coverage@>0.8": 0.0,
        "accuracy@>0.9": null,
        "coverage@>0.9": 0.0,
        "accuracy@1%_coverage": 0.8521739130434782,
        "accuracy@5%_coverage": 0.6591304347826087,
        "accuracy@10%_coverage": 0.5113043478260869,
        "accuracy@25%_coverage": 0.49043478260869566,
        "accuracy@50%_coverage": 0.45008695652173913
    }
}