{
    "run_id": "CTIFkJnU",
    "datetime": "2025-08-25 19:48:48",
    "meta": {
        "model": "deepLOB_TF",
        "modelKwargs": {
            "shape": [
                100,
                20,
                1
            ]
        },
        "numEpoch": 10,
        "batchSize": 64,
        "ticker": "NFLX",
        "steps": [
            "TRAIN",
            "TEST"
        ],
        "maxFiles": 1,
        "scaling": true,
        "threshold": "auto",
        "rowLim": 1000000,
        "trainTestSplit": 0.85,
        "lookForwardHorizon": 20,
        "representation": "orderfixedvol",
        "labelType": "CATEGORICAL",
        "archive": true
    },
    "metrics": {
        "accuracy": 0.29914383561643837,
        "precision": 0.3552368756466983,
        "recall": 0.355681073013792,
        "f1": 0.25523916067904273,
        "confusion_matrix": [
            [
                2408,
                40,
                962
            ],
            [
                3648,
                93,
                1639
            ],
            [
                1838,
                59,
                993
            ]
        ]
    },
    "metricsStrength": {
        "accuracy@>0.4": 0.25918153200419725,
        "coverage@>0.4": 0.08159246575342466,
        "accuracy@>0.5": 0.21551724137931033,
        "coverage@>0.5": 0.00993150684931507,
        "accuracy@>0.6": null,
        "coverage@>0.6": 0.0,
        "accuracy@>0.7": null,
        "coverage@>0.7": 0.0,
        "accuracy@>0.8": null,
        "coverage@>0.8": 0.0,
        "accuracy@>0.9": null,
        "coverage@>0.9": 0.0,
        "accuracy@1%_coverage": 0.21551724137931033,
        "accuracy@5%_coverage": 0.2071917808219178,
        "accuracy@10%_coverage": 0.24143835616438356,
        "accuracy@25%_coverage": 0.30205479452054795,
        "accuracy@50%_coverage": 0.2936643835616438
    }
}