{
    "run_id": "Vbh1gW3E",
    "datetime": "2025-08-25 15:11:57",
    "meta": {
        "model": "deepLOBREG_TF",
        "modelKwargs": {
            "shape": [
                100,
                20,
                1
            ]
        },
        "numEpoch": 10,
        "batchSize": 64,
        "ticker": "AAPL",
        "steps": [
            "TRAIN",
            "TEST"
        ],
        "maxFiles": 1,
        "scaling": true,
        "threshold": "auto",
        "rowLim": 1000000,
        "trainTestSplit": 0.85,
        "lookForwardHorizon": 60,
        "representation": "orderfixedvol",
        "labelType": "REGRESSION",
        "archive": true
    },
    "metrics": {
        "MSE": 0.4571281373500824,
        "R2": 0.03663510084152222,
        "MAPE": 378.904541015625,
        "MAE": 0.585771381855011
    },
    "metricsStrength": {
        "accuracy@>0.1": 0.5880835503907033,
        "coverage@>0.1": 0.5326396531599132,
        "accuracy@>0.2": 0.6290518071914721,
        "coverage@>0.2": 0.21462064365516093,
        "accuracy@>0.3": 0.6739474204388219,
        "coverage@>0.3": 0.06748707687176922,
        "accuracy@>0.4": 0.6987480438184663,
        "coverage@>0.4": 0.017048524262131066,
        "accuracy@>0.5": 0.7050691244239631,
        "coverage@>0.5": 0.002894780723695181,
        "accuracy@>0.6": 0.696969696969697,
        "coverage@>0.6": 0.00022011005502751375,
        "accuracy@>0.7": null,
        "coverage@>0.7": 0.0,
        "accuracy@>0.8": null,
        "coverage@>0.8": 0.0,
        "accuracy@>0.9": null,
        "coverage@>0.9": 0.0,
        "accuracy@1%_coverage": 0.6811207471647766,
        "accuracy@5%_coverage": 0.686632870864461,
        "accuracy@10%_coverage": 0.660952508004269,
        "accuracy@25%_coverage": 0.6221285451295323,
        "accuracy@50%_coverage": 0.5912062111469811
    }
}