{
    "run_id": "bBc0BEPg",
    "datetime": "2025-08-25 14:44:14",
    "meta": {
        "model": "deepLOB_TF",
        "modelKwargs": {
            "shape": [
                100,
                40,
                1
            ]
        },
        "numEpoch": 10,
        "batchSize": 64,
        "ticker": "AAPL",
        "steps": [
            "TRAIN",
            "TEST"
        ],
        "maxFiles": 1,
        "scaling": true,
        "threshold": "auto",
        "rowLim": 1000000,
        "trainTestSplit": 0.85,
        "lookForwardHorizon": 80,
        "representation": "orderbooks",
        "labelType": "CATEGORICAL",
        "archive": true
    },
    "metrics": {
        "accuracy": 0.33892666666666665,
        "precision": 0.3839940013905541,
        "recall": 0.3389163710872907,
        "f1": 0.27084963680450885,
        "confusion_matrix": [
            [
                20993,
                75,
                28865
            ],
            [
                20490,
                157,
                29370
            ],
            [
                20262,
                99,
                29689
            ]
        ]
    },
    "metricsStrength": {
        "accuracy@>0.4": 0.3394927486985715,
        "coverage@>0.4": 0.9809733333333334,
        "accuracy@>0.5": 0.3464670777143988,
        "coverage@>0.5": 0.60658,
        "accuracy@>0.6": 0.36772125789356774,
        "coverage@>0.6": 0.21008666666666667,
        "accuracy@>0.7": 0.4218963165075034,
        "coverage@>0.7": 0.019546666666666667,
        "accuracy@>0.8": 0.6338028169014085,
        "coverage@>0.8": 0.0004733333333333333,
        "accuracy@>0.9": null,
        "coverage@>0.9": 0.0,
        "accuracy@1%_coverage": 0.4593333333333333,
        "accuracy@5%_coverage": 0.39053333333333334,
        "accuracy@10%_coverage": 0.37826666666666664,
        "accuracy@25%_coverage": 0.36384,
        "accuracy@50%_coverage": 0.3522266666666667
    }
}