{
    "run_id": "oBTDhLMR",
    "datetime": "2025-08-25 15:06:08",
    "meta": {
        "model": "deepLOB_TF",
        "modelKwargs": {
            "shape": [
                100,
                40,
                1
            ]
        },
        "numEpoch": 10,
        "batchSize": 64,
        "ticker": "AAPL",
        "steps": [
            "TRAIN",
            "TEST"
        ],
        "maxFiles": 1,
        "scaling": true,
        "threshold": "auto",
        "rowLim": 1000000,
        "trainTestSplit": 0.85,
        "lookForwardHorizon": 200,
        "representation": "orderbooks",
        "labelType": "CATEGORICAL",
        "archive": true
    },
    "metrics": {
        "accuracy": 0.32264,
        "precision": 0.396012736059463,
        "recall": 0.3269609278093823,
        "f1": 0.25811651400415836,
        "confusion_matrix": [
            [
                27983,
                8,
                21168
            ],
            [
                28866,
                31,
                22358
            ],
            [
                29186,
                18,
                20382
            ]
        ]
    },
    "metricsStrength": {
        "accuracy@>0.4": 0.3226816164447559,
        "coverage@>0.4": 0.9989,
        "accuracy@>0.5": 0.32114334360187863,
        "coverage@>0.5": 0.9240733333333333,
        "accuracy@>0.6": 0.3190782592688661,
        "coverage@>0.6": 0.7967533333333333,
        "accuracy@>0.7": 0.317016711833785,
        "coverage@>0.7": 0.5904,
        "accuracy@>0.8": 0.3052940883510135,
        "coverage@>0.8": 0.26772,
        "accuracy@>0.9": 0.32938076416337286,
        "coverage@>0.9": 0.00506,
        "accuracy@1%_coverage": 0.2926666666666667,
        "accuracy@5%_coverage": 0.3274666666666667,
        "accuracy@10%_coverage": 0.3156,
        "accuracy@25%_coverage": 0.30496,
        "accuracy@50%_coverage": 0.31334666666666666
    }
}