{
    "run_id": "H9ZCDEdm",
    "datetime": "2025-08-26 12:17:40",
    "meta": {
        "model": "deepLOB_TF",
        "modelKwargs": {
            "shape": [
                100,
                20,
                1
            ]
        },
        "numEpoch": 10,
        "batchSize": 64,
        "ticker": "NVDA",
        "steps": [
            "TRAIN",
            "TEST"
        ],
        "maxFiles": 1,
        "scaling": true,
        "threshold": "auto",
        "rowLim": 1000000,
        "trainTestSplit": 0.85,
        "lookForwardHorizon": 20,
        "representation": "orderfixedvol",
        "labelType": "CATEGORICAL",
        "archive": true
    },
    "metrics": {
        "accuracy": 0.6799586570199714,
        "precision": 0.6564159806325228,
        "recall": 0.484023906564373,
        "f1": 0.504731198281983,
        "confusion_matrix": [
            [
                7871,
                20604,
                1571
            ],
            [
                2286,
                87433,
                1784
            ],
            [
                2609,
                19141,
                6666
            ]
        ]
    },
    "metricsStrength": {
        "accuracy@>0.4": 0.6823296765384435,
        "coverage@>0.4": 0.9913846564198313,
        "accuracy@>0.5": 0.6944410044218455,
        "coverage@>0.5": 0.9153669189477545,
        "accuracy@>0.6": 0.7250306552220505,
        "coverage@>0.6": 0.6253792551595372,
        "accuracy@>0.7": 0.8132006405856783,
        "coverage@>0.7": 0.11658720368085887,
        "accuracy@>0.8": 0.9127415458937198,
        "coverage@>0.8": 0.022085153202413898,
        "accuracy@>0.9": 0.9274193548387096,
        "coverage@>0.9": 0.0008268596005734671,
        "accuracy@1%_coverage": 0.9259506337558372,
        "accuracy@5%_coverage": 0.8636969858628968,
        "accuracy@10%_coverage": 0.820285409442518,
        "accuracy@25%_coverage": 0.7740791123202903,
        "accuracy@50%_coverage": 0.7390440372356032
    }
}