{
    "run_id": "iSkcvfxy",
    "datetime": "2025-08-26 12:02:10",
    "meta": {
        "model": "deepLOB_TF",
        "modelKwargs": {
            "shape": [
                100,
                20,
                1
            ]
        },
        "numEpoch": 10,
        "batchSize": 64,
        "ticker": "NVDA",
        "steps": [
            "TRAIN",
            "TEST"
        ],
        "maxFiles": 1,
        "scaling": true,
        "threshold": "auto",
        "rowLim": 1000000,
        "trainTestSplit": 0.85,
        "lookForwardHorizon": 10,
        "representation": "orderfixedvol",
        "labelType": "CATEGORICAL",
        "archive": true
    },
    "metrics": {
        "accuracy": 0.7869111518586431,
        "precision": 0.6664273300908546,
        "recall": 0.5153003330310977,
        "f1": 0.55549068575462,
        "confusion_matrix": [
            [
                5951,
                12735,
                1079
            ],
            [
                2794,
                106685,
                2079
            ],
            [
                2023,
                11248,
                5381
            ]
        ]
    },
    "metricsStrength": {
        "accuracy@>0.4": 0.7908378865771271,
        "coverage@>0.4": 0.9909118186364394,
        "accuracy@>0.5": 0.8041979598699698,
        "coverage@>0.5": 0.9517319553258876,
        "accuracy@>0.6": 0.822316026025494,
        "coverage@>0.6": 0.8782597099516586,
        "accuracy@>0.7": 0.8407642749977937,
        "coverage@>0.7": 0.7555259209868311,
        "accuracy@>0.8": 0.8710273706057855,
        "coverage@>0.8": 0.41121520253375565,
        "accuracy@>0.9": 0.9575767860173087,
        "coverage@>0.9": 0.03929321553592265,
        "accuracy@1%_coverage": 0.981320880587058,
        "accuracy@5%_coverage": 0.9499866631101627,
        "accuracy@10%_coverage": 0.9269853970794159,
        "accuracy@25%_coverage": 0.8908062838396501,
        "accuracy@50%_coverage": 0.8635096750103352
    }
}