{
    "run_id": "jt8DfS3q",
    "datetime": "2025-08-25 18:01:29",
    "meta": {
        "model": "deepLOBREG_TF",
        "modelKwargs": {
            "shape": [
                100,
                40,
                1
            ]
        },
        "numEpoch": 10,
        "batchSize": 64,
        "ticker": "PLTR",
        "steps": [
            "TRAIN",
            "TEST"
        ],
        "maxFiles": 1,
        "scaling": true,
        "threshold": "auto",
        "rowLim": 1000000,
        "trainTestSplit": 0.85,
        "lookForwardHorizon": 100,
        "representation": "orderbooks",
        "labelType": "REGRESSION",
        "archive": true
    },
    "metrics": {
        "MSE": 0.5510675311088562,
        "R2": -0.08029210567474365,
        "MAPE": 253.87962341308594,
        "MAE": 0.6407588720321655
    },
    "metricsStrength": {
        "accuracy@>0.1": 0.5093500791908638,
        "coverage@>0.1": 0.71978,
        "accuracy@>0.2": 0.5124699014958044,
        "coverage@>0.2": 0.4568333333333333,
        "accuracy@>0.3": 0.5113708697413344,
        "coverage@>0.3": 0.23041333333333333,
        "accuracy@>0.4": 0.49833438372197714,
        "coverage@>0.4": 0.07404666666666666,
        "accuracy@>0.5": 0.539381153305204,
        "coverage@>0.5": 0.00948,
        "accuracy@>0.6": 0.37037037037037035,
        "coverage@>0.6": 0.00018,
        "accuracy@>0.7": null,
        "coverage@>0.7": 0.0,
        "accuracy@>0.8": null,
        "coverage@>0.8": 0.0,
        "accuracy@>0.9": null,
        "coverage@>0.9": 0.0,
        "accuracy@1%_coverage": 0.54,
        "accuracy@5%_coverage": 0.5081333333333333,
        "accuracy@10%_coverage": 0.505,
        "accuracy@25%_coverage": 0.5115466666666667,
        "accuracy@50%_coverage": 0.51136
    }
}