{
    "run_id": "Rl1WF51L",
    "datetime": "2025-08-25 18:38:06",
    "meta": {
        "model": "deepLOB_TF",
        "modelKwargs": {
            "shape": [
                100,
                40,
                1
            ]
        },
        "numEpoch": 10,
        "batchSize": 64,
        "ticker": "NVDA",
        "steps": [
            "TRAIN",
            "TEST"
        ],
        "maxFiles": 1,
        "scaling": true,
        "threshold": "auto",
        "rowLim": 1000000,
        "trainTestSplit": 0.85,
        "lookForwardHorizon": 100,
        "representation": "orderbooks",
        "labelType": "CATEGORICAL",
        "archive": true
    },
    "metrics": {
        "accuracy": 0.39184,
        "precision": 0.2237463530157963,
        "recall": 0.33462417656389104,
        "f1": 0.19622866597633884,
        "confusion_matrix": [
            [
                0,
                45816,
                986
            ],
            [
                0,
                58183,
                556
            ],
            [
                0,
                43866,
                593
            ]
        ]
    },
    "metricsStrength": {
        "accuracy@>0.4": 0.4504414087910045,
        "coverage@>0.4": 0.3587,
        "accuracy@>0.5": 0.39706051211390514,
        "coverage@>0.5": 0.05806,
        "accuracy@>0.6": null,
        "coverage@>0.6": 0.0,
        "accuracy@>0.7": null,
        "coverage@>0.7": 0.0,
        "accuracy@>0.8": null,
        "coverage@>0.8": 0.0,
        "accuracy@>0.9": null,
        "coverage@>0.9": 0.0,
        "accuracy@1%_coverage": 0.4073333333333333,
        "accuracy@5%_coverage": 0.3994666666666667,
        "accuracy@10%_coverage": 0.4068,
        "accuracy@25%_coverage": 0.43104,
        "accuracy@50%_coverage": 0.42628
    }
}