{
    "run_id": "XRVFvh06",
    "datetime": "2025-08-12 13:20:47",
    "meta": {
        "model": "deepLOB_TF",
        "modelKwargs": {
            "shape": [
                100,
                30,
                1
            ]
        },
        "numEpoch": 4,
        "batchSize": 64,
        "ticker": "META",
        "steps": [
            "TRAIN",
            "TEST"
        ],
        "maxFiles": 5,
        "scaling": true,
        "threshold": "auto",
        "rowLim": 1000000,
        "trainTestSplit": 0.9,
        "lookForwardHorizon": 50,
        "representation": "orderfixedvol",
        "labelType": "CATEGORICAL",
        "archive": true
    },
    "metrics": {
        "accuracy": 0.34651186067460715,
        "precision": 0.3279464451601452,
        "recall": 0.33013204026014537,
        "f1": 0.32545797905976687,
        "confusion_matrix": [
            [
                1177,
                852,
                1835
            ],
            [
                837,
                485,
                1094
            ],
            [
                1145,
                766,
                1800
            ]
        ]
    },
    "metricsStrength": {
        "accuracy@>0.4": 0.3663169319826339,
        "coverage@>0.4": 0.5532979681713542,
        "accuracy@>0.5": 0.3967935871743487,
        "coverage@>0.5": 0.09988990091081974,
        "accuracy@>0.6": 0.47333333333333333,
        "coverage@>0.6": 0.015013512160944851,
        "accuracy@>0.7": 0.8260869565217391,
        "coverage@>0.7": 0.0023020718646782103,
        "accuracy@>0.8": null,
        "coverage@>0.8": 0.0,
        "accuracy@>0.9": null,
        "coverage@>0.9": 0.0
    }
}