{
    "run_id": "YF8lsN8E",
    "datetime": "2025-08-12 13:15:40",
    "meta": {
        "model": "deepLOB_TF",
        "modelKwargs": {
            "shape": [
                100,
                30,
                1
            ]
        },
        "numEpoch": 4,
        "batchSize": 64,
        "ticker": "META",
        "steps": [
            "TRAIN",
            "TEST"
        ],
        "maxFiles": 5,
        "scaling": true,
        "threshold": "auto",
        "rowLim": 1000000,
        "trainTestSplit": 0.9,
        "lookForwardHorizon": 5,
        "representation": "orderfixedvol",
        "labelType": "CATEGORICAL",
        "archive": true
    },
    "metrics": {
        "accuracy": 0.378941046942248,
        "precision": 0.3442343470459213,
        "recall": 0.3464745904077667,
        "f1": 0.33592624178400027,
        "confusion_matrix": [
            [
                1949,
                400,
                1515
            ],
            [
                1194,
                277,
                945
            ],
            [
                1674,
                477,
                1560
            ]
        ]
    },
    "metricsStrength": {
        "accuracy@>0.4": 0.3840877914951989,
        "coverage@>0.4": 0.5837253528175358,
        "accuracy@>0.5": 0.40197287299630086,
        "coverage@>0.5": 0.1623461115003503,
        "accuracy@>0.6": 0.4897959183673469,
        "coverage@>0.6": 0.03923531178060254,
        "accuracy@>0.7": 0.2878787878787879,
        "coverage@>0.7": 0.006605945350815734,
        "accuracy@>0.8": 0.0,
        "coverage@>0.8": 0.000300270243218897,
        "accuracy@>0.9": null,
        "coverage@>0.9": 0.0
    }
}