{
    "run_id": "6oMVZ0Bi",
    "datetime": "2025-08-12 14:29:58",
    "meta": {
        "model": "deepLOB_TF",
        "modelKwargs": {
            "shape": [
                100,
                30,
                1
            ]
        },
        "numEpoch": 3,
        "batchSize": 64,
        "ticker": "META",
        "steps": [
            "TRAIN",
            "TEST"
        ],
        "maxFiles": 2,
        "scaling": true,
        "threshold": "auto",
        "rowLim": 1000000,
        "trainTestSplit": 0.9,
        "lookForwardHorizon": 10,
        "representation": "orderfixedvol",
        "labelType": "CATEGORICAL",
        "archive": true
    },
    "metrics": {
        "accuracy": 0.3302498730892887,
        "precision": 0.33848315115767474,
        "recall": 0.32879013220031045,
        "f1": 0.28489479081646335,
        "confusion_matrix": [
            [
                7963,
                989,
                3080
            ],
            [
                8316,
                1086,
                2687
            ],
            [
                7809,
                867,
                2661
            ]
        ]
    },
    "metricsStrength": {
        "accuracy@>0.4": 0.3161874334398296,
        "coverage@>0.4": 0.2648203508376107,
        "accuracy@>0.5": 0.2664188351920694,
        "coverage@>0.5": 0.022759320886682834,
        "accuracy@>0.6": 0.35294117647058826,
        "coverage@>0.6": 0.000479440464775227,
        "accuracy@>0.7": null,
        "coverage@>0.7": 0.0,
        "accuracy@>0.8": null,
        "coverage@>0.8": 0.0,
        "accuracy@>0.9": null,
        "coverage@>0.9": 0.0
    }
}