{
    "run_id": "isIsY8HG",
    "datetime": "2025-08-12 13:17:49",
    "meta": {
        "model": "deepLOB_TF",
        "modelKwargs": {
            "shape": [
                100,
                30,
                1
            ]
        },
        "numEpoch": 4,
        "batchSize": 64,
        "ticker": "META",
        "steps": [
            "TRAIN",
            "TEST"
        ],
        "maxFiles": 5,
        "scaling": true,
        "threshold": "auto",
        "rowLim": 1000000,
        "trainTestSplit": 0.9,
        "lookForwardHorizon": 10,
        "representation": "orderfixedvol",
        "labelType": "CATEGORICAL",
        "archive": true
    },
    "metrics": {
        "accuracy": 0.37103393053748374,
        "precision": 0.32594301449130963,
        "recall": 0.3358722172160218,
        "f1": 0.3191837422343377,
        "confusion_matrix": [
            [
                1703,
                375,
                1786
            ],
            [
                1079,
                186,
                1151
            ],
            [
                1524,
                369,
                1818
            ]
        ]
    },
    "metricsStrength": {
        "accuracy@>0.4": 0.38616183615345956,
        "coverage@>0.4": 0.597437693924532,
        "accuracy@>0.5": 0.40279394644935973,
        "coverage@>0.5": 0.17195475928335502,
        "accuracy@>0.6": 0.40893470790378006,
        "coverage@>0.6": 0.05825242718446602,
        "accuracy@>0.7": 0.5076923076923077,
        "coverage@>0.7": 0.013011710539485537,
        "accuracy@>0.8": 0.7407407407407407,
        "coverage@>0.8": 0.002702432188970073,
        "accuracy@>0.9": 1.0,
        "coverage@>0.9": 0.00010009008107296567
    }
}