{
    "run_id": "PRfKkdbJ",
    "datetime": "2025-08-12 13:23:43",
    "meta": {
        "model": "deepLOB_TF",
        "modelKwargs": {
            "shape": [
                100,
                30,
                1
            ]
        },
        "numEpoch": 4,
        "batchSize": 64,
        "ticker": "META",
        "steps": [
            "TRAIN",
            "TEST"
        ],
        "maxFiles": 5,
        "scaling": true,
        "threshold": "auto",
        "rowLim": 1000000,
        "trainTestSplit": 0.9,
        "lookForwardHorizon": 500,
        "representation": "orderfixedvol",
        "labelType": "CATEGORICAL",
        "archive": true
    },
    "metrics": {
        "accuracy": 0.3772395155640076,
        "precision": 0.34477123906810125,
        "recall": 0.3373605942942069,
        "f1": 0.3105601729182654,
        "confusion_matrix": [
            [
                2363,
                195,
                1306
            ],
            [
                1478,
                150,
                788
            ],
            [
                2247,
                208,
                1256
            ]
        ]
    },
    "metricsStrength": {
        "accuracy@>0.4": 0.3765468473777254,
        "coverage@>0.4": 0.679411470323291,
        "accuracy@>0.5": 0.3473861720067454,
        "coverage@>0.5": 0.17806025422880592,
        "accuracy@>0.6": 0.36446469248291574,
        "coverage@>0.6": 0.04393954559103193,
        "accuracy@>0.7": 0.6226415094339622,
        "coverage@>0.7": 0.00530477429686718,
        "accuracy@>0.8": null,
        "coverage@>0.8": 0.0,
        "accuracy@>0.9": null,
        "coverage@>0.9": 0.0
    }
}