{
    "run_id": "ubvoIfqB",
    "datetime": "2025-08-25 18:57:28",
    "meta": {
        "model": "deepLOBREG_TF",
        "modelKwargs": {
            "shape": [
                100,
                20,
                1
            ]
        },
        "numEpoch": 10,
        "batchSize": 64,
        "ticker": "META",
        "steps": [
            "TRAIN",
            "TEST"
        ],
        "maxFiles": 1,
        "scaling": true,
        "threshold": "auto",
        "rowLim": 1000000,
        "trainTestSplit": 0.85,
        "lookForwardHorizon": 40,
        "representation": "orderflows",
        "labelType": "REGRESSION",
        "archive": true
    },
    "metrics": {
        "MSE": 0.38943660259246826,
        "R2": 0.040578484535217285,
        "MAPE": 252.37942504882812,
        "MAE": 0.5199909210205078
    },
    "metricsStrength": {
        "accuracy@>0.1": 0.6162723600692441,
        "coverage@>0.1": 0.6853543247773112,
        "accuracy@>0.2": 0.6568792349464174,
        "coverage@>0.2": 0.39187585921169094,
        "accuracy@>0.3": 0.7057915057915058,
        "coverage@>0.3": 0.17071241596203462,
        "accuracy@>0.4": 0.7684766214177979,
        "coverage@>0.4": 0.04994256228696258,
        "accuracy@>0.5": 0.8316831683168316,
        "coverage@>0.5": 0.007608142972825371,
        "accuracy@>0.6": 0.7872340425531915,
        "coverage@>0.6": 0.0008851057418881001,
        "accuracy@>0.7": 0.7777777777777778,
        "coverage@>0.7": 0.00016948833355304044,
        "accuracy@>0.8": 0.0,
        "coverage@>0.8": 1.8832037061448937e-05,
        "accuracy@>0.9": null,
        "coverage@>0.9": 0.0,
        "accuracy@1%_coverage": 0.8192090395480226,
        "accuracy@5%_coverage": 0.7687382297551789,
        "accuracy@10%_coverage": 0.7361581920903955,
        "accuracy@25%_coverage": 0.687834274952919,
        "accuracy@50%_coverage": 0.6365348399246704
    }
}