{
    "run_id": "VX3qxxLr",
    "datetime": "2025-08-26 16:37:46",
    "meta": {
        "model": "deepLOBREG_TF",
        "modelKwargs": {
            "shape": [
                100,
                20,
                1
            ]
        },
        "numEpoch": 10,
        "batchSize": 64,
        "ticker": "ORCL",
        "steps": [
            "TRAIN",
            "TEST"
        ],
        "maxFiles": 1,
        "scaling": true,
        "threshold": "auto",
        "rowLim": 1000000,
        "trainTestSplit": 0.85,
        "lookForwardHorizon": 10,
        "representation": "orderfixedvol",
        "labelType": "REGRESSION",
        "archive": true
    },
    "metrics": {
        "MSE": 0.28676238656044006,
        "R2": 0.0058362483978271484,
        "MAPE": 257.24365234375,
        "MAE": 0.40404391288757324
    },
    "metricsStrength": {
        "accuracy@>0.1": 0.6144430844553244,
        "coverage@>0.1": 0.15775246186522496,
        "accuracy@>0.2": 0.6194444444444445,
        "coverage@>0.2": 0.017377872176095772,
        "accuracy@>0.3": 0.6666666666666666,
        "coverage@>0.3": 0.0028963120293492954,
        "accuracy@>0.4": 0.375,
        "coverage@>0.4": 0.0003861749372465727,
        "accuracy@>0.5": null,
        "coverage@>0.5": 0.0,
        "accuracy@>0.6": null,
        "coverage@>0.6": 0.0,
        "accuracy@>0.7": null,
        "coverage@>0.7": 0.0,
        "accuracy@>0.8": null,
        "coverage@>0.8": 0.0,
        "accuracy@>0.9": null,
        "coverage@>0.9": 0.0,
        "accuracy@1%_coverage": 0.6086956521739131,
        "accuracy@5%_coverage": 0.6164251207729469,
        "accuracy@10%_coverage": 0.6175760502172863,
        "accuracy@25%_coverage": 0.5883375168951535,
        "accuracy@50%_coverage": 0.5568642595095579
    }
}