{
    "run_id": "kpoFSxBE",
    "datetime": "2025-08-26 13:02:18",
    "meta": {
        "model": "deepLOBREG_TF",
        "modelKwargs": {
            "shape": [
                100,
                20,
                1
            ]
        },
        "numEpoch": 10,
        "batchSize": 64,
        "ticker": "ORCL",
        "steps": [
            "TRAIN",
            "TEST"
        ],
        "maxFiles": 1,
        "scaling": true,
        "threshold": "auto",
        "rowLim": 1000000,
        "trainTestSplit": 0.85,
        "lookForwardHorizon": 40,
        "representation": "orderfixedvol",
        "labelType": "REGRESSION",
        "archive": true
    },
    "metrics": {
        "MSE": 0.34135743975639343,
        "R2": -0.06201028823852539,
        "MAPE": 168.74635314941406,
        "MAE": 0.4835057854652405
    },
    "metricsStrength": {
        "accuracy@>0.1": 0.4861072391041725,
        "coverage@>0.1": 0.5202069032195688,
        "accuracy@>0.2": 0.47820577800304104,
        "coverage@>0.2": 0.19075703374262787,
        "accuracy@>0.3": 0.5677018633540373,
        "coverage@>0.3": 0.03891520835347578,
        "accuracy@>0.4": 0.6694915254237288,
        "coverage@>0.4": 0.005704341100261046,
        "accuracy@>0.5": 0.0,
        "coverage@>0.5": 0.00019336749492410325,
        "accuracy@>0.6": null,
        "coverage@>0.6": 0.0,
        "accuracy@>0.7": null,
        "coverage@>0.7": 0.0,
        "accuracy@>0.8": null,
        "coverage@>0.8": 0.0,
        "accuracy@>0.9": null,
        "coverage@>0.9": 0.0,
        "accuracy@1%_coverage": 0.6116504854368932,
        "accuracy@5%_coverage": 0.5541586073500967,
        "accuracy@10%_coverage": 0.5024177949709865,
        "accuracy@25%_coverage": 0.4726358538000387,
        "accuracy@50%_coverage": 0.48718940346127815
    }
}