{
    "run_id": "QeC34w5n",
    "datetime": "2025-08-25 19:33:53",
    "meta": {
        "model": "deepLOB_TF",
        "modelKwargs": {
            "shape": [
                100,
                20,
                1
            ]
        },
        "numEpoch": 10,
        "batchSize": 64,
        "ticker": "NFLX",
        "steps": [
            "TRAIN",
            "TEST"
        ],
        "maxFiles": 1,
        "scaling": true,
        "threshold": "auto",
        "rowLim": 1000000,
        "trainTestSplit": 0.85,
        "lookForwardHorizon": 60,
        "representation": "orderflows",
        "labelType": "CATEGORICAL",
        "archive": true
    },
    "metrics": {
        "accuracy": 0.31252155915833046,
        "precision": 0.4308616400255136,
        "recall": 0.38654161099045076,
        "f1": 0.2710418822918727,
        "confusion_matrix": [
            [
                1832,
                4,
                1567
            ],
            [
                2592,
                10,
                2714
            ],
            [
                1094,
                1,
                1782
            ]
        ]
    },
    "metricsStrength": {
        "accuracy@>0.4": 0.3112227023239519,
        "coverage@>0.4": 0.7384442911348741,
        "accuracy@>0.5": 0.31037037037037035,
        "coverage@>0.5": 0.3492583649534322,
        "accuracy@>0.6": 0.33185840707964603,
        "coverage@>0.6": 0.13642635391514316,
        "accuracy@>0.7": 0.12758620689655173,
        "coverage@>0.7": 0.025008623663332185,
        "accuracy@>0.8": null,
        "coverage@>0.8": 0.0,
        "accuracy@>0.9": null,
        "coverage@>0.9": 0.0,
        "accuracy@1%_coverage": 0.0,
        "accuracy@5%_coverage": 0.26770293609671847,
        "accuracy@10%_coverage": 0.3451251078515962,
        "accuracy@25%_coverage": 0.3183856502242152,
        "accuracy@50%_coverage": 0.30993446015867543
    }
}