{
    "run_id": "E2uD87ek",
    "datetime": "2025-08-23 22:17:07",
    "meta": {
        "model": "deepLOB_TF",
        "modelKwargs": {
            "shape": [
                100,
                20,
                1
            ]
        },
        "numEpoch": 3,
        "batchSize": 64,
        "ticker": "META",
        "steps": [
            "TRAIN",
            "TEST"
        ],
        "maxFiles": 2,
        "scaling": true,
        "threshold": "auto",
        "rowLim": 1000000,
        "trainTestSplit": 0.9,
        "lookForwardHorizon": 200,
        "representation": "orderfixedvol",
        "labelType": "CATEGORICAL",
        "archive": true
    },
    "metrics": {
        "accuracy": 0.2937572680602434,
        "precision": 0.331762226040294,
        "recall": 0.32615186696263365,
        "f1": 0.2845654144979839,
        "confusion_matrix": [
            [
                4009,
                1549,
                7128
            ],
            [
                4873,
                1838,
                7383
            ],
            [
                2980,
                987,
                4510
            ]
        ]
    },
    "metricsStrength": {
        "accuracy@>0.4": 0.2884283955683217,
        "coverage@>0.4": 0.6912102561193522,
        "accuracy@>0.5": 0.2945727986050567,
        "coverage@>0.5": 0.26026037382647416,
        "accuracy@>0.6": 0.30317353139770425,
        "coverage@>0.6": 0.08401168562271322,
        "accuracy@>0.7": 0.37358490566037733,
        "coverage@>0.7": 0.022548713730606688,
        "accuracy@>0.8": 0.6242774566473989,
        "coverage@>0.8": 0.004906827013075417,
        "accuracy@>0.9": 0.7307692307692307,
        "coverage@>0.9": 0.0007374422100575772
    }
}