{
    "run_id": "ukTgys8B",
    "datetime": "2025-08-23 22:14:07",
    "meta": {
        "model": "deepLOB_TF",
        "modelKwargs": {
            "shape": [
                100,
                20,
                1
            ]
        },
        "numEpoch": 3,
        "batchSize": 64,
        "ticker": "META",
        "steps": [
            "TRAIN",
            "TEST"
        ],
        "maxFiles": 2,
        "scaling": true,
        "threshold": "auto",
        "rowLim": 1000000,
        "trainTestSplit": 0.9,
        "lookForwardHorizon": 100,
        "representation": "orderfixedvol",
        "labelType": "CATEGORICAL",
        "archive": true
    },
    "metrics": {
        "accuracy": 0.34700342223604946,
        "precision": 0.3577735697166942,
        "recall": 0.3476971134913551,
        "f1": 0.3120099730252817,
        "confusion_matrix": [
            [
                7057,
                948,
                5023
            ],
            [
                6449,
                1119,
                4801
            ],
            [
                5142,
                725,
                4093
            ]
        ]
    },
    "metricsStrength": {
        "accuracy@>0.4": 0.35092815644041375,
        "coverage@>0.4": 0.798370902508697,
        "accuracy@>0.5": 0.3648830140665866,
        "coverage@>0.5": 0.4001187883587408,
        "accuracy@>0.6": 0.33644237175216524,
        "coverage@>0.6": 0.16981078711429137,
        "accuracy@>0.7": 0.36218998596162844,
        "coverage@>0.7": 0.060440648245043416,
        "accuracy@>0.8": 0.3545966228893058,
        "coverage@>0.8": 0.015074808383064174,
        "accuracy@>0.9": 0.5666666666666667,
        "coverage@>0.9": 0.00084848827672031
    }
}