{
    "run_id": "TZ2ynVyR",
    "datetime": "2025-08-26 11:28:33",
    "meta": {
        "model": "deepLOB_TF",
        "modelKwargs": {
            "shape": [
                100,
                20,
                1
            ]
        },
        "numEpoch": 10,
        "batchSize": 64,
        "ticker": "MTCH",
        "steps": [
            "TRAIN",
            "TEST"
        ],
        "maxFiles": 1,
        "scaling": true,
        "threshold": "auto",
        "rowLim": 1000000,
        "trainTestSplit": 0.85,
        "lookForwardHorizon": 20,
        "representation": "orderfixedvol",
        "labelType": "CATEGORICAL",
        "archive": true
    },
    "metrics": {
        "accuracy": 0.6174363057324841,
        "precision": 0.2065796483750666,
        "recall": 0.3313394573809015,
        "f1": 0.25449175486094017,
        "confusion_matrix": [
            [
                0,
                1688,
                0
            ],
            [
                0,
                4653,
                28
            ],
            [
                0,
                1167,
                0
            ]
        ]
    },
    "metricsStrength": {
        "accuracy@>0.4": 0.6204963971176941,
        "coverage@>0.4": 0.9944267515923567,
        "accuracy@>0.5": 0.618486171761281,
        "coverage@>0.5": 0.9116242038216561,
        "accuracy@>0.6": 0.6224604966139955,
        "coverage@>0.6": 0.470276008492569,
        "accuracy@>0.7": null,
        "coverage@>0.7": 0.0,
        "accuracy@>0.8": null,
        "coverage@>0.8": 0.0,
        "accuracy@>0.9": null,
        "coverage@>0.9": 0.0,
        "accuracy@1%_coverage": 0.56,
        "accuracy@5%_coverage": 0.6037234042553191,
        "accuracy@10%_coverage": 0.5922974767596282,
        "accuracy@25%_coverage": 0.6040339702760085,
        "accuracy@50%_coverage": 0.6199575371549894
    }
}