{
    "run_id": "KxRXH61e",
    "datetime": "2025-08-26 11:28:01",
    "meta": {
        "model": "deepLOB_TF",
        "modelKwargs": {
            "shape": [
                100,
                20,
                1
            ]
        },
        "numEpoch": 10,
        "batchSize": 64,
        "ticker": "MTCH",
        "steps": [
            "TRAIN",
            "TEST"
        ],
        "maxFiles": 1,
        "scaling": true,
        "threshold": "auto",
        "rowLim": 1000000,
        "trainTestSplit": 0.85,
        "lookForwardHorizon": 10,
        "representation": "orderfixedvol",
        "labelType": "CATEGORICAL",
        "archive": true
    },
    "metrics": {
        "accuracy": 0.7397296580970051,
        "precision": 0.2465765526990017,
        "recall": 0.3333333333333333,
        "f1": 0.28346536664635386,
        "confusion_matrix": [
            [
                0,
                1141,
                0
            ],
            [
                0,
                5582,
                0
            ],
            [
                0,
                823,
                0
            ]
        ]
    },
    "metricsStrength": {
        "accuracy@>0.4": 0.7397296580970051,
        "coverage@>0.4": 1.0,
        "accuracy@>0.5": 0.7397296580970051,
        "coverage@>0.5": 1.0,
        "accuracy@>0.6": 0.739713048186248,
        "coverage@>0.6": 0.9790617545719587,
        "accuracy@>0.7": 0.7485311398354877,
        "coverage@>0.7": 0.6766498807315133,
        "accuracy@>0.8": 0.5944055944055944,
        "coverage@>0.8": 0.018950437317784258,
        "accuracy@>0.9": null,
        "coverage@>0.9": 0.0,
        "accuracy@1%_coverage": 0.6533333333333333,
        "accuracy@5%_coverage": 0.7718832891246684,
        "accuracy@10%_coverage": 0.8090185676392573,
        "accuracy@25%_coverage": 0.7746553552492047,
        "accuracy@50%_coverage": 0.7619931089318844
    }
}