{
    "run_id": "9gU8M7D9",
    "datetime": "2025-08-25 15:41:07",
    "meta": {
        "model": "deepLOBREG_TF",
        "modelKwargs": {
            "shape": [
                100,
                40,
                1
            ]
        },
        "numEpoch": 10,
        "batchSize": 64,
        "ticker": "GOOG",
        "steps": [
            "TRAIN",
            "TEST"
        ],
        "maxFiles": 1,
        "scaling": true,
        "threshold": "auto",
        "rowLim": 1000000,
        "trainTestSplit": 0.85,
        "lookForwardHorizon": 40,
        "representation": "orderbooks",
        "labelType": "REGRESSION",
        "archive": true
    },
    "metrics": {
        "MSE": 0.4332118034362793,
        "R2": 0.08244812488555908,
        "MAPE": 2659.982421875,
        "MAE": 0.5410336256027222
    },
    "metricsStrength": {
        "accuracy@>0.1": 0.6145119426055003,
        "coverage@>0.1": 0.68578,
        "accuracy@>0.2": 0.6552307517121337,
        "coverage@>0.2": 0.40982,
        "accuracy@>0.3": 0.7091354680597207,
        "coverage@>0.3": 0.20674,
        "accuracy@>0.4": 0.7622267652146564,
        "coverage@>0.4": 0.08478666666666666,
        "accuracy@>0.5": 0.8187727509100364,
        "coverage@>0.5": 0.02564,
        "accuracy@>0.6": 0.8589909443725744,
        "coverage@>0.6": 0.0051533333333333336,
        "accuracy@>0.7": 0.925,
        "coverage@>0.7": 0.0005333333333333334,
        "accuracy@>0.8": 1.0,
        "coverage@>0.8": 6.666666666666667e-06,
        "accuracy@>0.9": null,
        "coverage@>0.9": 0.0,
        "accuracy@1%_coverage": 0.832,
        "accuracy@5%_coverage": 0.7948,
        "accuracy@10%_coverage": 0.752,
        "accuracy@25%_coverage": 0.6917866666666667,
        "accuracy@50%_coverage": 0.63852
    }
}