{
    "run_id": "gpe595Ej",
    "datetime": "2025-08-25 15:40:00",
    "meta": {
        "model": "deepLOB_TF",
        "modelKwargs": {
            "shape": [
                100,
                40,
                1
            ]
        },
        "numEpoch": 10,
        "batchSize": 64,
        "ticker": "GOOG",
        "steps": [
            "TRAIN",
            "TEST"
        ],
        "maxFiles": 1,
        "scaling": true,
        "threshold": "auto",
        "rowLim": 1000000,
        "trainTestSplit": 0.85,
        "lookForwardHorizon": 20,
        "representation": "orderbooks",
        "labelType": "CATEGORICAL",
        "archive": true
    },
    "metrics": {
        "accuracy": 0.6306133333333334,
        "precision": 0.5728405499871106,
        "recall": 0.49713851607752035,
        "f1": 0.5147950178769651,
        "confusion_matrix": [
            [
                9081,
                19210,
                2451
            ],
            [
                5885,
                74724,
                8359
            ],
            [
                1500,
                18003,
                10787
            ]
        ]
    },
    "metricsStrength": {
        "accuracy@>0.4": 0.638183489154695,
        "coverage@>0.4": 0.96478,
        "accuracy@>0.5": 0.6643915955529868,
        "coverage@>0.5": 0.7843466666666666,
        "accuracy@>0.6": 0.696610483422856,
        "coverage@>0.6": 0.5039066666666666,
        "accuracy@>0.7": 0.7689225289403384,
        "coverage@>0.7": 0.14973333333333333,
        "accuracy@>0.8": 0.8429440134200042,
        "coverage@>0.8": 0.03179333333333333,
        "accuracy@>0.9": 0.8890356671070013,
        "coverage@>0.9": 0.005046666666666666,
        "accuracy@1%_coverage": 0.8753333333333333,
        "accuracy@5%_coverage": 0.828,
        "accuracy@10%_coverage": 0.7919333333333334,
        "accuracy@25%_coverage": 0.7368533333333334,
        "accuracy@50%_coverage": 0.6973066666666666
    }
}