{
    "run_id": "0LI51rBq",
    "datetime": "2025-08-25 15:56:53",
    "meta": {
        "model": "deepLOB_TF",
        "modelKwargs": {
            "shape": [
                100,
                40,
                1
            ]
        },
        "numEpoch": 10,
        "batchSize": 64,
        "ticker": "GOOG",
        "steps": [
            "TRAIN",
            "TEST"
        ],
        "maxFiles": 1,
        "scaling": true,
        "threshold": "auto",
        "rowLim": 1000000,
        "trainTestSplit": 0.85,
        "lookForwardHorizon": 40,
        "representation": "orderbooks",
        "labelType": "CATEGORICAL",
        "archive": true
    },
    "metrics": {
        "accuracy": 0.43918666666666667,
        "precision": 0.4415580199144628,
        "recall": 0.4512531609685501,
        "f1": 0.4384864484038782,
        "confusion_matrix": [
            [
                18901,
                14365,
                12034
            ],
            [
                15584,
                20215,
                24316
            ],
            [
                7195,
                10628,
                26762
            ]
        ]
    },
    "metricsStrength": {
        "accuracy@>0.4": 0.4657453262649855,
        "coverage@>0.4": 0.6878866666666666,
        "accuracy@>0.5": 0.5741242815312873,
        "coverage@>0.5": 0.18442,
        "accuracy@>0.6": 0.68894440974391,
        "coverage@>0.6": 0.053366666666666666,
        "accuracy@>0.7": 0.783375314861461,
        "coverage@>0.7": 0.010586666666666666,
        "accuracy@>0.8": 0.9487179487179487,
        "coverage@>0.8": 0.00026,
        "accuracy@>0.9": null,
        "coverage@>0.9": 0.0,
        "accuracy@1%_coverage": 0.79,
        "accuracy@5%_coverage": 0.6950666666666667,
        "accuracy@10%_coverage": 0.639,
        "accuracy@25%_coverage": 0.5434933333333334,
        "accuracy@50%_coverage": 0.4859466666666667
    }
}