{
    "run_id": "Edr1aX1J",
    "datetime": "2025-08-26 12:59:13",
    "meta": {
        "model": "deepLOBREG_TF",
        "modelKwargs": {
            "shape": [
                100,
                20,
                1
            ]
        },
        "numEpoch": 10,
        "batchSize": 64,
        "ticker": "BAC",
        "steps": [
            "TRAIN",
            "TEST"
        ],
        "maxFiles": 1,
        "scaling": true,
        "threshold": "auto",
        "rowLim": 1000000,
        "trainTestSplit": 0.85,
        "lookForwardHorizon": 200,
        "representation": "orderfixedvol",
        "labelType": "REGRESSION",
        "archive": true
    },
    "metrics": {
        "MSE": 0.544166088104248,
        "R2": -0.02580738067626953,
        "MAPE": 276.5072021484375,
        "MAE": 0.6271428465843201
    },
    "metricsStrength": {
        "accuracy@>0.1": 0.5579494307651576,
        "coverage@>0.1": 0.7739555851540688,
        "accuracy@>0.2": 0.5737985212569316,
        "coverage@>0.2": 0.5542890807100228,
        "accuracy@>0.3": 0.5922589255922589,
        "coverage@>0.3": 0.38382725852309113,
        "accuracy@>0.4": 0.5884665792922673,
        "coverage@>0.4": 0.21497912451013038,
        "accuracy@>0.5": 0.5554983260365697,
        "coverage@>0.5": 0.09945954253220973,
        "accuracy@>0.6": 0.5115979381443299,
        "coverage@>0.6": 0.03975308009528444,
        "accuracy@>0.7": 0.8888888888888888,
        "coverage@>0.7": 0.007837913987858918,
        "accuracy@>0.8": 0.8181818181818182,
        "coverage@>0.8": 0.0005635101559898568,
        "accuracy@>0.9": null,
        "coverage@>0.9": 0.0,
        "accuracy@1%_coverage": 0.8641025641025641,
        "accuracy@5%_coverage": 0.5040983606557377,
        "accuracy@10%_coverage": 0.5555840163934426,
        "accuracy@25%_coverage": 0.5873975409836065,
        "accuracy@50%_coverage": 0.5763319672131147
    }
}