{
    "run_id": "ZvW8CCm6",
    "datetime": "2025-08-25 19:16:54",
    "meta": {
        "model": "deepLOBREG_TF",
        "modelKwargs": {
            "shape": [
                100,
                40,
                1
            ]
        },
        "numEpoch": 10,
        "batchSize": 64,
        "ticker": "MTCH",
        "steps": [
            "TRAIN",
            "TEST"
        ],
        "maxFiles": 1,
        "scaling": true,
        "threshold": "auto",
        "rowLim": 1000000,
        "trainTestSplit": 0.85,
        "lookForwardHorizon": 60,
        "representation": "orderbooks",
        "labelType": "REGRESSION",
        "archive": true
    },
    "metrics": {
        "MSE": 0.536679208278656,
        "R2": -0.6006103754043579,
        "MAPE": 464.5506286621094,
        "MAE": 0.5907610654830933
    },
    "metricsStrength": {
        "accuracy@>0.1": 0.5713871154962276,
        "coverage@>0.1": 0.9249765132197021,
        "accuracy@>0.2": 0.5737678600096323,
        "coverage@>0.2": 0.8359951684337673,
        "accuracy@>0.3": 0.5710321864594895,
        "coverage@>0.3": 0.7255401959468528,
        "accuracy@>0.4": 0.5961363636363637,
        "coverage@>0.4": 0.5905247617769427,
        "accuracy@>0.5": 0.6180094786729858,
        "coverage@>0.5": 0.42477519796000535,
        "accuracy@>0.6": 0.604959630911188,
        "coverage@>0.6": 0.23272044020936786,
        "accuracy@>0.7": 0.45350500715307585,
        "coverage@>0.7": 0.09381291101865522,
        "accuracy@>0.8": 0.22794117647058823,
        "coverage@>0.8": 0.018252583545832774,
        "accuracy@>0.9": null,
        "coverage@>0.9": 0.0,
        "accuracy@1%_coverage": 0.14864864864864866,
        "accuracy@5%_coverage": 0.3844086021505376,
        "accuracy@10%_coverage": 0.4671140939597315,
        "accuracy@25%_coverage": 0.6154672395273899,
        "accuracy@50%_coverage": 0.6056375838926175
    }
}