{
    "run_id": "1PIqIWmp",
    "datetime": "2025-08-25 17:41:00",
    "meta": {
        "model": "deepLOB_TF",
        "modelKwargs": {
            "shape": [
                100,
                40,
                1
            ]
        },
        "numEpoch": 10,
        "batchSize": 64,
        "ticker": "MTCH",
        "steps": [
            "TRAIN",
            "TEST"
        ],
        "maxFiles": 1,
        "scaling": true,
        "threshold": "auto",
        "rowLim": 1000000,
        "trainTestSplit": 0.85,
        "lookForwardHorizon": 100,
        "representation": "orderbooks",
        "labelType": "CATEGORICAL",
        "archive": true
    },
    "metrics": {
        "accuracy": 0.3063014437997571,
        "precision": 0.37596462215789067,
        "recall": 0.3471936557204483,
        "f1": 0.3078251041510021,
        "confusion_matrix": [
            [
                657,
                606,
                1550
            ],
            [
                343,
                755,
                1974
            ],
            [
                415,
                253,
                858
            ]
        ]
    },
    "metricsStrength": {
        "accuracy@>0.4": 0.3063014437997571,
        "coverage@>0.4": 1.0,
        "accuracy@>0.5": 0.30595172792100933,
        "coverage@>0.5": 0.9839427877479422,
        "accuracy@>0.6": 0.30049706281066424,
        "coverage@>0.6": 0.8958305221967345,
        "accuracy@>0.7": 0.27785564120532585,
        "coverage@>0.7": 0.7702064498718122,
        "accuracy@>0.8": 0.25399792315680164,
        "coverage@>0.8": 0.649709890703009,
        "accuracy@>0.9": 0.22914572864321608,
        "coverage@>0.9": 0.5370395358251249,
        "accuracy@1%_coverage": 0.0,
        "accuracy@5%_coverage": 0.11891891891891893,
        "accuracy@10%_coverage": 0.17813765182186234,
        "accuracy@25%_coverage": 0.22462203023758098,
        "accuracy@50%_coverage": 0.2321187584345479
    }
}