{
    "run_id": "2cqyquNG",
    "datetime": "2025-08-25 18:22:35",
    "meta": {
        "model": "deepLOBREG_TF",
        "modelKwargs": {
            "shape": [
                100,
                20,
                1
            ]
        },
        "numEpoch": 10,
        "batchSize": 64,
        "ticker": "GOOG",
        "steps": [
            "TRAIN",
            "TEST"
        ],
        "maxFiles": 1,
        "scaling": true,
        "threshold": "auto",
        "rowLim": 1000000,
        "trainTestSplit": 0.85,
        "lookForwardHorizon": 200,
        "representation": "orderfixedvol",
        "labelType": "REGRESSION",
        "archive": true
    },
    "metrics": {
        "MSE": 0.4738057255744934,
        "R2": -0.04928159713745117,
        "MAPE": 610.123779296875,
        "MAE": 0.5838670134544373
    },
    "metricsStrength": {
        "accuracy@>0.1": 0.5148913825184644,
        "coverage@>0.1": 0.5848449444203359,
        "accuracy@>0.2": 0.5179010414338712,
        "coverage@>0.2": 0.2987348532897153,
        "accuracy@>0.3": 0.5296649246849062,
        "coverage@>0.3": 0.1303067730413593,
        "accuracy@>0.4": 0.531703775411423,
        "coverage@>0.4": 0.05517241379310345,
        "accuracy@>0.5": 0.5154536390827518,
        "coverage@>0.5": 0.02008879393797777,
        "accuracy@>0.6": 0.6918238993710691,
        "coverage@>0.6": 0.0010615215141703109,
        "accuracy@>0.7": null,
        "coverage@>0.7": 0.0,
        "accuracy@>0.8": null,
        "coverage@>0.8": 0.0,
        "accuracy@>0.9": null,
        "coverage@>0.9": 0.0,
        "accuracy@1%_coverage": 0.6406145624582499,
        "accuracy@5%_coverage": 0.5311790626251836,
        "accuracy@10%_coverage": 0.5331820002670583,
        "accuracy@25%_coverage": 0.5187202905517279,
        "accuracy@50%_coverage": 0.5143272979757517
    }
}