{
    "run_id": "BsBB2CxH",
    "datetime": "2025-08-25 19:05:47",
    "meta": {
        "model": "deepLOBREG_TF",
        "modelKwargs": {
            "shape": [
                100,
                20,
                1
            ]
        },
        "numEpoch": 10,
        "batchSize": 64,
        "ticker": "META",
        "steps": [
            "TRAIN",
            "TEST"
        ],
        "maxFiles": 1,
        "scaling": true,
        "threshold": "auto",
        "rowLim": 1000000,
        "trainTestSplit": 0.85,
        "lookForwardHorizon": 80,
        "representation": "orderfixedvol",
        "labelType": "REGRESSION",
        "archive": true
    },
    "metrics": {
        "MSE": 0.43338924646377563,
        "R2": -0.04310727119445801,
        "MAPE": 143.95606994628906,
        "MAE": 0.5611969828605652
    },
    "metricsStrength": {
        "accuracy@>0.1": 0.5201580421189919,
        "coverage@>0.1": 0.49089539591375575,
        "accuracy@>0.2": 0.4820277817556924,
        "coverage@>0.2": 0.13149420958478486,
        "accuracy@>0.3": 0.5322307039864291,
        "coverage@>0.3": 0.044402598625364845,
        "accuracy@>0.4": 0.5805128205128205,
        "coverage@>0.4": 0.01835985312117503,
        "accuracy@>0.5": 0.8078602620087336,
        "coverage@>0.5": 0.004312211656152904,
        "accuracy@>0.6": 1.0,
        "coverage@>0.6": 0.0006025797947462574,
        "accuracy@>0.7": null,
        "coverage@>0.7": 0.0,
        "accuracy@>0.8": null,
        "coverage@>0.8": 0.0,
        "accuracy@>0.9": null,
        "coverage@>0.9": 0.0,
        "accuracy@1%_coverage": 0.6704331450094162,
        "accuracy@5%_coverage": 0.5276836158192091,
        "accuracy@10%_coverage": 0.5032015065913371,
        "accuracy@25%_coverage": 0.5002259716782164,
        "accuracy@50%_coverage": 0.5199984935221452
    }
}