{
    "run_id": "SUH7xeo7",
    "datetime": "2025-08-25 18:46:38",
    "meta": {
        "model": "deepLOBREG_TF",
        "modelKwargs": {
            "shape": [
                100,
                20,
                1
            ]
        },
        "numEpoch": 10,
        "batchSize": 64,
        "ticker": "META",
        "steps": [
            "TRAIN",
            "TEST"
        ],
        "maxFiles": 1,
        "scaling": true,
        "threshold": "auto",
        "rowLim": 1000000,
        "trainTestSplit": 0.85,
        "lookForwardHorizon": 20,
        "representation": "orderfixedvol",
        "labelType": "REGRESSION",
        "archive": true
    },
    "metrics": {
        "MSE": 0.3874036371707916,
        "R2": -0.013660550117492676,
        "MAPE": 338.4425964355469,
        "MAE": 0.5044675469398499
    },
    "metricsStrength": {
        "accuracy@>0.1": 0.5107784431137724,
        "coverage@>0.1": 0.31411642998213113,
        "accuracy@>0.2": 0.44897408207343414,
        "coverage@>0.2": 0.06966989560801279,
        "accuracy@>0.3": 0.40404040404040403,
        "coverage@>0.3": 0.018621273394150286,
        "accuracy@>0.4": 0.26521739130434785,
        "coverage@>0.4": 0.004326154424903602,
        "accuracy@>0.5": 0.28205128205128205,
        "coverage@>0.5": 0.0007335653155271325,
        "accuracy@>0.6": 0.0,
        "coverage@>0.6": 7.523746825919308e-05,
        "accuracy@>0.7": null,
        "coverage@>0.7": 0.0,
        "accuracy@>0.8": null,
        "coverage@>0.8": 0.0,
        "accuracy@>0.9": null,
        "coverage@>0.9": 0.0,
        "accuracy@1%_coverage": 0.3333333333333333,
        "accuracy@5%_coverage": 0.44431903686982693,
        "accuracy@10%_coverage": 0.4420617005267118,
        "accuracy@25%_coverage": 0.48799939808893233,
        "accuracy@50%_coverage": 0.5211045068091189
    }
}