{
    "run_id": "lcH0dynW",
    "datetime": "2025-08-26 14:14:22",
    "meta": {
        "model": "deepLOB_TF",
        "modelKwargs": {
            "shape": [
                100,
                20,
                1
            ]
        },
        "numEpoch": 10,
        "batchSize": 64,
        "ticker": "JPM",
        "steps": [
            "TRAIN",
            "TEST"
        ],
        "maxFiles": 1,
        "scaling": true,
        "threshold": "auto",
        "rowLim": 1000000,
        "trainTestSplit": 0.85,
        "lookForwardHorizon": 60,
        "representation": "ordervol",
        "labelType": "CATEGORICAL",
        "archive": true
    },
    "metrics": {
        "accuracy": 0.3741224536770629,
        "precision": 0.24833621703640196,
        "recall": 0.3501573686562285,
        "f1": 0.2901288109309093,
        "confusion_matrix": [
            [
                5482,
                1,
                6326
            ],
            [
                4476,
                0,
                5642
            ],
            [
                5308,
                0,
                7521
            ]
        ]
    },
    "metricsStrength": {
        "accuracy@>0.4": 0.37422043937447114,
        "coverage@>0.4": 0.9180860858556796,
        "accuracy@>0.5": 0.3749721069308698,
        "coverage@>0.5": 0.6446944412475544,
        "accuracy@>0.6": 0.39040629492320494,
        "coverage@>0.6": 0.38027966394291635,
        "accuracy@>0.7": 0.4175990897022568,
        "coverage@>0.7": 0.15171481183105076,
        "accuracy@>0.8": 0.3088235294117647,
        "coverage@>0.8": 0.011738980319944758,
        "accuracy@>0.9": null,
        "coverage@>0.9": 0.0,
        "accuracy@1%_coverage": 0.3256484149855908,
        "accuracy@5%_coverage": 0.4294761082325849,
        "accuracy@10%_coverage": 0.41784172661870506,
        "accuracy@25%_coverage": 0.40257797214869373,
        "accuracy@50%_coverage": 0.3805386120382092
    }
}