{
    "run_id": "LHZ67Erl",
    "datetime": "2025-08-25 17:09:55",
    "meta": {
        "model": "deepLOB_TF",
        "modelKwargs": {
            "shape": [
                100,
                20,
                1
            ]
        },
        "numEpoch": 10,
        "batchSize": 64,
        "ticker": "GOOG",
        "steps": [
            "TRAIN",
            "TEST"
        ],
        "maxFiles": 1,
        "scaling": true,
        "threshold": "auto",
        "rowLim": 1000000,
        "trainTestSplit": 0.85,
        "lookForwardHorizon": 200,
        "representation": "orderfixedvol",
        "labelType": "CATEGORICAL",
        "archive": true
    },
    "metrics": {
        "accuracy": 0.3542344026437894,
        "precision": 0.3395074369566064,
        "recall": 0.3418980860290204,
        "f1": 0.3147259253314792,
        "confusion_matrix": [
            [
                23066,
                3961,
                25936
            ],
            [
                18099,
                3719,
                23249
            ],
            [
                20646,
                4835,
                26274
            ]
        ]
    },
    "metricsStrength": {
        "accuracy@>0.4": 0.3657450038575446,
        "coverage@>0.4": 0.5365156724638649,
        "accuracy@>0.5": 0.38445850546462373,
        "coverage@>0.5": 0.12766965984577894,
        "accuracy@>0.6": 0.2838089330024814,
        "coverage@>0.6": 0.02152418466468605,
        "accuracy@>0.7": 0.2155688622754491,
        "coverage@>0.7": 0.004459725606702941,
        "accuracy@>0.8": null,
        "coverage@>0.8": 0.0,
        "accuracy@>0.9": null,
        "coverage@>0.9": 0.0,
        "accuracy@1%_coverage": 0.2558450233800935,
        "accuracy@5%_coverage": 0.3591934837762051,
        "accuracy@10%_coverage": 0.3735478702096408,
        "accuracy@25%_coverage": 0.37931955349035945,
        "accuracy@50%_coverage": 0.3653661272232014
    }
}