{
    "run_id": "EFIsjOUF",
    "datetime": "2025-08-25 17:46:56",
    "meta": {
        "model": "deepLOBREG_TF",
        "modelKwargs": {
            "shape": [
                100,
                20,
                1
            ]
        },
        "numEpoch": 10,
        "batchSize": 64,
        "ticker": "GOOG",
        "steps": [
            "TRAIN",
            "TEST"
        ],
        "maxFiles": 1,
        "scaling": true,
        "threshold": "auto",
        "rowLim": 1000000,
        "trainTestSplit": 0.85,
        "lookForwardHorizon": 80,
        "representation": "orderfixedvol",
        "labelType": "REGRESSION",
        "archive": true
    },
    "metrics": {
        "MSE": 0.4830012023448944,
        "R2": 0.026182115077972412,
        "MAPE": 1026.6805419921875,
        "MAE": 0.5975450277328491
    },
    "metricsStrength": {
        "accuracy@>0.1": 0.6148738859019233,
        "coverage@>0.1": 0.5546112537940696,
        "accuracy@>0.2": 0.6655297979279926,
        "coverage@>0.2": 0.2601380874553884,
        "accuracy@>0.3": 0.7059583897574787,
        "coverage@>0.3": 0.10837530435942763,
        "accuracy@>0.4": 0.7522628226617499,
        "coverage@>0.4": 0.03979853907474734,
        "accuracy@>0.5": 0.773415591699383,
        "coverage@>0.5": 0.01189419965978453,
        "accuracy@>0.6": 0.8294573643410853,
        "coverage@>0.6": 0.002581635035522498,
        "accuracy@>0.7": 0.5555555555555556,
        "coverage@>0.7": 0.00030019012040959276,
        "accuracy@>0.8": null,
        "coverage@>0.8": 0.0,
        "accuracy@>0.9": null,
        "coverage@>0.9": 0.0,
        "accuracy@1%_coverage": 0.7805203468979319,
        "accuracy@5%_coverage": 0.742494996664443,
        "accuracy@10%_coverage": 0.7120080053368912,
        "accuracy@25%_coverage": 0.6672003415519265,
        "accuracy@50%_coverage": 0.6226651723769879
    }
}