{
    "run_id": "6Eht0Kvq",
    "datetime": "2025-08-31 15:11:50",
    "meta": {
        "model": "deepLOB_TF",
        "modelKwargs": {
            "shape": [
                100,
                20,
                1
            ]
        },
        "numEpoch": 5,
        "batchSize": 64,
        "ticker": "ORCL",
        "steps": [
            "ALGO"
        ],
        "maxFiles": 1,
        "scaling": true,
        "threshold": "auto",
        "rowLim": 1000000,
        "trainTestSplit": 0,
        "lookForwardHorizon": 20,
        "representation": "orderflows",
        "labelType": "CATEGORICAL",
        "archive": true,
        "weightsRunID": "Nt7PRirE"
    },
    "metaFromWeights": {
        "model": "deepLOB_TF",
        "modelKwargs": {
            "shape": [
                100,
                20,
                1
            ]
        },
        "numEpoch": 10,
        "batchSize": 64,
        "ticker": "AAPL",
        "steps": [
            "TRAIN",
            "TEST"
        ],
        "maxFiles": 1,
        "scaling": true,
        "threshold": "auto",
        "rowLim": 1000000,
        "trainTestSplit": 0.85,
        "lookForwardHorizon": 20,
        "representation": "orderflows",
        "labelType": "CATEGORICAL",
        "archive": true
    },
    "metrics": {
        "accuracy": 0.39614675970926605,
        "precision": 0.3918871889825131,
        "recall": 0.38930855417621246,
        "f1": 0.33816636718057785,
        "confusion_matrix": [
            [
                24511,
                2028,
                20016
            ],
            [
                20065,
                2162,
                21918
            ],
            [
                17758,
                1461,
                27939
            ]
        ]
    },
    "metricsStrength": {
        "accuracy@>0.4": 0.4095099107753127,
        "coverage@>0.4": 0.7853443398279389,
        "accuracy@>0.5": 0.45359885005083617,
        "coverage@>0.5": 0.41380260848119077,
        "accuracy@>0.6": 0.5104555169090224,
        "coverage@>0.6": 0.17309840560576825,
        "accuracy@>0.7": 0.5753854940034266,
        "coverage@>0.7": 0.05080590172496337,
        "accuracy@>0.8": 0.5905017921146953,
        "coverage@>0.8": 0.008095286454177487,
        "accuracy@>0.9": 0.6666666666666666,
        "coverage@>0.9": 0.00023937674998911925,
        "accuracy@1%_coverage": 0.5936139332365747,
        "accuracy@5%_coverage": 0.575739988392339,
        "accuracy@10%_coverage": 0.5418208197315924,
        "accuracy@25%_coverage": 0.48644962859795726,
        "accuracy@50%_coverage": 0.4401775740254465
    }
}