{
    "run_id": "ozqiwMMp",
    "datetime": "2025-08-25 19:02:42",
    "meta": {
        "model": "deepLOB_TF",
        "modelKwargs": {
            "shape": [
                100,
                20,
                1
            ]
        },
        "numEpoch": 10,
        "batchSize": 64,
        "ticker": "GOOG",
        "steps": [
            "TRAIN",
            "TEST"
        ],
        "maxFiles": 1,
        "scaling": true,
        "threshold": "auto",
        "rowLim": 1000000,
        "trainTestSplit": 0.85,
        "lookForwardHorizon": 40,
        "representation": "orderflows",
        "labelType": "CATEGORICAL",
        "archive": true
    },
    "metrics": {
        "accuracy": 0.5096533333333333,
        "precision": 0.5188382873724625,
        "recall": 0.506780283288471,
        "f1": 0.5076083012115437,
        "confusion_matrix": [
            [
                25908,
                15170,
                4222
            ],
            [
                18408,
                31953,
                9754
            ],
            [
                8094,
                17904,
                18587
            ]
        ]
    },
    "metricsStrength": {
        "accuracy@>0.4": 0.5297213867342093,
        "coverage@>0.4": 0.8422666666666667,
        "accuracy@>0.5": 0.6478149703267575,
        "coverage@>0.5": 0.28420666666666666,
        "accuracy@>0.6": 0.7529316038864692,
        "coverage@>0.6": 0.13928666666666667,
        "accuracy@>0.7": 0.8384749410679512,
        "coverage@>0.7": 0.06504666666666667,
        "accuracy@>0.8": 0.8960893854748604,
        "coverage@>0.8": 0.023866666666666668,
        "accuracy@>0.9": 0.9120879120879121,
        "coverage@>0.9": 0.00364,
        "accuracy@1%_coverage": 0.9186666666666666,
        "accuracy@5%_coverage": 0.8584,
        "accuracy@10%_coverage": 0.7946,
        "accuracy@25%_coverage": 0.6669866666666666,
        "accuracy@50%_coverage": 0.58248
    }
}