{
    "run_id": "LHka3nf6",
    "datetime": "2025-08-25 16:19:36",
    "meta": {
        "model": "deepLOBREG_TF",
        "modelKwargs": {
            "shape": [
                100,
                20,
                1
            ]
        },
        "numEpoch": 10,
        "batchSize": 64,
        "ticker": "GOOG",
        "steps": [
            "TRAIN",
            "TEST"
        ],
        "maxFiles": 1,
        "scaling": true,
        "threshold": "auto",
        "rowLim": 1000000,
        "trainTestSplit": 0.85,
        "lookForwardHorizon": 10,
        "representation": "orderflows",
        "labelType": "REGRESSION",
        "archive": true
    },
    "metrics": {
        "MSE": 0.18094313144683838,
        "R2": 0.28772109746932983,
        "MAPE": 10410.2919921875,
        "MAE": 0.3094728887081146
    },
    "metricsStrength": {
        "accuracy@>0.1": 0.6040353928472995,
        "coverage@>0.1": 0.70146,
        "accuracy@>0.2": 0.6536512455516015,
        "coverage@>0.2": 0.4683333333333333,
        "accuracy@>0.3": 0.7087223028438996,
        "coverage@>0.3": 0.3077933333333333,
        "accuracy@>0.4": 0.7606279708107384,
        "coverage@>0.4": 0.19916,
        "accuracy@>0.5": 0.8055570542217426,
        "coverage@>0.5": 0.12356666666666667,
        "accuracy@>0.6": 0.8506695043007892,
        "coverage@>0.6": 0.07518,
        "accuracy@>0.7": 0.8797791580400276,
        "coverage@>0.7": 0.0483,
        "accuracy@>0.8": 0.9132850241545893,
        "coverage@>0.8": 0.0276,
        "accuracy@>0.9": 0.9725806451612903,
        "coverage@>0.9": 0.0041333333333333335,
        "accuracy@1%_coverage": 0.956,
        "accuracy@5%_coverage": 0.8769333333333333,
        "accuracy@10%_coverage": 0.8254666666666667,
        "accuracy@25%_coverage": 0.7345866666666667,
        "accuracy@50%_coverage": 0.6445333333333333
    }
}