{
    "run_id": "NhXqIZWA",
    "datetime": "2025-07-28 11:14:53",
    "meta": {
        "model": "deepLOB_TF",
        "modelKwargs": {
            "shape": [
                100,
                20,
                1
            ]
        },
        "numEpoch": 3,
        "batchSize": 64,
        "ticker": "AAPL",
        "steps": [
            "TRAIN",
            "TEST"
        ],
        "maxFiles": 3,
        "scaling": true,
        "threshold": "auto",
        "rowLim": 100000,
        "trainTestSplit": 0.9,
        "lookForwardHorizon": 100,
        "representation": "orderflows",
        "labelType": "CATEGORICAL"
    },
    "metrics": {
        "accuracy": 0.5154,
        "precision": 0.5246140753579663,
        "recall": 0.5043543822677244,
        "f1": 0.5113717793491519,
        "confusion_matrix": [
            [
                1343,
                1296,
                212
            ],
            [
                921,
                2500,
                895
            ],
            [
                215,
                1307,
                1311
            ]
        ]
    },
    "metricsStrength": {
        "accuracy@>0.4": 0.5167459273499949,
        "coverage@>0.4": 0.9883,
        "accuracy@>0.5": 0.6074766355140186,
        "coverage@>0.5": 0.3531,
        "accuracy@>0.6": 0.691699604743083,
        "coverage@>0.6": 0.1518,
        "accuracy@>0.7": 0.7554479418886199,
        "coverage@>0.7": 0.0826,
        "accuracy@>0.8": 0.7847222222222222,
        "coverage@>0.8": 0.0288,
        "accuracy@>0.9": 0.75,
        "coverage@>0.9": 0.0008
    }
}