{
    "run_id": "X2VQXJig",
    "datetime": "2025-07-28 11:03:41",
    "meta": {
        "model": "deepLOBREG_TF",
        "modelKwargs": {
            "shape": [
                100,
                20,
                1
            ]
        },
        "numEpoch": 3,
        "batchSize": 64,
        "ticker": "MSFT",
        "steps": [
            "TRAIN",
            "TEST"
        ],
        "maxFiles": 5,
        "scaling": true,
        "threshold": "auto",
        "rowLim": 100000,
        "trainTestSplit": 0.9,
        "lookForwardHorizon": 500,
        "representation": "orderflows",
        "labelType": "REGRESSION"
    },
    "metrics": {
        "MSE": 0.31661489605903625,
        "R2": 0.10538601875305176,
        "MAPE": 3200.0263671875,
        "MAE": 0.39459142088890076
    },
    "metricsStrength": {
        "accuracy@|>0.4": 0.7782276203328835,
        "coverage@|>0.4": 0.2223,
        "accuracy@|>0.5": 0.8098336948662328,
        "coverage@|>0.5": 0.1383,
        "accuracy@|>0.6": 0.8428571428571429,
        "coverage@|>0.6": 0.077,
        "accuracy@|>0.7": 0.8752941176470588,
        "coverage@|>0.7": 0.0425,
        "accuracy@|>0.8": 0.8980891719745223,
        "coverage@|>0.8": 0.0157,
        "accuracy@|>0.9": 0.7241379310344828,
        "coverage@|>0.9": 0.0029
    }
}