{
    "run_id": "Hni777nD",
    "datetime": "2025-07-28 10:58:59",
    "meta": {
        "model": "deepLOB_TF",
        "modelKwargs": {
            "shape": [
                100,
                20,
                1
            ]
        },
        "numEpoch": 3,
        "batchSize": 64,
        "ticker": "MSFT",
        "steps": [
            "TRAIN",
            "TEST"
        ],
        "maxFiles": 3,
        "scaling": true,
        "threshold": "auto",
        "rowLim": 100000,
        "trainTestSplit": 0.9,
        "lookForwardHorizon": 5,
        "representation": "orderflows",
        "labelType": "CATEGORICAL"
    },
    "metrics": {
        "accuracy": 0.5296,
        "precision": 0.5091728584644342,
        "recall": 0.48342210470209174,
        "f1": 0.4904053225480653,
        "confusion_matrix": [
            [
                797,
                1277,
                275
            ],
            [
                649,
                3286,
                938
            ],
            [
                258,
                1307,
                1213
            ]
        ]
    },
    "metricsStrength": {
        "accuracy@>0.4": 0.5370644139387539,
        "coverage@>0.4": 0.947,
        "accuracy@>0.5": 0.5945150009203019,
        "coverage@>0.5": 0.5433,
        "accuracy@>0.6": 0.6660377358490566,
        "coverage@>0.6": 0.159,
        "accuracy@>0.7": 0.752827140549273,
        "coverage@>0.7": 0.0619,
        "accuracy@>0.8": 0.8775510204081632,
        "coverage@>0.8": 0.0196,
        "accuracy@>0.9": 0.9166666666666666,
        "coverage@>0.9": 0.0012
    }
}