{
    "run_id": "h4r2MAnh",
    "datetime": "2025-07-28 11:08:07",
    "meta": {
        "model": "deepLOBREG_TF",
        "modelKwargs": {
            "shape": [
                100,
                20,
                1
            ]
        },
        "numEpoch": 3,
        "batchSize": 64,
        "ticker": "AAPL",
        "steps": [
            "TRAIN",
            "TEST"
        ],
        "maxFiles": 5,
        "scaling": true,
        "threshold": "auto",
        "rowLim": 100000,
        "trainTestSplit": 0.9,
        "lookForwardHorizon": 10,
        "representation": "orderflows",
        "labelType": "REGRESSION"
    },
    "metrics": {
        "MSE": 0.6222717761993408,
        "R2": 0.21129876375198364,
        "MAPE": 17842.673828125,
        "MAE": 0.6090952157974243
    },
    "metricsStrength": {
        "accuracy@|>0.4": 0.7084946481439308,
        "coverage@|>0.4": 0.4391,
        "accuracy@|>0.5": 0.7325473161650636,
        "coverage@|>0.5": 0.3223,
        "accuracy@|>0.6": 0.7501144164759725,
        "coverage@|>0.6": 0.2185,
        "accuracy@|>0.7": 0.7805397727272727,
        "coverage@|>0.7": 0.1408,
        "accuracy@|>0.8": 0.8207126948775055,
        "coverage@|>0.8": 0.0898,
        "accuracy@|>0.9": 0.8866498740554156,
        "coverage@|>0.9": 0.0397
    }
}