{
    "run_id": "StIDRMmk",
    "datetime": "2025-07-28 11:12:08",
    "meta": {
        "model": "deepLOBREG_TF",
        "modelKwargs": {
            "shape": [
                100,
                20,
                1
            ]
        },
        "numEpoch": 3,
        "batchSize": 64,
        "ticker": "AAPL",
        "steps": [
            "TRAIN",
            "TEST"
        ],
        "maxFiles": 5,
        "scaling": true,
        "threshold": "auto",
        "rowLim": 100000,
        "trainTestSplit": 0.9,
        "lookForwardHorizon": 100,
        "representation": "orderflows",
        "labelType": "REGRESSION"
    },
    "metrics": {
        "MSE": 0.6176474690437317,
        "R2": 0.2171599268913269,
        "MAPE": 18778.89453125,
        "MAE": 0.6093927025794983
    },
    "metricsStrength": {
        "accuracy@|>0.4": 0.7282471626733922,
        "coverage@|>0.4": 0.4758,
        "accuracy@|>0.5": 0.7589917870291703,
        "coverage@|>0.5": 0.3531,
        "accuracy@|>0.6": 0.7989503431570448,
        "coverage@|>0.6": 0.2477,
        "accuracy@|>0.7": 0.8329192546583851,
        "coverage@|>0.7": 0.161,
        "accuracy@|>0.8": 0.8594539939332659,
        "coverage@|>0.8": 0.0989,
        "accuracy@|>0.9": 0.8739669421487604,
        "coverage@|>0.9": 0.0484
    }
}