{
    "run_id": "E8BPjryZ",
    "datetime": "2025-07-28 19:30:08",
    "meta": {
        "model": "deepLOBREG_TF",
        "modelKwargs": {
            "shape": [
                100,
                20,
                1
            ]
        },
        "numEpoch": 3,
        "batchSize": 64,
        "ticker": "JPM",
        "steps": [
            "TRAIN",
            "TEST"
        ],
        "maxFiles": 5,
        "scaling": true,
        "threshold": "auto",
        "rowLim": 200000,
        "trainTestSplit": 0.9,
        "lookForwardHorizon": 20,
        "representation": "orderflows",
        "labelType": "REGRESSION"
    },
    "metrics": {
        "MSE": 0.3175923526287079,
        "R2": 0.15247231721878052,
        "MAPE": 1566.020751953125,
        "MAE": 0.4206574261188507
    },
    "metricsStrength": {
        "accuracy@>0.4": 0.6597683690905639,
        "coverage@>0.4": 0.26335,
        "accuracy@>0.5": 0.7004002287021155,
        "coverage@>0.5": 0.1749,
        "accuracy@>0.6": 0.75375,
        "coverage@>0.6": 0.12,
        "accuracy@>0.7": 0.8007402837754473,
        "coverage@>0.7": 0.08105,
        "accuracy@>0.8": 0.8326693227091634,
        "coverage@>0.8": 0.0502,
        "accuracy@>0.9": 0.8463611859838275,
        "coverage@>0.9": 0.01855
    }
}