{
    "run_id": "I2F4uSVW",
    "datetime": "2025-08-25 18:00:13",
    "meta": {
        "model": "deepLOB_TF",
        "modelKwargs": {
            "shape": [
                100,
                40,
                1
            ]
        },
        "numEpoch": 10,
        "batchSize": 64,
        "ticker": "BAC",
        "steps": [
            "TRAIN",
            "TEST"
        ],
        "maxFiles": 1,
        "scaling": true,
        "threshold": "auto",
        "rowLim": 1000000,
        "trainTestSplit": 0.85,
        "lookForwardHorizon": 20,
        "representation": "orderbooks",
        "labelType": "CATEGORICAL",
        "archive": true
    },
    "metrics": {
        "accuracy": 0.8341076169083113,
        "precision": 0.6512747641987394,
        "recall": 0.5604084637838316,
        "f1": 0.5949070000021257,
        "confusion_matrix": [
            [
                1172,
                2223,
                266
            ],
            [
                967,
                29904,
                805
            ],
            [
                322,
                1916,
                1601
            ]
        ]
    },
    "metricsStrength": {
        "accuracy@>0.4": 0.8343122733541039,
        "coverage@>0.4": 0.9995405350214417,
        "accuracy@>0.5": 0.8383590643878763,
        "coverage@>0.5": 0.9887175821931795,
        "accuracy@>0.6": 0.8647293737785708,
        "coverage@>0.6": 0.9012405554421075,
        "accuracy@>0.7": 0.8868827836535452,
        "coverage@>0.7": 0.8157545435981213,
        "accuracy@>0.8": 0.9135788935175034,
        "coverage@>0.8": 0.6985399224014703,
        "accuracy@>0.9": 0.9475120722233886,
        "coverage@>0.9": 0.4863181539718195,
        "accuracy@1%_coverage": 0.9769820971867008,
        "accuracy@5%_coverage": 0.9811031664964249,
        "accuracy@10%_coverage": 0.9800868011233087,
        "accuracy@25%_coverage": 0.9671227282009394,
        "accuracy@50%_coverage": 0.9461404941801103
    }
}