{
    "run_id": "vgTzBWJk",
    "datetime": "2025-08-25 19:31:06",
    "meta": {
        "model": "deepLOBREG_TF",
        "modelKwargs": {
            "shape": [
                100,
                40,
                1
            ]
        },
        "numEpoch": 10,
        "batchSize": 64,
        "ticker": "BAC",
        "steps": [
            "TRAIN",
            "TEST"
        ],
        "maxFiles": 1,
        "scaling": true,
        "threshold": "auto",
        "rowLim": 1000000,
        "trainTestSplit": 0.85,
        "lookForwardHorizon": 80,
        "representation": "orderbooks",
        "labelType": "REGRESSION",
        "archive": true
    },
    "metrics": {
        "MSE": 0.36295950412750244,
        "R2": 0.04754900932312012,
        "MAPE": 649.4365234375,
        "MAE": 0.4840097427368164
    },
    "metricsStrength": {
        "accuracy@>0.1": 0.59838099373488,
        "coverage@>0.1": 0.8242662848962061,
        "accuracy@>0.2": 0.6248929377871214,
        "coverage@>0.2": 0.6566622354023929,
        "accuracy@>0.3": 0.6567240935973258,
        "coverage@>0.3": 0.49711115655997545,
        "accuracy@>0.4": 0.6831625183016106,
        "coverage@>0.4": 0.34921771142243585,
        "accuracy@>0.5": 0.7073115860517435,
        "coverage@>0.5": 0.22727272727272727,
        "accuracy@>0.6": 0.7595116988809766,
        "coverage@>0.6": 0.12565190714797014,
        "accuracy@>0.7": 0.862548692264886,
        "coverage@>0.7": 0.045940280192248696,
        "accuracy@>0.8": 1.0,
        "coverage@>0.8": 0.004192657735964823,
        "accuracy@>0.9": null,
        "coverage@>0.9": 0.0,
        "accuracy@1%_coverage": 0.979539641943734,
        "accuracy@5%_coverage": 0.8588235294117647,
        "accuracy@10%_coverage": 0.7793403221682434,
        "accuracy@25%_coverage": 0.7011964413539217,
        "accuracy@50%_coverage": 0.6558441558441559
    }
}