{
    "run_id": "7adegyPU",
    "datetime": "2025-08-25 18:31:39",
    "meta": {
        "model": "deepLOBREG_TF",
        "modelKwargs": {
            "shape": [
                100,
                40,
                1
            ]
        },
        "numEpoch": 10,
        "batchSize": 64,
        "ticker": "MSFT",
        "steps": [
            "TRAIN",
            "TEST"
        ],
        "maxFiles": 1,
        "scaling": true,
        "threshold": "auto",
        "rowLim": 1000000,
        "trainTestSplit": 0.85,
        "lookForwardHorizon": 10,
        "representation": "orderbooks",
        "labelType": "REGRESSION",
        "archive": true
    },
    "metrics": {
        "MSE": 0.26291435956954956,
        "R2": 0.07941567897796631,
        "MAPE": 12377.4609375,
        "MAE": 0.40394312143325806
    },
    "metricsStrength": {
        "accuracy@>0.1": 0.6637125459697354,
        "coverage@>0.1": 0.5636181382626276,
        "accuracy@>0.2": 0.7409226826142674,
        "coverage@>0.2": 0.23863810122496135,
        "accuracy@>0.3": 0.8089053803339518,
        "coverage@>0.3": 0.054944868244448594,
        "accuracy@>0.4": 0.8129496402877698,
        "coverage@>0.4": 0.0023615759696902767,
        "accuracy@>0.5": null,
        "coverage@>0.5": 0.0,
        "accuracy@>0.6": null,
        "coverage@>0.6": 0.0,
        "accuracy@>0.7": null,
        "coverage@>0.7": 0.0,
        "accuracy@>0.8": null,
        "coverage@>0.8": 0.0,
        "accuracy@>0.9": null,
        "coverage@>0.9": 0.0,
        "accuracy@1%_coverage": 0.8486394557823129,
        "accuracy@5%_coverage": 0.8086335825968729,
        "accuracy@10%_coverage": 0.7853865760407817,
        "accuracy@25%_coverage": 0.7367133342394998,
        "accuracy@50%_coverage": 0.6756260831152945
    }
}