{
    "run_id": "Mmb5TsHo",
    "datetime": "2025-08-26 12:46:30",
    "meta": {
        "model": "deepLOBREG_TF",
        "modelKwargs": {
            "shape": [
                100,
                20,
                1
            ]
        },
        "numEpoch": 10,
        "batchSize": 64,
        "ticker": "MSFT",
        "steps": [
            "TRAIN",
            "TEST"
        ],
        "maxFiles": 1,
        "scaling": true,
        "threshold": "auto",
        "rowLim": 1000000,
        "trainTestSplit": 0.85,
        "lookForwardHorizon": 20,
        "representation": "orderflows",
        "labelType": "REGRESSION",
        "archive": true
    },
    "metrics": {
        "MSE": 0.2860342860221863,
        "R2": 0.15550071001052856,
        "MAPE": 6751.75927734375,
        "MAE": 0.4353819489479065
    },
    "metricsStrength": {
        "accuracy@>0.1": 0.6761763179007976,
        "coverage@>0.1": 0.7201019541206457,
        "accuracy@>0.2": 0.7201440943162798,
        "coverage@>0.2": 0.4669838572642311,
        "accuracy@>0.3": 0.7661929399436768,
        "coverage@>0.3": 0.25945624468988954,
        "accuracy@>0.4": 0.8180654338549075,
        "coverage@>0.4": 0.11945624468988955,
        "accuracy@>0.5": 0.8645702306079665,
        "coverage@>0.5": 0.0405267629566695,
        "accuracy@>0.6": 0.908256880733945,
        "coverage@>0.6": 0.0074086661002548855,
        "accuracy@>0.7": 1.0,
        "coverage@>0.7": 0.0003058623619371283,
        "accuracy@>0.8": null,
        "coverage@>0.8": 0.0,
        "accuracy@>0.9": null,
        "coverage@>0.9": 0.0,
        "accuracy@1%_coverage": 0.8962585034013606,
        "accuracy@5%_coverage": 0.8558803535010198,
        "accuracy@10%_coverage": 0.8271877655055225,
        "accuracy@25%_coverage": 0.7702555736813486,
        "accuracy@50%_coverage": 0.7137468139337299
    }
}