{
    "run_id": "nNtTJWQ4",
    "datetime": "2025-08-25 15:21:02",
    "meta": {
        "model": "deepLOB_TF",
        "modelKwargs": {
            "shape": [
                100,
                20,
                1
            ]
        },
        "numEpoch": 10,
        "batchSize": 64,
        "ticker": "MSFT",
        "steps": [
            "TRAIN",
            "TEST"
        ],
        "maxFiles": 1,
        "scaling": true,
        "threshold": "auto",
        "rowLim": 1000000,
        "trainTestSplit": 0.85,
        "lookForwardHorizon": 10,
        "representation": "orderflows",
        "labelType": "CATEGORICAL",
        "archive": true
    },
    "metrics": {
        "accuracy": 0.508800543662929,
        "precision": 0.5476131867704427,
        "recall": 0.4945436765461073,
        "f1": 0.4968147243824717,
        "confusion_matrix": [
            [
                7758,
                9354,
                1400
            ],
            [
                3794,
                15640,
                2841
            ],
            [
                1661,
                9862,
                6550
            ]
        ]
    },
    "metricsStrength": {
        "accuracy@>0.4": 0.5159422871392946,
        "coverage@>0.4": 0.9537886510363575,
        "accuracy@>0.5": 0.5669613668021719,
        "coverage@>0.5": 0.5976384641522257,
        "accuracy@>0.6": 0.6495289698910166,
        "coverage@>0.6": 0.2759259259259259,
        "accuracy@>0.7": 0.7469443751558992,
        "coverage@>0.7": 0.13622154264356098,
        "accuracy@>0.8": 0.8230471418811205,
        "coverage@>0.8": 0.07460074753652736,
        "accuracy@>0.9": 0.8674367436743674,
        "coverage@>0.9": 0.0308868501529052,
        "accuracy@1%_coverage": 0.9047619047619048,
        "accuracy@5%_coverage": 0.8555895344886171,
        "accuracy@10%_coverage": 0.7849133537206932,
        "accuracy@25%_coverage": 0.6633367312266395,
        "accuracy@50%_coverage": 0.5854570166496772
    }
}