{
    "run_id": "a13XXSfp",
    "datetime": "2025-08-26 11:57:10",
    "meta": {
        "model": "deepLOB_TF",
        "modelKwargs": {
            "shape": [
                100,
                20,
                1
            ]
        },
        "numEpoch": 10,
        "batchSize": 64,
        "ticker": "ORCL",
        "steps": [
            "TRAIN",
            "TEST"
        ],
        "maxFiles": 1,
        "scaling": true,
        "threshold": "auto",
        "rowLim": 1000000,
        "trainTestSplit": 0.85,
        "lookForwardHorizon": 80,
        "representation": "orderfixedvol",
        "labelType": "CATEGORICAL",
        "archive": true
    },
    "metrics": {
        "accuracy": 0.34035648551777586,
        "precision": 0.33737786143945053,
        "recall": 0.33132108057507415,
        "f1": 0.3168160694063928,
        "confusion_matrix": [
            [
                1010,
                3422,
                2255
            ],
            [
                958,
                3957,
                2792
            ],
            [
                908,
                3284,
                2060
            ]
        ]
    },
    "metricsStrength": {
        "accuracy@>0.4": 0.33050917850319794,
        "coverage@>0.4": 0.583115373437954,
        "accuracy@>0.5": 0.19572953736654805,
        "coverage@>0.5": 0.013610384578126513,
        "accuracy@>0.6": null,
        "coverage@>0.6": 0.0,
        "accuracy@>0.7": null,
        "coverage@>0.7": 0.0,
        "accuracy@>0.8": null,
        "coverage@>0.8": 0.0,
        "accuracy@>0.9": null,
        "coverage@>0.9": 0.0,
        "accuracy@1%_coverage": 0.14563106796116504,
        "accuracy@5%_coverage": 0.29748062015503873,
        "accuracy@10%_coverage": 0.3313953488372093,
        "accuracy@25%_coverage": 0.32881224568882,
        "accuracy@50%_coverage": 0.33343020439794635
    }
}