{
    "run_id": "PZu0Oqn4",
    "datetime": "2025-08-26 19:41:15",
    "meta": {
        "model": "deepLOB_TF",
        "modelKwargs": {
            "shape": [
                100,
                20,
                1
            ]
        },
        "numEpoch": 10,
        "batchSize": 64,
        "ticker": "NVDA",
        "steps": [
            "TRAIN",
            "TEST"
        ],
        "maxFiles": 1,
        "scaling": true,
        "threshold": "auto",
        "rowLim": 1000000,
        "trainTestSplit": 0.85,
        "lookForwardHorizon": 80,
        "representation": "orderflows",
        "labelType": "CATEGORICAL",
        "archive": true
    },
    "metrics": {
        "accuracy": 0.32638,
        "precision": 0.21950109993054714,
        "recall": 0.33287486766155455,
        "f1": 0.25489465703406505,
        "confusion_matrix": [
            [
                16271,
                0,
                34460
            ],
            [
                16437,
                0,
                34615
            ],
            [
                15531,
                0,
                32686
            ]
        ]
    },
    "metricsStrength": {
        "accuracy@>0.4": 0.1559633027522936,
        "coverage@>0.4": 0.0007266666666666667,
        "accuracy@>0.5": null,
        "coverage@>0.5": 0.0,
        "accuracy@>0.6": null,
        "coverage@>0.6": 0.0,
        "accuracy@>0.7": null,
        "coverage@>0.7": 0.0,
        "accuracy@>0.8": null,
        "coverage@>0.8": 0.0,
        "accuracy@>0.9": null,
        "coverage@>0.9": 0.0,
        "accuracy@1%_coverage": 0.25333333333333335,
        "accuracy@5%_coverage": 0.322,
        "accuracy@10%_coverage": 0.31306666666666666,
        "accuracy@25%_coverage": 0.3205866666666667,
        "accuracy@50%_coverage": 0.32436
    }
}