{
    "run_id": "PAhIOdLf",
    "datetime": "2025-08-26 20:27:17",
    "meta": {
        "model": "deepLOB_TF",
        "modelKwargs": {
            "shape": [
                100,
                20,
                1
            ]
        },
        "numEpoch": 10,
        "batchSize": 64,
        "ticker": "NVDA",
        "steps": [
            "TRAIN",
            "TEST"
        ],
        "maxFiles": 1,
        "scaling": true,
        "threshold": "auto",
        "rowLim": 1000000,
        "trainTestSplit": 0.85,
        "lookForwardHorizon": 200,
        "representation": "orderflows",
        "labelType": "CATEGORICAL",
        "archive": true
    },
    "metrics": {
        "accuracy": 0.3337733333333333,
        "precision": 0.3431173676581964,
        "recall": 0.3370573097857454,
        "f1": 0.32830724295292646,
        "confusion_matrix": [
            [
                11103,
                15865,
                21045
            ],
            [
                11894,
                21363,
                27807
            ],
            [
                8057,
                15266,
                17600
            ]
        ]
    },
    "metricsStrength": {
        "accuracy@>0.4": 0.33117895325068747,
        "coverage@>0.4": 0.90668,
        "accuracy@>0.5": 0.3270030321610657,
        "coverage@>0.5": 0.7937133333333334,
        "accuracy@>0.6": 0.3204883024160133,
        "coverage@>0.6": 0.62748,
        "accuracy@>0.7": 0.3075674579022114,
        "coverage@>0.7": 0.46004,
        "accuracy@>0.8": 0.28306389199415255,
        "coverage@>0.8": 0.31010666666666664,
        "accuracy@>0.9": 0.26616110549376476,
        "coverage@>0.9": 0.1978,
        "accuracy@1%_coverage": 0.2713333333333333,
        "accuracy@5%_coverage": 0.23933333333333334,
        "accuracy@10%_coverage": 0.25566666666666665,
        "accuracy@25%_coverage": 0.2744533333333333,
        "accuracy@50%_coverage": 0.31106666666666666
    }
}