{
    "run_id": "WK46k1DH",
    "datetime": "2025-08-26 18:55:11",
    "meta": {
        "model": "deepLOB_TF",
        "modelKwargs": {
            "shape": [
                100,
                20,
                1
            ]
        },
        "numEpoch": 10,
        "batchSize": 64,
        "ticker": "NVDA",
        "steps": [
            "TRAIN",
            "TEST"
        ],
        "maxFiles": 1,
        "scaling": true,
        "threshold": "auto",
        "rowLim": 1000000,
        "trainTestSplit": 0.85,
        "lookForwardHorizon": 40,
        "representation": "orderflows",
        "labelType": "CATEGORICAL",
        "archive": true
    },
    "metrics": {
        "accuracy": 0.3765,
        "precision": 0.3366596355211156,
        "recall": 0.3365821548955061,
        "f1": 0.30571626536671487,
        "confusion_matrix": [
            [
                5613,
                31239,
                8459
            ],
            [
                7429,
                43048,
                10349
            ],
            [
                5253,
                30796,
                7814
            ]
        ]
    },
    "metricsStrength": {
        "accuracy@>0.4": 0.3954197996292516,
        "coverage@>0.4": 0.6401466666666666,
        "accuracy@>0.5": 0.34383886255924173,
        "coverage@>0.5": 0.028133333333333333,
        "accuracy@>0.6": 0.32051282051282054,
        "coverage@>0.6": 0.00208,
        "accuracy@>0.7": null,
        "coverage@>0.7": 0.0,
        "accuracy@>0.8": null,
        "coverage@>0.8": 0.0,
        "accuracy@>0.9": null,
        "coverage@>0.9": 0.0,
        "accuracy@1%_coverage": 0.4073333333333333,
        "accuracy@5%_coverage": 0.32226666666666665,
        "accuracy@10%_coverage": 0.33093333333333336,
        "accuracy@25%_coverage": 0.36928,
        "accuracy@50%_coverage": 0.39724
    }
}