{
    "run_id": "PZTzunw3",
    "datetime": "2025-08-31 15:29:22",
    "meta": {
        "model": "deepLOB_TF",
        "modelKwargs": {
            "shape": [
                100,
                20,
                1
            ]
        },
        "numEpoch": 5,
        "batchSize": 64,
        "ticker": "TSLA",
        "steps": [
            "ALGO"
        ],
        "maxFiles": 1,
        "scaling": true,
        "threshold": "auto",
        "rowLim": 1000000,
        "trainTestSplit": 0,
        "lookForwardHorizon": 20,
        "representation": "orderflows",
        "labelType": "CATEGORICAL",
        "archive": true,
        "weightsRunID": "lgVUlSPA"
    },
    "metaFromWeights": {
        "model": "deepLOB_TF",
        "modelKwargs": {
            "shape": [
                100,
                20,
                1
            ]
        },
        "numEpoch": 10,
        "batchSize": 64,
        "ticker": "PLTR",
        "steps": [
            "TRAIN",
            "TEST"
        ],
        "maxFiles": 1,
        "scaling": true,
        "threshold": "auto",
        "rowLim": 1000000,
        "trainTestSplit": 0.85,
        "lookForwardHorizon": 20,
        "representation": "orderflows",
        "labelType": "CATEGORICAL",
        "archive": true
    },
    "metrics": {
        "accuracy": 0.457167,
        "precision": 0.426838588986927,
        "recall": 0.4481855817547866,
        "f1": 0.37494614457179204,
        "confusion_matrix": [
            [
                180490,
                9583,
                161052
            ],
            [
                108367,
                8474,
                198296
            ],
            [
                58144,
                7391,
                268203
            ]
        ]
    },
    "metricsStrength": {
        "accuracy@>0.4": 0.4842734428585426,
        "coverage@>0.4": 0.796042,
        "accuracy@>0.5": 0.5517688892269369,
        "coverage@>0.5": 0.420716,
        "accuracy@>0.6": 0.6337842799446437,
        "coverage@>0.6": 0.177035,
        "accuracy@>0.7": 0.7260818160321589,
        "coverage@>0.7": 0.063435,
        "accuracy@>0.8": 0.8089836364821696,
        "coverage@>0.8": 0.015339,
        "accuracy@>0.9": 0.8081081081081081,
        "coverage@>0.9": 0.00074,
        "accuracy@1%_coverage": 0.8217,
        "accuracy@5%_coverage": 0.74542,
        "accuracy@10%_coverage": 0.68573,
        "accuracy@25%_coverage": 0.601284,
        "accuracy@50%_coverage": 0.5349
    }
}