{
    "run_id": "y0OMMIt9",
    "datetime": "2025-08-26 20:47:51",
    "meta": {
        "model": "deepLOBREG_TF",
        "modelKwargs": {
            "shape": [
                100,
                20,
                1
            ]
        },
        "numEpoch": 10,
        "batchSize": 64,
        "ticker": "NVDA",
        "steps": [
            "TRAIN",
            "TEST"
        ],
        "maxFiles": 1,
        "scaling": true,
        "threshold": "auto",
        "rowLim": 1000000,
        "trainTestSplit": 0.85,
        "lookForwardHorizon": 60,
        "representation": "ordervol",
        "labelType": "REGRESSION",
        "archive": true
    },
    "metrics": {
        "MSE": 0.5554461479187012,
        "R2": -0.050784945487976074,
        "MAPE": 1158.0068359375,
        "MAE": 0.6238142251968384
    },
    "metricsStrength": {
        "accuracy@>0.1": 0.5817634047746167,
        "coverage@>0.1": 0.6996031349007837,
        "accuracy@>0.2": 0.5921419727610401,
        "coverage@>0.2": 0.40403535100883775,
        "accuracy@>0.3": 0.5962648313438721,
        "coverage@>0.3": 0.18607303651825913,
        "accuracy@>0.4": 0.5943426550948249,
        "coverage@>0.4": 0.06225112556278139,
        "accuracy@>0.5": 0.5284810126582279,
        "coverage@>0.5": 0.01053860263465066,
        "accuracy@>0.6": 0.13253012048192772,
        "coverage@>0.6": 0.0005536101384025346,
        "accuracy@>0.7": null,
        "coverage@>0.7": 0.0,
        "accuracy@>0.8": null,
        "coverage@>0.8": 0.0,
        "accuracy@>0.9": null,
        "coverage@>0.9": 0.0,
        "accuracy@1%_coverage": 0.5263509006004002,
        "accuracy@5%_coverage": 0.5945837780149413,
        "accuracy@10%_coverage": 0.5963180362860192,
        "accuracy@25%_coverage": 0.596462207518476,
        "accuracy@50%_coverage": 0.5879112083455618
    }
}