{
    "run_id": "GJDLz5FH",
    "datetime": "2025-08-26 12:44:10",
    "meta": {
        "model": "deepLOB_TF",
        "modelKwargs": {
            "shape": [
                100,
                20,
                1
            ]
        },
        "numEpoch": 10,
        "batchSize": 64,
        "ticker": "NVDA",
        "steps": [
            "TRAIN",
            "TEST"
        ],
        "maxFiles": 1,
        "scaling": true,
        "threshold": "auto",
        "rowLim": 1000000,
        "trainTestSplit": 0.85,
        "lookForwardHorizon": 80,
        "representation": "ordervol",
        "labelType": "CATEGORICAL",
        "archive": true
    },
    "metrics": {
        "accuracy": 0.3762516260298189,
        "precision": 0.3674175900471477,
        "recall": 0.3496567678567948,
        "f1": 0.2959351127528818,
        "confusion_matrix": [
            [
                32061,
                357,
                22788
            ],
            [
                22136,
                389,
                19999
            ],
            [
                27866,
                357,
                23952
            ]
        ]
    },
    "metricsStrength": {
        "accuracy@>0.4": 0.3815432827618984,
        "coverage@>0.4": 0.8983089289883593,
        "accuracy@>0.5": 0.4041649399088272,
        "coverage@>0.5": 0.25754978152830127,
        "accuracy@>0.6": 0.3815322171486555,
        "coverage@>0.6": 0.013148327273940162,
        "accuracy@>0.7": 0.0,
        "coverage@>0.7": 6.670891564657616e-06,
        "accuracy@>0.8": null,
        "coverage@>0.8": 0.0,
        "accuracy@>0.9": null,
        "coverage@>0.9": 0.0,
        "accuracy@1%_coverage": 0.3762508338892595,
        "accuracy@5%_coverage": 0.4012008005336891,
        "accuracy@10%_coverage": 0.4086724482988659,
        "accuracy@25%_coverage": 0.40433877681716296,
        "accuracy@50%_coverage": 0.3978279432169922
    }
}