{
    "run_id": "UgmMHz3B",
    "datetime": "2025-08-26 11:05:42",
    "meta": {
        "model": "deepLOB_TF",
        "modelKwargs": {
            "shape": [
                100,
                20,
                1
            ]
        },
        "numEpoch": 10,
        "batchSize": 64,
        "ticker": "NVDA",
        "steps": [
            "TRAIN",
            "TEST"
        ],
        "maxFiles": 1,
        "scaling": true,
        "threshold": "auto",
        "rowLim": 1000000,
        "trainTestSplit": 0.85,
        "lookForwardHorizon": 10,
        "representation": "ordervol",
        "labelType": "CATEGORICAL",
        "archive": true
    },
    "metrics": {
        "accuracy": 0.7850375062510419,
        "precision": 0.6638609955608725,
        "recall": 0.5165235895348116,
        "f1": 0.5559922369967699,
        "confusion_matrix": [
            [
                6297,
                12584,
                884
            ],
            [
                3070,
                106242,
                2246
            ],
            [
                2047,
                11408,
                5197
            ]
        ]
    },
    "metricsStrength": {
        "accuracy@>0.4": 0.7896634615384616,
        "coverage@>0.4": 0.9874712452075346,
        "accuracy@>0.5": 0.804175056386029,
        "coverage@>0.5": 0.9371495249208202,
        "accuracy@>0.6": 0.8275205835045307,
        "coverage@>0.6": 0.8373795632605434,
        "accuracy@>0.7": 0.8539494180797127,
        "coverage@>0.7": 0.6720253375562594,
        "accuracy@>0.8": 0.9138410379415612,
        "coverage@>0.8": 0.24462743790631772,
        "accuracy@>0.9": 0.9689130434782609,
        "coverage@>0.9": 0.030671778629771627,
        "accuracy@1%_coverage": 0.981320880587058,
        "accuracy@5%_coverage": 0.9623899706588424,
        "accuracy@10%_coverage": 0.9465893178635727,
        "accuracy@25%_coverage": 0.9127303763369162,
        "accuracy@50%_coverage": 0.8751516929601131
    }
}