{
    "run_id": "aPR9EEE1",
    "datetime": "2025-08-26 10:59:33",
    "meta": {
        "model": "deepLOBREG_TF",
        "modelKwargs": {
            "shape": [
                100,
                20,
                1
            ]
        },
        "numEpoch": 10,
        "batchSize": 64,
        "ticker": "PLTR",
        "steps": [
            "TRAIN",
            "TEST"
        ],
        "maxFiles": 1,
        "scaling": true,
        "threshold": "auto",
        "rowLim": 1000000,
        "trainTestSplit": 0.85,
        "lookForwardHorizon": 10,
        "representation": "ordervol",
        "labelType": "REGRESSION",
        "archive": true
    },
    "metrics": {
        "MSE": 0.35933971405029297,
        "R2": 0.16644179821014404,
        "MAPE": 2046.9827880859375,
        "MAE": 0.49814754724502563
    },
    "metricsStrength": {
        "accuracy@>0.1": 0.6455155470812555,
        "coverage@>0.1": 0.7273745624270712,
        "accuracy@>0.2": 0.6815827986040752,
        "coverage@>0.2": 0.4738389731621937,
        "accuracy@>0.3": 0.7296243798724309,
        "coverage@>0.3": 0.26343057176196033,
        "accuracy@>0.4": 0.7714951551576107,
        "coverage@>0.4": 0.10872478746457744,
        "accuracy@>0.5": 0.8075089392133492,
        "coverage@>0.5": 0.0223770628438073,
        "accuracy@>0.6": 0.9333333333333333,
        "coverage@>0.6": 0.0007001166861143524,
        "accuracy@>0.7": null,
        "coverage@>0.7": 0.0,
        "accuracy@>0.8": null,
        "coverage@>0.8": 0.0,
        "accuracy@>0.9": null,
        "coverage@>0.9": 0.0,
        "accuracy@1%_coverage": 0.8312208138759173,
        "accuracy@5%_coverage": 0.7948786343024806,
        "accuracy@10%_coverage": 0.7758885110355405,
        "accuracy@25%_coverage": 0.7327234417091191,
        "accuracy@50%_coverage": 0.6775441076453252
    }
}