{
    "run_id": "pdPzSCTV",
    "datetime": "2025-08-26 11:45:34",
    "meta": {
        "model": "deepLOBREG_TF",
        "modelKwargs": {
            "shape": [
                100,
                20,
                1
            ]
        },
        "numEpoch": 10,
        "batchSize": 64,
        "ticker": "PLTR",
        "steps": [
            "TRAIN",
            "TEST"
        ],
        "maxFiles": 1,
        "scaling": true,
        "threshold": "auto",
        "rowLim": 1000000,
        "trainTestSplit": 0.85,
        "lookForwardHorizon": 40,
        "representation": "ordervol",
        "labelType": "REGRESSION",
        "archive": true
    },
    "metrics": {
        "MSE": 0.49050194025039673,
        "R2": 0.08084672689437866,
        "MAPE": 388.8333435058594,
        "MAE": 0.6133871674537659
    },
    "metricsStrength": {
        "accuracy@>0.1": 0.6482740224070818,
        "coverage@>0.1": 0.6750341791990396,
        "accuracy@>0.2": 0.6819175136147629,
        "coverage@>0.2": 0.3845276601420521,
        "accuracy@>0.3": 0.7158982373882087,
        "coverage@>0.3": 0.15361632598619493,
        "accuracy@>0.4": 0.730142566191446,
        "coverage@>0.4": 0.03274533995798459,
        "accuracy@>0.5": 0.7126050420168067,
        "coverage@>0.5": 0.003968121644603021,
        "accuracy@>0.6": 0.6,
        "coverage@>0.6": 0.00010003668011604255,
        "accuracy@>0.7": null,
        "coverage@>0.7": 0.0,
        "accuracy@>0.8": null,
        "coverage@>0.8": 0.0,
        "accuracy@>0.9": null,
        "coverage@>0.9": 0.0,
        "accuracy@1%_coverage": 0.7218145430286858,
        "accuracy@5%_coverage": 0.7308256635987729,
        "accuracy@10%_coverage": 0.7246898759503801,
        "accuracy@25%_coverage": 0.6990343061409593,
        "accuracy@50%_coverage": 0.6680360667982713
    }
}