{
    "run_id": "w7lX4MKB",
    "datetime": "2025-08-26 12:04:43",
    "meta": {
        "model": "deepLOBREG_TF",
        "modelKwargs": {
            "shape": [
                100,
                20,
                1
            ]
        },
        "numEpoch": 10,
        "batchSize": 64,
        "ticker": "PLTR",
        "steps": [
            "TRAIN",
            "TEST"
        ],
        "maxFiles": 1,
        "scaling": true,
        "threshold": "auto",
        "rowLim": 1000000,
        "trainTestSplit": 0.85,
        "lookForwardHorizon": 60,
        "representation": "ordervol",
        "labelType": "REGRESSION",
        "archive": true
    },
    "metrics": {
        "MSE": 0.5172644257545471,
        "R2": 0.016506433486938477,
        "MAPE": 292.3954772949219,
        "MAE": 0.630113959312439
    },
    "metricsStrength": {
        "accuracy@>0.1": 0.5616177505484953,
        "coverage@>0.1": 0.6445089211272302,
        "accuracy@>0.2": 0.5781591500845734,
        "coverage@>0.2": 0.3509554777388694,
        "accuracy@>0.3": 0.5935497929832207,
        "coverage@>0.3": 0.15304318826079708,
        "accuracy@>0.4": 0.5979489876413357,
        "coverage@>0.4": 0.050732032683008174,
        "accuracy@>0.5": 0.6292335115864528,
        "coverage@>0.5": 0.011225612806403202,
        "accuracy@>0.6": 0.6150442477876106,
        "coverage@>0.6": 0.0015074203768550942,
        "accuracy@>0.7": 0.0,
        "coverage@>0.7": 1.3340003335000834e-05,
        "accuracy@>0.8": null,
        "coverage@>0.8": 0.0,
        "accuracy@>0.9": null,
        "coverage@>0.9": 0.0,
        "accuracy@1%_coverage": 0.6310873915943963,
        "accuracy@5%_coverage": 0.5985859124866596,
        "accuracy@10%_coverage": 0.5932497331910352,
        "accuracy@25%_coverage": 0.5884314719457858,
        "accuracy@50%_coverage": 0.5696352818761505
    }
}