{
    "run_id": "cEgHQ1qT",
    "datetime": "2025-08-26 17:35:52",
    "meta": {
        "model": "deepLOBREG_TF",
        "modelKwargs": {
            "shape": [
                100,
                20,
                1
            ]
        },
        "numEpoch": 10,
        "batchSize": 64,
        "ticker": "BAC",
        "steps": [
            "TRAIN",
            "TEST"
        ],
        "maxFiles": 1,
        "scaling": true,
        "threshold": "auto",
        "rowLim": 1000000,
        "trainTestSplit": 0.85,
        "lookForwardHorizon": 40,
        "representation": "ordervol",
        "labelType": "REGRESSION",
        "archive": true
    },
    "metrics": {
        "MSE": 0.21673546731472015,
        "R2": 0.2552486062049866,
        "MAPE": 692.2423706054688,
        "MAE": 0.3402130603790283
    },
    "metricsStrength": {
        "accuracy@>0.1": 0.6057064916872489,
        "coverage@>0.1": 0.6919976531210938,
        "accuracy@>0.2": 0.6538351048549268,
        "coverage@>0.2": 0.443993775668988,
        "accuracy@>0.3": 0.6900584795321637,
        "coverage@>0.3": 0.2835386852376215,
        "accuracy@>0.4": 0.6884713195818027,
        "coverage@>0.4": 0.18055661845361087,
        "accuracy@>0.5": 0.6662576687116565,
        "coverage@>0.5": 0.10395142981046401,
        "accuracy@>0.6": 0.5487661574618097,
        "coverage@>0.6": 0.04341725976378154,
        "accuracy@>0.7": 0.48616600790513836,
        "coverage@>0.7": 0.006453916991913472,
        "accuracy@>0.8": 0.6153846153846154,
        "coverage@>0.8": 0.000331624193260376,
        "accuracy@>0.9": null,
        "coverage@>0.9": 0.0,
        "accuracy@1%_coverage": 0.5025510204081632,
        "accuracy@5%_coverage": 0.5724489795918367,
        "accuracy@10%_coverage": 0.664030612244898,
        "accuracy@25%_coverage": 0.6910204081632653,
        "accuracy@50%_coverage": 0.6391836734693878
    }
}