{
    "run_id": "T42jM4mp",
    "datetime": "2025-08-26 09:55:21",
    "meta": {
        "model": "deepLOB_TF",
        "modelKwargs": {
            "shape": [
                100,
                20,
                1
            ]
        },
        "numEpoch": 10,
        "batchSize": 64,
        "ticker": "BAC",
        "steps": [
            "TRAIN",
            "TEST"
        ],
        "maxFiles": 1,
        "scaling": true,
        "threshold": "auto",
        "rowLim": 1000000,
        "trainTestSplit": 0.85,
        "lookForwardHorizon": 20,
        "representation": "ordervol",
        "labelType": "CATEGORICAL",
        "archive": true
    },
    "metrics": {
        "accuracy": 0.833482063180439,
        "precision": 0.6450578452908359,
        "recall": 0.5656501428886305,
        "f1": 0.5967437519846683,
        "confusion_matrix": [
            [
                1330,
                2006,
                325
            ],
            [
                1075,
                29853,
                793
            ],
            [
                376,
                1956,
                1507
            ]
        ]
    },
    "metricsStrength": {
        "accuracy@>0.4": 0.8337883001250096,
        "coverage@>0.4": 0.999388082914765,
        "accuracy@>0.5": 0.8373981643807363,
        "coverage@>0.5": 0.9889599959205527,
        "accuracy@>0.6": 0.8712924477620381,
        "coverage@>0.6": 0.9017363147293542,
        "accuracy@>0.7": 0.8950494433733441,
        "coverage@>0.7": 0.8199179011243977,
        "accuracy@>0.8": 0.9253234885591052,
        "coverage@>0.8": 0.6975344840774075,
        "accuracy@>0.9": 0.9594722518045202,
        "coverage@>0.9": 0.430942607276714,
        "accuracy@1%_coverage": 1.0,
        "accuracy@5%_coverage": 1.0,
        "accuracy@10%_coverage": 0.9926058133605303,
        "accuracy@25%_coverage": 0.9690973992860785,
        "accuracy@50%_coverage": 0.9544620091789903
    }
}