{
    "run_id": "4wbuYYbT",
    "datetime": "2025-08-26 17:50:21",
    "meta": {
        "model": "deepLOBREG_TF",
        "modelKwargs": {
            "shape": [
                100,
                20,
                1
            ]
        },
        "numEpoch": 10,
        "batchSize": 64,
        "ticker": "BAC",
        "steps": [
            "TRAIN",
            "TEST"
        ],
        "maxFiles": 1,
        "scaling": true,
        "threshold": "auto",
        "rowLim": 1000000,
        "trainTestSplit": 0.85,
        "lookForwardHorizon": 100,
        "representation": "ordervol",
        "labelType": "REGRESSION",
        "archive": true
    },
    "metrics": {
        "MSE": 0.36851611733436584,
        "R2": 0.14642071723937988,
        "MAPE": 430.4359436035156,
        "MAE": 0.4945482015609741
    },
    "metricsStrength": {
        "accuracy@>0.1": 0.6823683349689238,
        "coverage@>0.1": 0.7810224572698705,
        "accuracy@>0.2": 0.6992819872452393,
        "coverage@>0.2": 0.5728775452849952,
        "accuracy@>0.3": 0.7258556646325285,
        "coverage@>0.3": 0.3851715592345622,
        "accuracy@>0.4": 0.7498855311355311,
        "coverage@>0.4": 0.22319307120410822,
        "accuracy@>0.5": 0.7735684737644242,
        "coverage@>0.5": 0.11734498352111597,
        "accuracy@>0.6": 0.8346883468834688,
        "coverage@>0.6": 0.0471372729363072,
        "accuracy@>0.7": 0.949685534591195,
        "coverage@>0.7": 0.008124473058940753,
        "accuracy@>0.8": 1.0,
        "coverage@>0.8": 0.00020438925934442145,
        "accuracy@>0.9": null,
        "coverage@>0.9": 0.0,
        "accuracy@1%_coverage": 0.9309462915601023,
        "accuracy@5%_coverage": 0.8308635666836995,
        "accuracy@10%_coverage": 0.7751660705160961,
        "accuracy@25%_coverage": 0.7437915176290241,
        "accuracy@50%_coverage": 0.7058763413387839
    }
}