{
    "run_id": "yY7byWFt",
    "datetime": "2025-08-23 19:14:51",
    "meta": {
        "model": "deepLOB_TF",
        "modelKwargs": {
            "shape": [
                100,
                20,
                1
            ]
        },
        "numEpoch": 5,
        "batchSize": 64,
        "ticker": "AAPL",
        "steps": [
            "TRAIN",
            "TEST"
        ],
        "maxFiles": 1,
        "scaling": true,
        "threshold": "auto",
        "rowLim": 1000000,
        "trainTestSplit": 0.9,
        "lookForwardHorizon": 60,
        "representation": "orderfixedvol",
        "labelType": "CATEGORICAL",
        "archive": true
    },
    "metrics": {
        "accuracy": 0.4567397178024617,
        "precision": 0.3045086268584744,
        "recall": 0.35415544130370247,
        "f1": 0.32743655120115883,
        "confusion_matrix": [
            [
                23252,
                0,
                19874
            ],
            [
                7380,
                0,
                6638
            ],
            [
                20396,
                0,
                22390
            ]
        ],
        "categorical_crossentropy": 1.089689457260973
    },
    "metricsStrength": {
        "accuracy@>0.4": 0.4567397178024617,
        "coverage@>0.4": 1.0,
        "accuracy@>0.5": 0.46434382829248133,
        "coverage@>0.5": 0.7748824176923846,
        "accuracy@>0.6": 0.4693637563954448,
        "coverage@>0.6": 0.4850595416791754,
        "accuracy@>0.7": 0.46657692145892055,
        "coverage@>0.7": 0.23787651355949163,
        "accuracy@>0.8": 0.4542030732148237,
        "coverage@>0.8": 0.06642649854898429,
        "accuracy@>0.9": 0.5070422535211268,
        "coverage@>0.9": 0.001420994696287401
    }
}