{
    "run_id": "M02M4rCA",
    "datetime": "2025-08-23 20:45:55",
    "meta": {
        "model": "deepLOBREG_TF",
        "modelKwargs": {
            "shape": [
                100,
                20,
                1
            ]
        },
        "numEpoch": 3,
        "batchSize": 64,
        "ticker": "AAPL",
        "steps": [
            "TRAIN",
            "TEST"
        ],
        "maxFiles": 1,
        "scaling": true,
        "threshold": "auto",
        "rowLim": 1000000,
        "trainTestSplit": 0.9,
        "lookForwardHorizon": 20,
        "representation": "orderfixedvol",
        "labelType": "REGRESSION",
        "archive": true
    },
    "metrics": {
        "MSE": 0.35894134640693665,
        "R2": 0.09881341457366943,
        "MAPE": 1669.749267578125,
        "MAE": 0.4975789189338684
    },
    "metricsStrength": {
        "accuracy@>0.4": 0.7255280960927792,
        "coverage@>0.4": 0.0724517355206562,
        "accuracy@>0.5": 0.7751627441161743,
        "coverage@>0.5": 0.01997599279783935,
        "accuracy@>0.6": 0.8198198198198198,
        "coverage@>0.6": 0.003330999299789937,
        "accuracy@>0.7": 1.0,
        "coverage@>0.7": 0.00028008402520756227,
        "accuracy@>0.8": null,
        "coverage@>0.8": 0.0,
        "accuracy@>0.9": null,
        "coverage@>0.9": 0.0
    }
}