{
    "run_id": "huCXrv6Q",
    "datetime": "2025-08-23 18:59:40",
    "meta": {
        "model": "deepLOB_TF",
        "modelKwargs": {
            "shape": [
                100,
                20,
                1
            ]
        },
        "numEpoch": 5,
        "batchSize": 64,
        "ticker": "AAPL",
        "steps": [
            "TRAIN",
            "TEST"
        ],
        "maxFiles": 1,
        "scaling": true,
        "threshold": "auto",
        "rowLim": 1000000,
        "trainTestSplit": 0.9,
        "lookForwardHorizon": 40,
        "representation": "orderfixedvol",
        "labelType": "CATEGORICAL",
        "archive": true
    },
    "metrics": {
        "accuracy": 0.48137068534267136,
        "precision": 0.32204691127868773,
        "recall": 0.3925288333419213,
        "f1": 0.35130263528524924,
        "confusion_matrix": [
            [
                20497,
                0,
                20358
            ],
            [
                7822,
                0,
                10414
            ],
            [
                13243,
                0,
                27616
            ]
        ],
        "categorical_crossentropy": 1.051720316355844
    },
    "metricsStrength": {
        "accuracy@>0.4": 0.48462170967036855,
        "coverage@>0.4": 0.9612506253126564,
        "accuracy@>0.5": 0.5133600423812993,
        "coverage@>0.5": 0.6043421710855428,
        "accuracy@>0.6": 0.5422450613988254,
        "coverage@>0.6": 0.29982991495747874,
        "accuracy@>0.7": 0.5795834152092749,
        "coverage@>0.7": 0.10183091545772886,
        "accuracy@>0.8": 0.651925820256776,
        "coverage@>0.8": 0.014027013506753377,
        "accuracy@>0.9": 0.5151515151515151,
        "coverage@>0.9": 0.00033016508254127063
    }
}