{
    "run_id": "PFOhb8S8",
    "datetime": "2025-08-23 23:00:56",
    "meta": {
        "model": "deepLOBREG_TF",
        "modelKwargs": {
            "shape": [
                100,
                20,
                1
            ]
        },
        "numEpoch": 3,
        "batchSize": 64,
        "ticker": "AAPL",
        "steps": [
            "TRAIN",
            "TEST"
        ],
        "maxFiles": 1,
        "scaling": true,
        "threshold": "auto",
        "rowLim": 1000000,
        "trainTestSplit": 0.9,
        "lookForwardHorizon": 40,
        "representation": "orderfixedvol",
        "labelType": "REGRESSION",
        "archive": true
    },
    "metrics": {
        "MSE": 0.43127477169036865,
        "R2": 0.04511326551437378,
        "MAPE": 753.9776611328125,
        "MAE": 0.5601800680160522
    },
    "metricsStrength": {
        "accuracy@>0.4": 0.6952457533420444,
        "coverage@>0.4": 0.09953976988494247,
        "accuracy@>0.5": 0.7123881028010396,
        "coverage@>0.5": 0.03464732366183092,
        "accuracy@>0.6": 0.7193149381541389,
        "coverage@>0.6": 0.010515257628814407,
        "accuracy@>0.7": 0.7859778597785978,
        "coverage@>0.7": 0.0027113556778389195,
        "accuracy@>0.8": 0.6666666666666666,
        "coverage@>0.8": 3.0015007503751875e-05,
        "accuracy@>0.9": null,
        "coverage@>0.9": 0.0
    }
}