{
    "run_id": "cYrSbLr2",
    "datetime": "2025-08-23 19:26:17",
    "meta": {
        "model": "deepLOB_TF",
        "modelKwargs": {
            "shape": [
                100,
                20,
                1
            ]
        },
        "numEpoch": 5,
        "batchSize": 64,
        "ticker": "AAPL",
        "steps": [
            "TRAIN",
            "TEST"
        ],
        "maxFiles": 1,
        "scaling": true,
        "threshold": "auto",
        "rowLim": 1000000,
        "trainTestSplit": 0.9,
        "lookForwardHorizon": 80,
        "representation": "orderfixedvol",
        "labelType": "CATEGORICAL",
        "archive": true
    },
    "metrics": {
        "accuracy": 0.360884796316685,
        "precision": 0.3556290150107076,
        "recall": 0.36151150420601375,
        "f1": 0.34367958697679923,
        "confusion_matrix": [
            [
                15495,
                5472,
                12534
            ],
            [
                14288,
                5225,
                13990
            ],
            [
                12711,
                4859,
                15336
            ]
        ],
        "categorical_crossentropy": 1.1851639529604336
    },
    "metricsStrength": {
        "accuracy@>0.4": 0.3680355841865102,
        "coverage@>0.4": 0.7830747672905615,
        "accuracy@>0.5": 0.37606795998344816,
        "coverage@>0.5": 0.4112000800720649,
        "accuracy@>0.6": 0.373242824309156,
        "coverage@>0.6": 0.18725853267941148,
        "accuracy@>0.7": 0.3712264150943396,
        "coverage@>0.7": 0.06365729156240617,
        "accuracy@>0.8": 0.36846473029045645,
        "coverage@>0.8": 0.012060854769292364,
        "accuracy@>0.9": 0.15,
        "coverage@>0.9": 0.00020018016214593134
    }
}