{
    "run_id": "SUvFAFun",
    "datetime": "2025-08-25 17:35:20",
    "meta": {
        "model": "deepLOB_TF",
        "modelKwargs": {
            "shape": [
                100,
                40,
                1
            ]
        },
        "numEpoch": 10,
        "batchSize": 64,
        "ticker": "NFLX",
        "steps": [
            "TRAIN",
            "TEST"
        ],
        "maxFiles": 1,
        "scaling": true,
        "threshold": "auto",
        "rowLim": 1000000,
        "trainTestSplit": 0.85,
        "lookForwardHorizon": 100,
        "representation": "orderbooks",
        "labelType": "CATEGORICAL",
        "archive": true
    },
    "metrics": {
        "accuracy": 0.4666378191259195,
        "precision": 0.27586294050301946,
        "recall": 0.32946031825356464,
        "f1": 0.22919313377999315,
        "confusion_matrix": [
            [
                35,
                3131,
                159
            ],
            [
                133,
                5315,
                75
            ],
            [
                10,
                2655,
                42
            ]
        ]
    },
    "metricsStrength": {
        "accuracy@>0.4": 0.46646425614131937,
        "coverage@>0.4": 0.9406317611423626,
        "accuracy@>0.5": 0.19858156028368795,
        "coverage@>0.5": 0.012202509736045003,
        "accuracy@>0.6": 0.59375,
        "coverage@>0.6": 0.0027693639117265254,
        "accuracy@>0.7": null,
        "coverage@>0.7": 0.0,
        "accuracy@>0.8": null,
        "coverage@>0.8": 0.0,
        "accuracy@>0.9": null,
        "coverage@>0.9": 0.0,
        "accuracy@1%_coverage": 0.22608695652173913,
        "accuracy@5%_coverage": 0.4436741767764298,
        "accuracy@10%_coverage": 0.5082251082251082,
        "accuracy@25%_coverage": 0.48337950138504154,
        "accuracy@50%_coverage": 0.4649472044313658
    }
}