{
    "run_id": "Twgl99mY",
    "datetime": "2025-08-25 19:16:18",
    "meta": {
        "model": "deepLOBREG_TF",
        "modelKwargs": {
            "shape": [
                100,
                40,
                1
            ]
        },
        "numEpoch": 10,
        "batchSize": 64,
        "ticker": "MTCH",
        "steps": [
            "TRAIN",
            "TEST"
        ],
        "maxFiles": 1,
        "scaling": true,
        "threshold": "auto",
        "rowLim": 1000000,
        "trainTestSplit": 0.85,
        "lookForwardHorizon": 40,
        "representation": "orderbooks",
        "labelType": "REGRESSION",
        "archive": true
    },
    "metrics": {
        "MSE": 0.4195411205291748,
        "R2": -0.3464313745498657,
        "MAPE": 468.09979248046875,
        "MAE": 0.523531436920166
    },
    "metricsStrength": {
        "accuracy@>0.1": 0.4560124934929724,
        "coverage@>0.1": 0.77138267969482,
        "accuracy@>0.2": 0.4402860548271752,
        "coverage@>0.2": 0.5615044840048187,
        "accuracy@>0.3": 0.4243041412084182,
        "coverage@>0.3": 0.394324722259403,
        "accuracy@>0.4": 0.39645922746781115,
        "coverage@>0.4": 0.24949805916209342,
        "accuracy@>0.5": 0.31388329979879276,
        "coverage@>0.5": 0.1330477847677687,
        "accuracy@>0.6": 0.27676240208877284,
        "coverage@>0.6": 0.051264890911524565,
        "accuracy@>0.7": 0.46511627906976744,
        "coverage@>0.7": 0.0057555882746620265,
        "accuracy@>0.8": null,
        "coverage@>0.8": 0.0,
        "accuracy@>0.9": null,
        "coverage@>0.9": 0.0,
        "accuracy@1%_coverage": 0.3108108108108108,
        "accuracy@5%_coverage": 0.28150134048257375,
        "accuracy@10%_coverage": 0.285140562248996,
        "accuracy@25%_coverage": 0.3963577932512051,
        "accuracy@50%_coverage": 0.43346720214190093
    }
}