{
    "run_id": "Oizez2So",
    "datetime": "2025-08-31 15:17:49",
    "meta": {
        "model": "deepLOB_TF",
        "modelKwargs": {
            "shape": [
                100,
                20,
                1
            ]
        },
        "numEpoch": 5,
        "batchSize": 64,
        "ticker": "AAPL",
        "steps": [
            "ALGO"
        ],
        "maxFiles": 1,
        "scaling": true,
        "threshold": "auto",
        "rowLim": 1000000,
        "trainTestSplit": 0,
        "lookForwardHorizon": 20,
        "representation": "orderflows",
        "labelType": "CATEGORICAL",
        "archive": true,
        "weightsRunID": "eGs6YQpE"
    },
    "metaFromWeights": {
        "model": "deepLOB_TF",
        "modelKwargs": {
            "shape": [
                100,
                20,
                1
            ]
        },
        "numEpoch": 10,
        "batchSize": 64,
        "ticker": "GOOG",
        "steps": [
            "TRAIN",
            "TEST"
        ],
        "maxFiles": 1,
        "scaling": true,
        "threshold": "auto",
        "rowLim": 1000000,
        "trainTestSplit": 0.85,
        "lookForwardHorizon": 20,
        "representation": "orderflows",
        "labelType": "CATEGORICAL",
        "archive": true
    },
    "metrics": {
        "accuracy": 0.466623,
        "precision": 0.4537966046046482,
        "recall": 0.4622321758420908,
        "f1": 0.45330331725927864,
        "confusion_matrix": [
            [
                186817,
                72968,
                83663
            ],
            [
                111479,
                84115,
                122651
            ],
            [
                74386,
                68230,
                195691
            ]
        ]
    },
    "metricsStrength": {
        "accuracy@>0.4": 0.4830003327511148,
        "coverage@>0.4": 0.868517,
        "accuracy@>0.5": 0.5256424730803426,
        "coverage@>0.5": 0.566872,
        "accuracy@>0.6": 0.572923445269814,
        "coverage@>0.6": 0.32578,
        "accuracy@>0.7": 0.6190007632095168,
        "coverage@>0.7": 0.158541,
        "accuracy@>0.8": 0.6492792593475042,
        "coverage@>0.8": 0.058759,
        "accuracy@>0.9": 0.7139364303178484,
        "coverage@>0.9": 0.006953,
        "accuracy@1%_coverage": 0.6996,
        "accuracy@5%_coverage": 0.65294,
        "accuracy@10%_coverage": 0.63444,
        "accuracy@25%_coverage": 0.593756,
        "accuracy@50%_coverage": 0.53658
    }
}