{
    "run_id": "jfUdOzXg",
    "datetime": "2025-08-31 15:24:45",
    "meta": {
        "model": "deepLOB_TF",
        "modelKwargs": {
            "shape": [
                100,
                20,
                1
            ]
        },
        "numEpoch": 5,
        "batchSize": 64,
        "ticker": "MTCH",
        "steps": [
            "ALGO"
        ],
        "maxFiles": 1,
        "scaling": true,
        "threshold": "auto",
        "rowLim": 1000000,
        "trainTestSplit": 0,
        "lookForwardHorizon": 20,
        "representation": "orderflows",
        "labelType": "CATEGORICAL",
        "archive": true,
        "weightsRunID": "lgVUlSPA"
    },
    "metaFromWeights": {
        "model": "deepLOB_TF",
        "modelKwargs": {
            "shape": [
                100,
                20,
                1
            ]
        },
        "numEpoch": 10,
        "batchSize": 64,
        "ticker": "PLTR",
        "steps": [
            "TRAIN",
            "TEST"
        ],
        "maxFiles": 1,
        "scaling": true,
        "threshold": "auto",
        "rowLim": 1000000,
        "trainTestSplit": 0.85,
        "lookForwardHorizon": 20,
        "representation": "orderflows",
        "labelType": "CATEGORICAL",
        "archive": true
    },
    "metrics": {
        "accuracy": 0.394825691739087,
        "precision": 0.4056814029686355,
        "recall": 0.4399626993900145,
        "f1": 0.37202066716505416,
        "confusion_matrix": [
            [
                8892,
                1361,
                3741
            ],
            [
                10253,
                2134,
                8694
            ],
            [
                4812,
                1431,
                8737
            ]
        ]
    },
    "metricsStrength": {
        "accuracy@>0.4": 0.41435366536094015,
        "coverage@>0.4": 0.7140145839576466,
        "accuracy@>0.5": 0.48352226247516655,
        "coverage@>0.5": 0.3419039057037259,
        "accuracy@>0.6": 0.5747544072130265,
        "coverage@>0.6": 0.14845669763260413,
        "accuracy@>0.7": 0.6902173913043478,
        "coverage@>0.7": 0.06616721606233143,
        "accuracy@>0.8": 0.776045357902197,
        "coverage@>0.8": 0.028188992108680453,
        "accuracy@>0.9": 0.7883817427385892,
        "coverage@>0.9": 0.009629407651583259,
        "accuracy@1%_coverage": 0.788,
        "accuracy@5%_coverage": 0.7254196642685852,
        "accuracy@10%_coverage": 0.630969030969031,
        "accuracy@25%_coverage": 0.513785662910573,
        "accuracy@50%_coverage": 0.44743676829024653
    }
}