{
    "run_id": "fdT6cig7",
    "datetime": "2025-08-26 22:20:54",
    "meta": {
        "model": "deepLOBREG_TF",
        "modelKwargs": {
            "shape": [
                100,
                20,
                1
            ]
        },
        "numEpoch": 10,
        "batchSize": 64,
        "ticker": "ORCL",
        "steps": [
            "TRAIN",
            "TEST"
        ],
        "maxFiles": 1,
        "scaling": true,
        "threshold": "auto",
        "rowLim": 1000000,
        "trainTestSplit": 0.85,
        "lookForwardHorizon": 20,
        "representation": "ordervol",
        "labelType": "REGRESSION",
        "archive": true
    },
    "metrics": {
        "MSE": 0.3169953525066376,
        "R2": -0.02463364601135254,
        "MAPE": 235.55043029785156,
        "MAE": 0.4548840820789337
    },
    "metricsStrength": {
        "accuracy@>0.1": 0.46431381364504887,
        "coverage@>0.1": 0.4296822177146721,
        "accuracy@>0.2": 0.45625,
        "coverage@>0.2": 0.06954505940307157,
        "accuracy@>0.3": null,
        "coverage@>0.3": 0.0,
        "accuracy@>0.4": null,
        "coverage@>0.4": 0.0,
        "accuracy@>0.5": null,
        "coverage@>0.5": 0.0,
        "accuracy@>0.6": null,
        "coverage@>0.6": 0.0,
        "accuracy@>0.7": null,
        "coverage@>0.7": 0.0,
        "accuracy@>0.8": null,
        "coverage@>0.8": 0.0,
        "accuracy@>0.9": null,
        "coverage@>0.9": 0.0,
        "accuracy@1%_coverage": 0.46859903381642515,
        "accuracy@5%_coverage": 0.4454106280193237,
        "accuracy@10%_coverage": 0.4642512077294686,
        "accuracy@25%_coverage": 0.4520865533230294,
        "accuracy@50%_coverage": 0.46884960880904086
    }
}