{
    "run_id": "Kc5LoKGr",
    "datetime": "2025-08-25 18:41:02",
    "meta": {
        "model": "deepLOBREG_TF",
        "modelKwargs": {
            "shape": [
                100,
                40,
                1
            ]
        },
        "numEpoch": 10,
        "batchSize": 64,
        "ticker": "MSFT",
        "steps": [
            "TRAIN",
            "TEST"
        ],
        "maxFiles": 1,
        "scaling": true,
        "threshold": "auto",
        "rowLim": 1000000,
        "trainTestSplit": 0.85,
        "lookForwardHorizon": 40,
        "representation": "orderbooks",
        "labelType": "REGRESSION",
        "archive": true
    },
    "metrics": {
        "MSE": 0.365742027759552,
        "R2": 0.030131638050079346,
        "MAPE": 1556.6163330078125,
        "MAE": 0.5069417357444763
    },
    "metricsStrength": {
        "accuracy@>0.1": 0.6176714729301811,
        "coverage@>0.1": 0.5529075795950976,
        "accuracy@>0.2": 0.6546725150546427,
        "coverage@>0.2": 0.22864573594655696,
        "accuracy@>0.3": 0.7103230337078652,
        "coverage@>0.3": 0.048411497730711045,
        "accuracy@>0.4": 0.8461538461538461,
        "coverage@>0.4": 0.0011048972445562562,
        "accuracy@>0.5": null,
        "coverage@>0.5": 0.0,
        "accuracy@>0.6": null,
        "coverage@>0.6": 0.0,
        "accuracy@>0.7": null,
        "coverage@>0.7": 0.0,
        "accuracy@>0.8": null,
        "coverage@>0.8": 0.0,
        "accuracy@>0.9": null,
        "coverage@>0.9": 0.0,
        "accuracy@1%_coverage": 0.7806122448979592,
        "accuracy@5%_coverage": 0.7052023121387283,
        "accuracy@10%_coverage": 0.684801088065284,
        "accuracy@25%_coverage": 0.6520704426463588,
        "accuracy@50%_coverage": 0.6214727680696267
    }
}