{
    "run_id": "6c4xALF6",
    "datetime": "2025-08-25 15:18:10",
    "meta": {
        "model": "deepLOB_TF",
        "modelKwargs": {
            "shape": [
                100,
                40,
                1
            ]
        },
        "numEpoch": 10,
        "batchSize": 64,
        "ticker": "MSFT",
        "steps": [
            "TRAIN",
            "TEST"
        ],
        "maxFiles": 1,
        "scaling": true,
        "threshold": "auto",
        "rowLim": 1000000,
        "trainTestSplit": 0.85,
        "lookForwardHorizon": 10,
        "representation": "orderbooks",
        "labelType": "CATEGORICAL",
        "archive": true
    },
    "metrics": {
        "accuracy": 0.4207003177084218,
        "precision": 0.4345352759459444,
        "recall": 0.4053261254513815,
        "f1": 0.3990253856883035,
        "confusion_matrix": [
            [
                6216,
                10253,
                2043
            ],
            [
                4927,
                13988,
                3359
            ],
            [
                2800,
                10715,
                4558
            ]
        ]
    },
    "metricsStrength": {
        "accuracy@>0.4": 0.4307924185489532,
        "coverage@>0.4": 0.8228818022732293,
        "accuracy@>0.5": 0.46755779932304514,
        "coverage@>0.5": 0.29614842250123175,
        "accuracy@>0.6": 0.48388252148997135,
        "coverage@>0.6": 0.04743539645593707,
        "accuracy@>0.7": 0.37333333333333335,
        "coverage@>0.7": 0.0038226949149662752,
        "accuracy@>0.8": 0.0,
        "coverage@>0.8": 8.494877588813945e-05,
        "accuracy@>0.9": null,
        "coverage@>0.9": 0.0,
        "accuracy@1%_coverage": 0.4166666666666667,
        "accuracy@5%_coverage": 0.4847042828008158,
        "accuracy@10%_coverage": 0.47731520815632966,
        "accuracy@25%_coverage": 0.4712518689683295,
        "accuracy@50%_coverage": 0.4497944204696048
    }
}