{
    "run_id": "lxoZYxA8",
    "datetime": "2025-08-31 15:09:17",
    "meta": {
        "model": "deepLOB_TF",
        "modelKwargs": {
            "shape": [
                100,
                20,
                1
            ]
        },
        "numEpoch": 5,
        "batchSize": 64,
        "ticker": "MSFT",
        "steps": [
            "ALGO"
        ],
        "maxFiles": 1,
        "scaling": true,
        "threshold": "auto",
        "rowLim": 1000000,
        "trainTestSplit": 0,
        "lookForwardHorizon": 20,
        "representation": "orderflows",
        "labelType": "CATEGORICAL",
        "archive": true,
        "weightsRunID": "Nt7PRirE"
    },
    "metaFromWeights": {
        "model": "deepLOB_TF",
        "modelKwargs": {
            "shape": [
                100,
                20,
                1
            ]
        },
        "numEpoch": 10,
        "batchSize": 64,
        "ticker": "AAPL",
        "steps": [
            "TRAIN",
            "TEST"
        ],
        "maxFiles": 1,
        "scaling": true,
        "threshold": "auto",
        "rowLim": 1000000,
        "trainTestSplit": 0.85,
        "lookForwardHorizon": 20,
        "representation": "orderflows",
        "labelType": "CATEGORICAL",
        "archive": true
    },
    "metrics": {
        "accuracy": 0.45667152510931497,
        "precision": 0.42537388926134007,
        "recall": 0.43954905511607983,
        "f1": 0.38331910943602904,
        "confusion_matrix": [
            [
                72662,
                6377,
                51944
            ],
            [
                48427,
                5851,
                66421
            ],
            [
                35711,
                4346,
                100705
            ]
        ]
    },
    "metricsStrength": {
        "accuracy@>0.4": 0.48407152875623416,
        "coverage@>0.4": 0.7975481852187828,
        "accuracy@>0.5": 0.5505823783580688,
        "coverage@>0.5": 0.4340389966466553,
        "accuracy@>0.6": 0.626882951322944,
        "coverage@>0.6": 0.19588527280325346,
        "accuracy@>0.7": 0.7054407423028258,
        "coverage@>0.7": 0.06041626321207612,
        "accuracy@>0.8": 0.7836403371838901,
        "coverage@>0.8": 0.008161674022280886,
        "accuracy@>0.9": 0.7959183673469388,
        "coverage@>0.9": 0.00012485857854878659,
        "accuracy@1%_coverage": 0.7749745158002038,
        "accuracy@5%_coverage": 0.7132300479054123,
        "accuracy@10%_coverage": 0.6765110590153909,
        "accuracy@25%_coverage": 0.6051920783602246,
        "accuracy@50%_coverage": 0.5358369601777578
    }
}