{
    "run_id": "8R6J9V9q",
    "datetime": "2025-08-26 10:38:21",
    "meta": {
        "model": "deepLOBREG_TF",
        "modelKwargs": {
            "shape": [
                100,
                20,
                1
            ]
        },
        "numEpoch": 10,
        "batchSize": 64,
        "ticker": "PLTR",
        "steps": [
            "TRAIN",
            "TEST"
        ],
        "maxFiles": 1,
        "scaling": true,
        "threshold": "auto",
        "rowLim": 1000000,
        "trainTestSplit": 0.85,
        "lookForwardHorizon": 20,
        "representation": "orderflows",
        "labelType": "REGRESSION",
        "archive": true
    },
    "metrics": {
        "MSE": 0.4054042100906372,
        "R2": 0.20524269342422485,
        "MAPE": 1031.1595458984375,
        "MAE": 0.5377170443534851
    },
    "metricsStrength": {
        "accuracy@>0.1": 0.7114724511052449,
        "coverage@>0.1": 0.7904733333333334,
        "accuracy@>0.2": 0.7507463026684593,
        "coverage@>0.2": 0.5851066666666667,
        "accuracy@>0.3": 0.788689514414491,
        "coverage@>0.3": 0.3919666666666667,
        "accuracy@>0.4": 0.8292151162790697,
        "coverage@>0.4": 0.22933333333333333,
        "accuracy@>0.5": 0.8652380094843628,
        "coverage@>0.5": 0.11106,
        "accuracy@>0.6": 0.8936378466557912,
        "coverage@>0.6": 0.04086666666666667,
        "accuracy@>0.7": 0.9142066420664207,
        "coverage@>0.7": 0.007226666666666667,
        "accuracy@>0.8": 1.0,
        "coverage@>0.8": 3.3333333333333335e-05,
        "accuracy@>0.9": null,
        "coverage@>0.9": 0.0,
        "accuracy@1%_coverage": 0.9113333333333333,
        "accuracy@5%_coverage": 0.8869333333333334,
        "accuracy@10%_coverage": 0.8678666666666667,
        "accuracy@25%_coverage": 0.8234666666666667,
        "accuracy@50%_coverage": 0.7668133333333333
    }
}