{
    "run_id": "3O1UJXbU",
    "datetime": "2025-08-26 14:41:24",
    "meta": {
        "model": "deepLOB_TF",
        "modelKwargs": {
            "shape": [
                100,
                20,
                1
            ]
        },
        "numEpoch": 10,
        "batchSize": 64,
        "ticker": "PLTR",
        "steps": [
            "TRAIN",
            "TEST"
        ],
        "maxFiles": 1,
        "scaling": true,
        "threshold": "auto",
        "rowLim": 1000000,
        "trainTestSplit": 0.85,
        "lookForwardHorizon": 40,
        "representation": "orderflows",
        "labelType": "CATEGORICAL",
        "archive": true
    },
    "metrics": {
        "accuracy": 0.43787333333333334,
        "precision": 0.43385642906572747,
        "recall": 0.44241537437775086,
        "f1": 0.43478128261828525,
        "confusion_matrix": [
            [
                22690,
                12613,
                10800
            ],
            [
                17940,
                16189,
                19507
            ],
            [
                11373,
                12086,
                26802
            ]
        ]
    },
    "metricsStrength": {
        "accuracy@>0.4": 0.45806593629882997,
        "coverage@>0.4": 0.7874266666666667,
        "accuracy@>0.5": 0.5286888044245169,
        "coverage@>0.5": 0.29291333333333336,
        "accuracy@>0.6": 0.6092116182572614,
        "coverage@>0.6": 0.08033333333333334,
        "accuracy@>0.7": 0.7241203467618562,
        "coverage@>0.7": 0.013073333333333333,
        "accuracy@>0.8": 0.8368421052631579,
        "coverage@>0.8": 0.0012666666666666666,
        "accuracy@>0.9": 0.6666666666666666,
        "coverage@>0.9": 2e-05,
        "accuracy@1%_coverage": 0.7393333333333333,
        "accuracy@5%_coverage": 0.6337333333333334,
        "accuracy@10%_coverage": 0.5962,
        "accuracy@25%_coverage": 0.53824,
        "accuracy@50%_coverage": 0.4900933333333333
    }
}