{
    "run_id": "S5LrMlu3",
    "datetime": "2025-08-26 16:13:21",
    "meta": {
        "model": "deepLOB_TF",
        "modelKwargs": {
            "shape": [
                100,
                20,
                1
            ]
        },
        "numEpoch": 10,
        "batchSize": 64,
        "ticker": "PLTR",
        "steps": [
            "TRAIN",
            "TEST"
        ],
        "maxFiles": 1,
        "scaling": true,
        "threshold": "auto",
        "rowLim": 1000000,
        "trainTestSplit": 0.85,
        "lookForwardHorizon": 200,
        "representation": "orderflows",
        "labelType": "CATEGORICAL",
        "archive": true
    },
    "metrics": {
        "accuracy": 0.35773333333333335,
        "precision": 0.2819101955644468,
        "recall": 0.37579096979765225,
        "f1": 0.2910227685559582,
        "confusion_matrix": [
            [
                23124,
                10,
                21260
            ],
            [
                25413,
                4,
                29841
            ],
            [
                19800,
                16,
                30532
            ]
        ]
    },
    "metricsStrength": {
        "accuracy@>0.4": 0.38728508596561373,
        "coverage@>0.4": 0.3334666666666667,
        "accuracy@>0.5": 0.36856745479833103,
        "coverage@>0.5": 0.01438,
        "accuracy@>0.6": 0.38461538461538464,
        "coverage@>0.6": 0.0016466666666666667,
        "accuracy@>0.7": 0.9,
        "coverage@>0.7": 6.666666666666667e-05,
        "accuracy@>0.8": null,
        "coverage@>0.8": 0.0,
        "accuracy@>0.9": null,
        "coverage@>0.9": 0.0,
        "accuracy@1%_coverage": 0.3546666666666667,
        "accuracy@5%_coverage": 0.39093333333333335,
        "accuracy@10%_coverage": 0.3988,
        "accuracy@25%_coverage": 0.39253333333333335,
        "accuracy@50%_coverage": 0.37894666666666665
    }
}