{
    "run_id": "ScownvTY",
    "datetime": "2025-08-26 11:21:08",
    "meta": {
        "model": "deepLOBREG_TF",
        "modelKwargs": {
            "shape": [
                100,
                20,
                1
            ]
        },
        "numEpoch": 10,
        "batchSize": 64,
        "ticker": "PLTR",
        "steps": [
            "TRAIN",
            "TEST"
        ],
        "maxFiles": 1,
        "scaling": true,
        "threshold": "auto",
        "rowLim": 1000000,
        "trainTestSplit": 0.85,
        "lookForwardHorizon": 60,
        "representation": "orderflows",
        "labelType": "REGRESSION",
        "archive": true
    },
    "metrics": {
        "MSE": 0.48464515805244446,
        "R2": 0.07922905683517456,
        "MAPE": 327.8273010253906,
        "MAE": 0.6081241369247437
    },
    "metricsStrength": {
        "accuracy@>0.1": 0.632457831111269,
        "coverage@>0.1": 0.7505533333333333,
        "accuracy@>0.2": 0.6603131930909335,
        "coverage@>0.2": 0.49596666666666667,
        "accuracy@>0.3": 0.6927283669571134,
        "coverage@>0.3": 0.25478,
        "accuracy@>0.4": 0.7360672101147896,
        "coverage@>0.4": 0.08014666666666667,
        "accuracy@>0.5": 0.7969295184926727,
        "coverage@>0.5": 0.009553333333333334,
        "accuracy@>0.6": 0.8494623655913979,
        "coverage@>0.6": 0.00062,
        "accuracy@>0.7": 1.0,
        "coverage@>0.7": 6.666666666666667e-06,
        "accuracy@>0.8": null,
        "coverage@>0.8": 0.0,
        "accuracy@>0.9": null,
        "coverage@>0.9": 0.0,
        "accuracy@1%_coverage": 0.7966666666666666,
        "accuracy@5%_coverage": 0.7542666666666666,
        "accuracy@10%_coverage": 0.7300666666666666,
        "accuracy@25%_coverage": 0.6941866666666666,
        "accuracy@50%_coverage": 0.6601066666666666
    }
}