{
    "run_id": "C4XHRTB3",
    "datetime": "2025-08-26 11:39:21",
    "meta": {
        "model": "deepLOBREG_TF",
        "modelKwargs": {
            "shape": [
                100,
                20,
                1
            ]
        },
        "numEpoch": 10,
        "batchSize": 64,
        "ticker": "PLTR",
        "steps": [
            "TRAIN",
            "TEST"
        ],
        "maxFiles": 1,
        "scaling": true,
        "threshold": "auto",
        "rowLim": 1000000,
        "trainTestSplit": 0.85,
        "lookForwardHorizon": 80,
        "representation": "orderflows",
        "labelType": "REGRESSION",
        "archive": true
    },
    "metrics": {
        "MSE": 0.4934285283088684,
        "R2": 0.04877704381942749,
        "MAPE": 223.39324951171875,
        "MAE": 0.6156221628189087
    },
    "metricsStrength": {
        "accuracy@>0.1": 0.6223424316548313,
        "coverage@>0.1": 0.6186733333333333,
        "accuracy@>0.2": 0.6654073199527745,
        "coverage@>0.2": 0.2823333333333333,
        "accuracy@>0.3": 0.7101785534147079,
        "coverage@>0.3": 0.06608666666666667,
        "accuracy@>0.4": 0.79456906729634,
        "coverage@>0.4": 0.005646666666666667,
        "accuracy@>0.5": 0.859375,
        "coverage@>0.5": 0.00042666666666666667,
        "accuracy@>0.6": 0.8461538461538461,
        "coverage@>0.6": 8.666666666666667e-05,
        "accuracy@>0.7": 1.0,
        "coverage@>0.7": 6.666666666666667e-06,
        "accuracy@>0.8": null,
        "coverage@>0.8": 0.0,
        "accuracy@>0.9": null,
        "coverage@>0.9": 0.0,
        "accuracy@1%_coverage": 0.7786666666666666,
        "accuracy@5%_coverage": 0.7193333333333334,
        "accuracy@10%_coverage": 0.7009333333333333,
        "accuracy@25%_coverage": 0.6712,
        "accuracy@50%_coverage": 0.6346
    }
}