{
    "run_id": "VFkVnMCR",
    "datetime": "2025-08-26 11:02:59",
    "meta": {
        "model": "deepLOBREG_TF",
        "modelKwargs": {
            "shape": [
                100,
                20,
                1
            ]
        },
        "numEpoch": 10,
        "batchSize": 64,
        "ticker": "PLTR",
        "steps": [
            "TRAIN",
            "TEST"
        ],
        "maxFiles": 1,
        "scaling": true,
        "threshold": "auto",
        "rowLim": 1000000,
        "trainTestSplit": 0.85,
        "lookForwardHorizon": 40,
        "representation": "orderflows",
        "labelType": "REGRESSION",
        "archive": true
    },
    "metrics": {
        "MSE": 0.4684102535247803,
        "R2": 0.12261611223220825,
        "MAPE": 426.8470153808594,
        "MAE": 0.5971190929412842
    },
    "metricsStrength": {
        "accuracy@>0.1": 0.6707731834901388,
        "coverage@>0.1": 0.7213466666666667,
        "accuracy@>0.2": 0.7103672778231928,
        "coverage@>0.2": 0.45669333333333334,
        "accuracy@>0.3": 0.7551509343555343,
        "coverage@>0.3": 0.23652666666666666,
        "accuracy@>0.4": 0.8008773886534315,
        "coverage@>0.4": 0.08966,
        "accuracy@>0.5": 0.8632286995515696,
        "coverage@>0.5": 0.020813333333333333,
        "accuracy@>0.6": 0.8986666666666666,
        "coverage@>0.6": 0.0025,
        "accuracy@>0.7": 0.8928571428571429,
        "coverage@>0.7": 0.00018666666666666666,
        "accuracy@>0.8": null,
        "coverage@>0.8": 0.0,
        "accuracy@>0.9": null,
        "coverage@>0.9": 0.0,
        "accuracy@1%_coverage": 0.8813333333333333,
        "accuracy@5%_coverage": 0.8216,
        "accuracy@10%_coverage": 0.7972666666666667,
        "accuracy@25%_coverage": 0.7516,
        "accuracy@50%_coverage": 0.7022133333333334
    }
}