{
    "run_id": "hoNlvvwK",
    "datetime": "2025-08-26 16:31:53",
    "meta": {
        "model": "deepLOBREG_TF",
        "modelKwargs": {
            "shape": [
                100,
                20,
                1
            ]
        },
        "numEpoch": 10,
        "batchSize": 64,
        "ticker": "MTCH",
        "steps": [
            "TRAIN",
            "TEST"
        ],
        "maxFiles": 1,
        "scaling": true,
        "threshold": "auto",
        "rowLim": 1000000,
        "trainTestSplit": 0.85,
        "lookForwardHorizon": 100,
        "representation": "orderflows",
        "labelType": "REGRESSION",
        "archive": true
    },
    "metrics": {
        "MSE": 0.3592996299266815,
        "R2": -0.1446378231048584,
        "MAPE": 157.48348999023438,
        "MAE": 0.4999551475048065
    },
    "metricsStrength": {
        "accuracy@>0.1": 0.5746887966804979,
        "coverage@>0.1": 0.650296815974096,
        "accuracy@>0.2": 0.680188679245283,
        "coverage@>0.2": 0.2860226659471128,
        "accuracy@>0.3": 0.7655334114888629,
        "coverage@>0.3": 0.11508364813815435,
        "accuracy@>0.4": 0.8005698005698005,
        "coverage@>0.4": 0.047355639503507824,
        "accuracy@>0.5": 0.8235294117647058,
        "coverage@>0.5": 0.011467889908256881,
        "accuracy@>0.6": null,
        "coverage@>0.6": 0.0,
        "accuracy@>0.7": null,
        "coverage@>0.7": 0.0,
        "accuracy@>0.8": null,
        "coverage@>0.8": 0.0,
        "accuracy@>0.9": null,
        "coverage@>0.9": 0.0,
        "accuracy@1%_coverage": 0.8243243243243243,
        "accuracy@5%_coverage": 0.8,
        "accuracy@10%_coverage": 0.766531713900135,
        "accuracy@25%_coverage": 0.689692390717755,
        "accuracy@50%_coverage": 0.6044252563410686
    }
}