{
    "run_id": "fwqPRzet",
    "datetime": "2025-08-26 16:29:48",
    "meta": {
        "model": "deepLOBREG_TF",
        "modelKwargs": {
            "shape": [
                100,
                20,
                1
            ]
        },
        "numEpoch": 10,
        "batchSize": 64,
        "ticker": "MTCH",
        "steps": [
            "TRAIN",
            "TEST"
        ],
        "maxFiles": 1,
        "scaling": true,
        "threshold": "auto",
        "rowLim": 1000000,
        "trainTestSplit": 0.85,
        "lookForwardHorizon": 60,
        "representation": "orderflows",
        "labelType": "REGRESSION",
        "archive": true
    },
    "metrics": {
        "MSE": 0.34899333119392395,
        "R2": -0.04098498821258545,
        "MAPE": 219.25811767578125,
        "MAE": 0.46769702434539795
    },
    "metricsStrength": {
        "accuracy@>0.1": 0.6276360715003013,
        "coverage@>0.1": 0.668142780461621,
        "accuracy@>0.2": 0.6836596893990546,
        "coverage@>0.2": 0.3974771873322598,
        "accuracy@>0.3": 0.710880195599022,
        "coverage@>0.3": 0.21953837895866882,
        "accuracy@>0.4": 0.7630331753554502,
        "coverage@>0.4": 0.11325818572195384,
        "accuracy@>0.5": 0.8419689119170984,
        "coverage@>0.5": 0.051798174986580785,
        "accuracy@>0.6": 0.9161290322580645,
        "coverage@>0.6": 0.020799785292538914,
        "accuracy@>0.7": 0.8979591836734694,
        "coverage@>0.7": 0.0065754159957058505,
        "accuracy@>0.8": 0.4,
        "coverage@>0.8": 0.0006709608158883522,
        "accuracy@>0.9": null,
        "coverage@>0.9": 0.0,
        "accuracy@1%_coverage": 0.9324324324324325,
        "accuracy@5%_coverage": 0.8387096774193549,
        "accuracy@10%_coverage": 0.7731543624161074,
        "accuracy@25%_coverage": 0.7063875469672571,
        "accuracy@50%_coverage": 0.6599570585077832
    }
}