{
    "run_id": "5TLDoSuM",
    "datetime": "2025-08-26 16:30:51",
    "meta": {
        "model": "deepLOBREG_TF",
        "modelKwargs": {
            "shape": [
                100,
                20,
                1
            ]
        },
        "numEpoch": 10,
        "batchSize": 64,
        "ticker": "MTCH",
        "steps": [
            "TRAIN",
            "TEST"
        ],
        "maxFiles": 1,
        "scaling": true,
        "threshold": "auto",
        "rowLim": 1000000,
        "trainTestSplit": 0.85,
        "lookForwardHorizon": 80,
        "representation": "orderflows",
        "labelType": "REGRESSION",
        "archive": true
    },
    "metrics": {
        "MSE": 0.33871662616729736,
        "R2": -0.08052170276641846,
        "MAPE": 158.6180877685547,
        "MAE": 0.4765984117984772
    },
    "metricsStrength": {
        "accuracy@>0.1": 0.5907300817933959,
        "coverage@>0.1": 0.4441603875134553,
        "accuracy@>0.2": 0.7996031746031746,
        "coverage@>0.2": 0.1356297093649085,
        "accuracy@>0.3": 0.8426666666666667,
        "coverage@>0.3": 0.05045748116254037,
        "accuracy@>0.4": 0.8397790055248618,
        "coverage@>0.4": 0.024354144241119483,
        "accuracy@>0.5": 0.9397590361445783,
        "coverage@>0.5": 0.011167922497308934,
        "accuracy@>0.6": 1.0,
        "coverage@>0.6": 0.0017491926803013993,
        "accuracy@>0.7": null,
        "coverage@>0.7": 0.0,
        "accuracy@>0.8": null,
        "coverage@>0.8": 0.0,
        "accuracy@>0.9": null,
        "coverage@>0.9": 0.0,
        "accuracy@1%_coverage": 0.9459459459459459,
        "accuracy@5%_coverage": 0.8436657681940701,
        "accuracy@10%_coverage": 0.8344549125168237,
        "accuracy@25%_coverage": 0.689989235737352,
        "accuracy@50%_coverage": 0.5726587728740581
    }
}