{
    "run_id": "VjPDJqG5",
    "datetime": "2025-08-26 16:32:56",
    "meta": {
        "model": "deepLOBREG_TF",
        "modelKwargs": {
            "shape": [
                100,
                20,
                1
            ]
        },
        "numEpoch": 10,
        "batchSize": 64,
        "ticker": "MTCH",
        "steps": [
            "TRAIN",
            "TEST"
        ],
        "maxFiles": 1,
        "scaling": true,
        "threshold": "auto",
        "rowLim": 1000000,
        "trainTestSplit": 0.85,
        "lookForwardHorizon": 200,
        "representation": "orderflows",
        "labelType": "REGRESSION",
        "archive": true
    },
    "metrics": {
        "MSE": 0.4542486071586609,
        "R2": -0.5950942039489746,
        "MAPE": 168.67013549804688,
        "MAE": 0.5625755786895752
    },
    "metricsStrength": {
        "accuracy@>0.1": 0.5706501997820559,
        "coverage@>0.1": 0.7530087527352297,
        "accuracy@>0.2": 0.5892053973013494,
        "coverage@>0.2": 0.5473194748358862,
        "accuracy@>0.3": 0.6033898305084746,
        "coverage@>0.3": 0.36310175054704596,
        "accuracy@>0.4": 0.5803080308030804,
        "coverage@>0.4": 0.2486323851203501,
        "accuracy@>0.5": 0.5885286783042394,
        "coverage@>0.5": 0.16452407002188185,
        "accuracy@>0.6": 0.4657258064516129,
        "coverage@>0.6": 0.06783369803063458,
        "accuracy@>0.7": 0.2336448598130841,
        "coverage@>0.7": 0.014633479212253829,
        "accuracy@>0.8": 0.047619047619047616,
        "coverage@>0.8": 0.0028719912472647702,
        "accuracy@>0.9": null,
        "coverage@>0.9": 0.0,
        "accuracy@1%_coverage": 0.1232876712328767,
        "accuracy@5%_coverage": 0.42191780821917807,
        "accuracy@10%_coverage": 0.49658002735978113,
        "accuracy@25%_coverage": 0.5815098468271335,
        "accuracy@50%_coverage": 0.5981947483588621
    }
}