{
    "run_id": "gHhIQNGe",
    "datetime": "2025-08-26 22:12:20",
    "meta": {
        "model": "deepLOB_TF",
        "modelKwargs": {
            "shape": [
                100,
                20,
                1
            ]
        },
        "numEpoch": 10,
        "batchSize": 64,
        "ticker": "MTCH",
        "steps": [
            "TRAIN",
            "TEST"
        ],
        "maxFiles": 1,
        "scaling": true,
        "threshold": "auto",
        "rowLim": 1000000,
        "trainTestSplit": 0.85,
        "lookForwardHorizon": 200,
        "representation": "orderflows",
        "labelType": "CATEGORICAL",
        "archive": true
    },
    "metrics": {
        "accuracy": 0.299507658643326,
        "precision": 0.3654639279282815,
        "recall": 0.3568803785509063,
        "f1": 0.29934248057176754,
        "confusion_matrix": [
            [
                682,
                1195,
                1642
            ],
            [
                408,
                786,
                1319
            ],
            [
                86,
                472,
                722
            ]
        ]
    },
    "metricsStrength": {
        "accuracy@>0.4": 0.299507658643326,
        "coverage@>0.4": 1.0,
        "accuracy@>0.5": 0.2992721979621543,
        "coverage@>0.5": 0.9395514223194749,
        "accuracy@>0.6": 0.28681229773462785,
        "coverage@>0.6": 0.6761487964989059,
        "accuracy@>0.7": 0.2569788677276285,
        "coverage@>0.7": 0.5242067833698031,
        "accuracy@>0.8": 0.22481108312342568,
        "coverage@>0.8": 0.43435448577680524,
        "accuracy@>0.9": 0.1951121794871795,
        "coverage@>0.9": 0.3413566739606127,
        "accuracy@1%_coverage": 0.0410958904109589,
        "accuracy@5%_coverage": 0.019178082191780823,
        "accuracy@10%_coverage": 0.0560875512995896,
        "accuracy@25%_coverage": 0.1739606126914661,
        "accuracy@50%_coverage": 0.2475382932166302
    }
}