{
    "run_id": "IY3zETzw",
    "datetime": "2025-08-26 18:43:23",
    "meta": {
        "model": "deepLOBREG_TF",
        "modelKwargs": {
            "shape": [
                100,
                20,
                1
            ]
        },
        "numEpoch": 10,
        "batchSize": 64,
        "ticker": "NFLX",
        "steps": [
            "TRAIN",
            "TEST"
        ],
        "maxFiles": 1,
        "scaling": true,
        "threshold": "auto",
        "rowLim": 1000000,
        "trainTestSplit": 0.85,
        "lookForwardHorizon": 10,
        "representation": "ordervol",
        "labelType": "REGRESSION",
        "archive": true
    },
    "metrics": {
        "MSE": 0.2347874641418457,
        "R2": -0.019161105155944824,
        "MAPE": 190.26495361328125,
        "MAE": 0.3417643904685974
    },
    "metricsStrength": {
        "accuracy@>0.1": 0.6945027276542174,
        "coverage@>0.1": 0.20384944396920446,
        "accuracy@>0.2": 0.7554945054945055,
        "coverage@>0.2": 0.031137724550898204,
        "accuracy@>0.3": 0.6333333333333333,
        "coverage@>0.3": 0.0025662959794696323,
        "accuracy@>0.4": null,
        "coverage@>0.4": 0.0,
        "accuracy@>0.5": null,
        "coverage@>0.5": 0.0,
        "accuracy@>0.6": null,
        "coverage@>0.6": 0.0,
        "accuracy@>0.7": null,
        "coverage@>0.7": 0.0,
        "accuracy@>0.8": null,
        "coverage@>0.8": 0.0,
        "accuracy@>0.9": null,
        "coverage@>0.9": 0.0,
        "accuracy@1%_coverage": 0.8017241379310345,
        "accuracy@5%_coverage": 0.7636986301369864,
        "accuracy@10%_coverage": 0.7519247219846023,
        "accuracy@25%_coverage": 0.6724845995893224,
        "accuracy@50%_coverage": 0.6234388366124893
    }
}