{
    "run_id": "cpa0U45R",
    "datetime": "2025-08-26 18:49:35",
    "meta": {
        "model": "deepLOBREG_TF",
        "modelKwargs": {
            "shape": [
                100,
                20,
                1
            ]
        },
        "numEpoch": 10,
        "batchSize": 64,
        "ticker": "NFLX",
        "steps": [
            "TRAIN",
            "TEST"
        ],
        "maxFiles": 1,
        "scaling": true,
        "threshold": "auto",
        "rowLim": 1000000,
        "trainTestSplit": 0.85,
        "lookForwardHorizon": 80,
        "representation": "ordervol",
        "labelType": "REGRESSION",
        "archive": true
    },
    "metrics": {
        "MSE": 0.4158798158168793,
        "R2": -0.39201855659484863,
        "MAPE": 259.6165771484375,
        "MAE": 0.539030909538269
    },
    "metricsStrength": {
        "accuracy@>0.1": 0.4462269129287599,
        "coverage@>0.1": 0.8154044750430293,
        "accuracy@>0.2": 0.4375,
        "coverage@>0.2": 0.6154905335628227,
        "accuracy@>0.3": 0.414818310523832,
        "coverage@>0.3": 0.3647160068846816,
        "accuracy@>0.4": 0.38874137015400956,
        "coverage@>0.4": 0.16204819277108434,
        "accuracy@>0.5": 0.39263803680981596,
        "coverage@>0.5": 0.04208261617900172,
        "accuracy@>0.6": 0.4838709677419355,
        "coverage@>0.6": 0.005335628227194493,
        "accuracy@>0.7": 0.0,
        "coverage@>0.7": 8.605851979345956e-05,
        "accuracy@>0.8": null,
        "coverage@>0.8": 0.0,
        "accuracy@>0.9": null,
        "coverage@>0.9": 0.0,
        "accuracy@1%_coverage": 0.4482758620689655,
        "accuracy@5%_coverage": 0.35800344234079173,
        "accuracy@10%_coverage": 0.37005163511187605,
        "accuracy@25%_coverage": 0.39862306368330463,
        "accuracy@50%_coverage": 0.4242685025817556
    }
}