{
    "run_id": "WsrWTEaF",
    "datetime": "2025-08-31 15:21:42",
    "meta": {
        "model": "deepLOB_TF",
        "modelKwargs": {
            "shape": [
                100,
                20,
                1
            ]
        },
        "numEpoch": 5,
        "batchSize": 64,
        "ticker": "GOOG",
        "steps": [
            "ALGO"
        ],
        "maxFiles": 1,
        "scaling": true,
        "threshold": "auto",
        "rowLim": 1000000,
        "trainTestSplit": 0,
        "lookForwardHorizon": 20,
        "representation": "orderflows",
        "labelType": "CATEGORICAL",
        "archive": true,
        "weightsRunID": "Cnklc2Py"
    },
    "metaFromWeights": {
        "model": "deepLOB_TF",
        "modelKwargs": {
            "shape": [
                100,
                20,
                1
            ]
        },
        "numEpoch": 10,
        "batchSize": 64,
        "ticker": "TSLA",
        "steps": [
            "TRAIN",
            "TEST"
        ],
        "maxFiles": 1,
        "scaling": true,
        "threshold": "auto",
        "rowLim": 1000000,
        "trainTestSplit": 0.85,
        "lookForwardHorizon": 20,
        "representation": "orderflows",
        "labelType": "CATEGORICAL",
        "archive": true
    },
    "metrics": {
        "accuracy": 0.425297,
        "precision": 0.4527981995433162,
        "recall": 0.49129299768045276,
        "f1": 0.42724790980100363,
        "confusion_matrix": [
            [
                157908,
                39098,
                53658
            ],
            [
                196422,
                112773,
                189948
            ],
            [
                54217,
                41360,
                154616
            ]
        ]
    },
    "metricsStrength": {
        "accuracy@>0.4": 0.4229469098529027,
        "coverage@>0.4": 0.72537,
        "accuracy@>0.5": 0.5036244084859012,
        "coverage@>0.5": 0.338538,
        "accuracy@>0.6": 0.6148654304172152,
        "coverage@>0.6": 0.131419,
        "accuracy@>0.7": 0.7145938737890732,
        "coverage@>0.7": 0.050994,
        "accuracy@>0.8": 0.7705105912108757,
        "coverage@>0.8": 0.025304,
        "accuracy@>0.9": 0.7859237536656891,
        "coverage@>0.9": 0.009207,
        "accuracy@1%_coverage": 0.7867,
        "accuracy@5%_coverage": 0.71656,
        "accuracy@10%_coverage": 0.64154,
        "accuracy@25%_coverage": 0.542908,
        "accuracy@50%_coverage": 0.450946
    }
}