{
    "run_id": "na1S0MqF",
    "datetime": "2025-08-31 15:26:04",
    "meta": {
        "model": "deepLOB_TF",
        "modelKwargs": {
            "shape": [
                100,
                20,
                1
            ]
        },
        "numEpoch": 5,
        "batchSize": 64,
        "ticker": "NVDA",
        "steps": [
            "ALGO"
        ],
        "maxFiles": 1,
        "scaling": true,
        "threshold": "auto",
        "rowLim": 1000000,
        "trainTestSplit": 0,
        "lookForwardHorizon": 20,
        "representation": "orderflows",
        "labelType": "CATEGORICAL",
        "archive": true,
        "weightsRunID": "Cnklc2Py"
    },
    "metaFromWeights": {
        "model": "deepLOB_TF",
        "modelKwargs": {
            "shape": [
                100,
                20,
                1
            ]
        },
        "numEpoch": 10,
        "batchSize": 64,
        "ticker": "TSLA",
        "steps": [
            "TRAIN",
            "TEST"
        ],
        "maxFiles": 1,
        "scaling": true,
        "threshold": "auto",
        "rowLim": 1000000,
        "trainTestSplit": 0.85,
        "lookForwardHorizon": 20,
        "representation": "orderflows",
        "labelType": "CATEGORICAL",
        "archive": true
    },
    "metrics": {
        "accuracy": 0.323589,
        "precision": 0.3346621487419492,
        "recall": 0.33538955520543795,
        "f1": 0.3125496263182727,
        "confusion_matrix": [
            [
                111913,
                69034,
                58612
            ],
            [
                236820,
                152634,
                130375
            ],
            [
                111173,
                70397,
                59042
            ]
        ]
    },
    "metricsStrength": {
        "accuracy@>0.4": 0.29367966961021413,
        "coverage@>0.4": 0.793487,
        "accuracy@>0.5": 0.24319194536604266,
        "coverage@>0.5": 0.330344,
        "accuracy@>0.6": 0.24351439886569207,
        "coverage@>0.6": 0.102265,
        "accuracy@>0.7": 0.2484066334781368,
        "coverage@>0.7": 0.031537,
        "accuracy@>0.8": 0.24817384952520088,
        "coverage@>0.8": 0.010952,
        "accuracy@>0.9": 0.24874371859296482,
        "coverage@>0.9": 0.000398,
        "accuracy@1%_coverage": 0.2472,
        "accuracy@5%_coverage": 0.2462,
        "accuracy@10%_coverage": 0.24386,
        "accuracy@25%_coverage": 0.243524,
        "accuracy@50%_coverage": 0.2433
    }
}