{
    "run_id": "LZR1LvWA",
    "datetime": "2025-08-25 15:30:33",
    "meta": {
        "model": "deepLOB_TF",
        "modelKwargs": {
            "shape": [
                100,
                20,
                1
            ]
        },
        "numEpoch": 10,
        "batchSize": 64,
        "ticker": "AAPL",
        "steps": [
            "TRAIN",
            "TEST"
        ],
        "maxFiles": 1,
        "scaling": true,
        "threshold": "auto",
        "rowLim": 1000000,
        "trainTestSplit": 0.85,
        "lookForwardHorizon": 10,
        "representation": "orderflows",
        "labelType": "CATEGORICAL",
        "archive": true
    },
    "metrics": {
        "accuracy": 0.5963,
        "precision": 0.6030597779907978,
        "recall": 0.48767811664800337,
        "f1": 0.5035751073474432,
        "confusion_matrix": [
            [
                11245,
                22598,
                1017
            ],
            [
                5885,
                68045,
                5712
            ],
            [
                1149,
                24194,
                10155
            ]
        ]
    },
    "metricsStrength": {
        "accuracy@>0.4": 0.5977327217412912,
        "coverage@>0.4": 0.9926733333333333,
        "accuracy@>0.5": 0.6296751047136376,
        "coverage@>0.5": 0.76558,
        "accuracy@>0.6": 0.7075827311160631,
        "coverage@>0.6": 0.32011333333333336,
        "accuracy@>0.7": 0.822171508821206,
        "coverage@>0.7": 0.07595333333333333,
        "accuracy@>0.8": 0.8986857825567502,
        "coverage@>0.8": 0.0279,
        "accuracy@>0.9": 0.9526627218934911,
        "coverage@>0.9": 0.00338,
        "accuracy@1%_coverage": 0.926,
        "accuracy@5%_coverage": 0.8632,
        "accuracy@10%_coverage": 0.7982666666666667,
        "accuracy@25%_coverage": 0.7251466666666667,
        "accuracy@50%_coverage": 0.6718933333333333
    }
}