{
    "run_id": "Nt7PRirE",
    "datetime": "2025-08-25 16:03:11",
    "meta": {
        "model": "deepLOB_TF",
        "modelKwargs": {
            "shape": [
                100,
                20,
                1
            ]
        },
        "numEpoch": 10,
        "batchSize": 64,
        "ticker": "AAPL",
        "steps": [
            "TRAIN",
            "TEST"
        ],
        "maxFiles": 1,
        "scaling": true,
        "threshold": "auto",
        "rowLim": 1000000,
        "trainTestSplit": 0.85,
        "lookForwardHorizon": 20,
        "representation": "orderflows",
        "labelType": "CATEGORICAL",
        "archive": true
    },
    "metrics": {
        "accuracy": 0.4912533333333333,
        "precision": 0.48240301899414195,
        "recall": 0.4938583778794213,
        "f1": 0.4693985809733275,
        "confusion_matrix": [
            [
                27559,
                7859,
                13605
            ],
            [
                16120,
                11101,
                23867
            ],
            [
                8135,
                6726,
                35028
            ]
        ]
    },
    "metricsStrength": {
        "accuracy@>0.4": 0.5225155279503105,
        "coverage@>0.4": 0.7813866666666667,
        "accuracy@>0.5": 0.6081906989769863,
        "coverage@>0.5": 0.40468666666666664,
        "accuracy@>0.6": 0.6952086237970552,
        "coverage@>0.6": 0.19604666666666667,
        "accuracy@>0.7": 0.7845404747413268,
        "coverage@>0.7": 0.07667333333333333,
        "accuracy@>0.8": 0.8650793650793651,
        "coverage@>0.8": 0.021,
        "accuracy@>0.9": 0.9385964912280702,
        "coverage@>0.9": 0.00076,
        "accuracy@1%_coverage": 0.8866666666666667,
        "accuracy@5%_coverage": 0.8189333333333333,
        "accuracy@10%_coverage": 0.7609333333333334,
        "accuracy@25%_coverage": 0.6682933333333333,
        "accuracy@50%_coverage": 0.58096
    }
}