{
    "run_id": "qSgK7mrC",
    "datetime": "2025-08-25 17:23:41",
    "meta": {
        "model": "deepLOB_TF",
        "modelKwargs": {
            "shape": [
                100,
                20,
                1
            ]
        },
        "numEpoch": 10,
        "batchSize": 64,
        "ticker": "AAPL",
        "steps": [
            "TRAIN",
            "TEST"
        ],
        "maxFiles": 1,
        "scaling": true,
        "threshold": "auto",
        "rowLim": 1000000,
        "trainTestSplit": 0.85,
        "lookForwardHorizon": 100,
        "representation": "orderflows",
        "labelType": "CATEGORICAL",
        "archive": true
    },
    "metrics": {
        "accuracy": 0.3777333333333333,
        "precision": 0.3820431425720647,
        "recall": 0.3965298925093442,
        "f1": 0.3465055011604324,
        "confusion_matrix": [
            [
                29862,
                3960,
                10337
            ],
            [
                31357,
                5384,
                17353
            ],
            [
                24848,
                5485,
                21414
            ]
        ]
    },
    "metricsStrength": {
        "accuracy@>0.4": 0.39738319052128324,
        "coverage@>0.4": 0.5772933333333333,
        "accuracy@>0.5": 0.42538541486229,
        "coverage@>0.5": 0.15394666666666668,
        "accuracy@>0.6": 0.3393994540491356,
        "coverage@>0.6": 0.014653333333333334,
        "accuracy@>0.7": 0.047619047619047616,
        "coverage@>0.7": 0.00014,
        "accuracy@>0.8": null,
        "coverage@>0.8": 0.0,
        "accuracy@>0.9": null,
        "coverage@>0.9": 0.0,
        "accuracy@1%_coverage": 0.32133333333333336,
        "accuracy@5%_coverage": 0.4070666666666667,
        "accuracy@10%_coverage": 0.423,
        "accuracy@25%_coverage": 0.42029333333333335,
        "accuracy@50%_coverage": 0.40145333333333333
    }
}