{
    "run_id": "UdVxSdOl",
    "datetime": "2025-08-26 18:37:24",
    "meta": {
        "model": "deepLOBREG_TF",
        "modelKwargs": {
            "shape": [
                100,
                20,
                1
            ]
        },
        "numEpoch": 10,
        "batchSize": 64,
        "ticker": "MTCH",
        "steps": [
            "TRAIN",
            "TEST"
        ],
        "maxFiles": 1,
        "scaling": true,
        "threshold": "auto",
        "rowLim": 1000000,
        "trainTestSplit": 0.85,
        "lookForwardHorizon": 20,
        "representation": "ordervol",
        "labelType": "REGRESSION",
        "archive": true
    },
    "metrics": {
        "MSE": 0.2536359131336212,
        "R2": 0.053584396839141846,
        "MAPE": 431.9508056640625,
        "MAE": 0.3849334120750427
    },
    "metricsStrength": {
        "accuracy@>0.1": 0.5446085373255108,
        "coverage@>0.1": 0.6559182590233545,
        "accuracy@>0.2": 0.5748809959721713,
        "coverage@>0.2": 0.36239384288747345,
        "accuracy@>0.3": 0.6024626209322779,
        "coverage@>0.3": 0.15087579617834396,
        "accuracy@>0.4": 0.6773255813953488,
        "coverage@>0.4": 0.045647558386411886,
        "accuracy@>0.5": 0.8108108108108109,
        "coverage@>0.5": 0.009819532908704883,
        "accuracy@>0.6": 0.7692307692307693,
        "coverage@>0.6": 0.0017250530785562633,
        "accuracy@>0.7": null,
        "coverage@>0.7": 0.0,
        "accuracy@>0.8": null,
        "coverage@>0.8": 0.0,
        "accuracy@>0.9": null,
        "coverage@>0.9": 0.0,
        "accuracy@1%_coverage": 0.8,
        "accuracy@5%_coverage": 0.6622340425531915,
        "accuracy@10%_coverage": 0.6188579017264276,
        "accuracy@25%_coverage": 0.5780254777070064,
        "accuracy@50%_coverage": 0.5597133757961783
    }
}