{
    "run_id": "ZU51lA2M",
    "datetime": "2025-07-10 17:42:24",
    "meta": {
        "model": "deepLOB_TF",
        "modelKwargs": {
            "shape": [
                100,
                20,
                1
            ]
        },
        "numEpoch": 3,
        "batchSize": 64,
        "ticker": "AAPL",
        "steps": [
            "TRAIN",
            "TEST"
        ],
        "maxFiles": 5,
        "scaling": true,
        "threshold": "auto",
        "rowLim": 1000000,
        "trainTestSplit": 0.9,
        "lookForwardHorizon": 10,
        "representation": "orderflows"
    },
    "metrics": {
        "accuracy": 0.4974,
        "precision": 0.5292242354252883,
        "recall": 0.4977185553058378,
        "f1": 0.5001757070173504,
        "confusion_matrix": [
            [
                14664,
                14696,
                3847
            ],
            [
                6314,
                19652,
                7119
            ],
            [
                3250,
                15034,
                15424
            ]
        ]
    }
}