{
    "run_id": "BjWlGPWZ",
    "datetime": "2025-07-10 18:14:18",
    "meta": {
        "model": "deepLOB_TF",
        "modelKwargs": {
            "shape": [
                100,
                20,
                1
            ]
        },
        "numEpoch": 3,
        "batchSize": 64,
        "ticker": "AMZN",
        "steps": [
            "TRAIN",
            "TEST"
        ],
        "maxFiles": 5,
        "scaling": true,
        "threshold": "auto",
        "rowLim": 1000000,
        "trainTestSplit": 0.9,
        "lookForwardHorizon": 100,
        "representation": "orderflows"
    },
    "metrics": {
        "accuracy": 0.59689,
        "precision": 0.601873474896349,
        "recall": 0.46507002187359264,
        "f1": 0.47659076413638823,
        "confusion_matrix": [
            [
                5343,
                16798,
                772
            ],
            [
                2421,
                47982,
                4134
            ],
            [
                527,
                15659,
                6364
            ]
        ]
    }
}