{
    "run_id": "VIpmOjPb",
    "datetime": "2025-07-10 17:57:06",
    "meta": {
        "model": "deepLOB_TF",
        "modelKwargs": {
            "shape": [
                100,
                20,
                1
            ]
        },
        "numEpoch": 3,
        "batchSize": 64,
        "ticker": "NFLX",
        "steps": [
            "TRAIN",
            "TEST"
        ],
        "maxFiles": 5,
        "scaling": true,
        "threshold": "auto",
        "rowLim": 1000000,
        "trainTestSplit": 0.9,
        "lookForwardHorizon": 500,
        "representation": "orderflows"
    },
    "metrics": {
        "accuracy": 0.6275459098497496,
        "precision": 0.6265408180299383,
        "recall": 0.6253764842638664,
        "f1": 0.6258721627055155,
        "confusion_matrix": [
            [
                8697,
                3707,
                2292
            ],
            [
                3419,
                12156,
                3072
            ],
            [
                2107,
                3251,
                9219
            ]
        ]
    }
}