{
    "run_id": "iOtoYV8e",
    "datetime": "2025-07-28 11:16:15",
    "meta": {
        "model": "deepLOB_TF",
        "modelKwargs": {
            "shape": [
                100,
                20,
                1
            ]
        },
        "numEpoch": 3,
        "batchSize": 64,
        "ticker": "AAPL",
        "steps": [
            "TRAIN",
            "TEST"
        ],
        "maxFiles": 3,
        "scaling": true,
        "threshold": "auto",
        "rowLim": 100000,
        "trainTestSplit": 0.9,
        "lookForwardHorizon": 500,
        "representation": "orderflows",
        "labelType": "CATEGORICAL"
    },
    "metrics": {
        "accuracy": 0.5089,
        "precision": 0.5135287356321839,
        "recall": 0.5045876018127747,
        "f1": 0.5070777440549417,
        "confusion_matrix": [
            [
                1564,
                1086,
                201
            ],
            [
                1120,
                2301,
                895
            ],
            [
                316,
                1293,
                1224
            ]
        ]
    },
    "metricsStrength": {
        "accuracy@>0.4": 0.5099847947288393,
        "coverage@>0.4": 0.9865,
        "accuracy@>0.5": 0.5809603573422669,
        "coverage@>0.5": 0.3582,
        "accuracy@>0.6": 0.6719952634695086,
        "coverage@>0.6": 0.1689,
        "accuracy@>0.7": 0.7335423197492164,
        "coverage@>0.7": 0.0957,
        "accuracy@>0.8": 0.7648261758691206,
        "coverage@>0.8": 0.0489,
        "accuracy@>0.9": 0.8055555555555556,
        "coverage@>0.9": 0.0036
    }
}