{
    "run_id": "wFwWk1Ck",
    "datetime": "2025-07-28 11:13:29",
    "meta": {
        "model": "deepLOBREG_TF",
        "modelKwargs": {
            "shape": [
                100,
                20,
                1
            ]
        },
        "numEpoch": 3,
        "batchSize": 64,
        "ticker": "AAPL",
        "steps": [
            "TRAIN",
            "TEST"
        ],
        "maxFiles": 5,
        "scaling": true,
        "threshold": "auto",
        "rowLim": 100000,
        "trainTestSplit": 0.9,
        "lookForwardHorizon": 500,
        "representation": "orderflows",
        "labelType": "REGRESSION"
    },
    "metrics": {
        "MSE": 0.6282067894935608,
        "R2": 0.20377641916275024,
        "MAPE": 20044.54296875,
        "MAE": 0.6160460710525513
    },
    "metricsStrength": {
        "accuracy@|>0.4": 0.7646021168169346,
        "coverage@|>0.4": 0.5102,
        "accuracy@|>0.5": 0.7919060704471647,
        "coverage@|>0.5": 0.4003,
        "accuracy@|>0.6": 0.820677966101695,
        "coverage@|>0.6": 0.295,
        "accuracy@|>0.7": 0.847256549678695,
        "coverage@|>0.7": 0.2023,
        "accuracy@|>0.8": 0.871331828442438,
        "coverage@|>0.8": 0.1329,
        "accuracy@|>0.9": 0.8523206751054853,
        "coverage@|>0.9": 0.0711
    }
}