{
    "run_id": "MYjTQOhO",
    "datetime": "2025-07-28 11:12:10",
    "meta": {
        "model": "deepLOB_TF",
        "modelKwargs": {
            "shape": [
                100,
                20,
                1
            ]
        },
        "numEpoch": 3,
        "batchSize": 64,
        "ticker": "AAPL",
        "steps": [
            "TRAIN",
            "TEST"
        ],
        "maxFiles": 3,
        "scaling": true,
        "threshold": "auto",
        "rowLim": 100000,
        "trainTestSplit": 0.9,
        "lookForwardHorizon": 20,
        "representation": "orderflows",
        "labelType": "CATEGORICAL"
    },
    "metrics": {
        "accuracy": 0.5225,
        "precision": 0.540754564299723,
        "recall": 0.49726086759055615,
        "f1": 0.5063268893535112,
        "confusion_matrix": [
            [
                1239,
                1454,
                158
            ],
            [
                745,
                2884,
                687
            ],
            [
                214,
                1517,
                1102
            ]
        ]
    },
    "metricsStrength": {
        "accuracy@>0.4": 0.5255421934422859,
        "coverage@>0.4": 0.9729,
        "accuracy@>0.5": 0.6131493982976225,
        "coverage@>0.5": 0.3407,
        "accuracy@>0.6": 0.7065637065637066,
        "coverage@>0.6": 0.1295,
        "accuracy@>0.7": 0.7479564032697548,
        "coverage@>0.7": 0.0734,
        "accuracy@>0.8": 0.7609756097560976,
        "coverage@>0.8": 0.0205,
        "accuracy@>0.9": 0.0,
        "coverage@>0.9": 0.0001
    }
}