{
    "run_id": "B551QsL3",
    "datetime": "2025-07-28 10:59:47",
    "meta": {
        "model": "deepLOBREG_TF",
        "modelKwargs": {
            "shape": [
                100,
                20,
                1
            ]
        },
        "numEpoch": 3,
        "batchSize": 64,
        "ticker": "MSFT",
        "steps": [
            "TRAIN",
            "TEST"
        ],
        "maxFiles": 5,
        "scaling": true,
        "threshold": "auto",
        "rowLim": 100000,
        "trainTestSplit": 0.9,
        "lookForwardHorizon": 20,
        "representation": "orderflows",
        "labelType": "REGRESSION"
    },
    "metrics": {
        "MSE": 0.3217198848724365,
        "R2": 0.09096163511276245,
        "MAPE": 3205.142578125,
        "MAE": 0.39853212237358093
    },
    "metricsStrength": {
        "accuracy@|>0.4": 0.7199826614651061,
        "coverage@|>0.4": 0.2307,
        "accuracy@|>0.5": 0.7624466571834992,
        "coverage@|>0.5": 0.1406,
        "accuracy@|>0.6": 0.7739463601532567,
        "coverage@|>0.6": 0.0783,
        "accuracy@|>0.7": 0.827683615819209,
        "coverage@|>0.7": 0.0354,
        "accuracy@|>0.8": 0.875,
        "coverage@|>0.8": 0.0104,
        "accuracy@|>0.9": 0.7391304347826086,
        "coverage@|>0.9": 0.0023
    }
}