{
    "run_id": "nRSMx3bM",
    "datetime": "2025-07-28 11:13:31",
    "meta": {
        "model": "deepLOB_TF",
        "modelKwargs": {
            "shape": [
                100,
                20,
                1
            ]
        },
        "numEpoch": 3,
        "batchSize": 64,
        "ticker": "AAPL",
        "steps": [
            "TRAIN",
            "TEST"
        ],
        "maxFiles": 3,
        "scaling": true,
        "threshold": "auto",
        "rowLim": 100000,
        "trainTestSplit": 0.9,
        "lookForwardHorizon": 50,
        "representation": "orderflows",
        "labelType": "CATEGORICAL"
    },
    "metrics": {
        "accuracy": 0.516,
        "precision": 0.5281457819597105,
        "recall": 0.49976744810982127,
        "f1": 0.5074610683889528,
        "confusion_matrix": [
            [
                1393,
                1284,
                174
            ],
            [
                912,
                2630,
                774
            ],
            [
                224,
                1472,
                1137
            ]
        ]
    },
    "metricsStrength": {
        "accuracy@>0.4": 0.5172692385376692,
        "coverage@>0.4": 0.9902,
        "accuracy@>0.5": 0.5999450096233159,
        "coverage@>0.5": 0.3637,
        "accuracy@>0.6": 0.695906432748538,
        "coverage@>0.6": 0.1539,
        "accuracy@>0.7": 0.7455156950672646,
        "coverage@>0.7": 0.0892,
        "accuracy@>0.8": 0.7767584097859327,
        "coverage@>0.8": 0.0327,
        "accuracy@>0.9": 0.6,
        "coverage@>0.9": 0.0005
    }
}