{
    "run_id": "BalhgUq5",
    "datetime": "2025-08-25 19:42:21",
    "meta": {
        "model": "deepLOB_TF",
        "modelKwargs": {
            "shape": [
                100,
                20,
                1
            ]
        },
        "numEpoch": 10,
        "batchSize": 64,
        "ticker": "NFLX",
        "steps": [
            "TRAIN",
            "TEST"
        ],
        "maxFiles": 1,
        "scaling": true,
        "threshold": "auto",
        "rowLim": 1000000,
        "trainTestSplit": 0.85,
        "lookForwardHorizon": 200,
        "representation": "orderflows",
        "labelType": "CATEGORICAL",
        "archive": true
    },
    "metrics": {
        "accuracy": 0.44125349162011174,
        "precision": 0.3828574487322221,
        "recall": 0.37336771211181047,
        "f1": 0.37217784753869565,
        "confusion_matrix": [
            [
                733,
                1430,
                929
            ],
            [
                1087,
                3687,
                1053
            ],
            [
                177,
                1725,
                635
            ]
        ]
    },
    "metricsStrength": {
        "accuracy@>0.4": 0.44125349162011174,
        "coverage@>0.4": 1.0,
        "accuracy@>0.5": 0.4416423325369436,
        "coverage@>0.5": 0.9864699720670391,
        "accuracy@>0.6": 0.4435475416710347,
        "coverage@>0.6": 0.8326641061452514,
        "accuracy@>0.7": 0.4338516093835243,
        "coverage@>0.7": 0.640013966480447,
        "accuracy@>0.8": 0.40541149943630217,
        "coverage@>0.8": 0.3871333798882682,
        "accuracy@>0.9": 0.33061002178649235,
        "coverage@>0.9": 0.16026536312849163,
        "accuracy@1%_coverage": 0.15789473684210525,
        "accuracy@5%_coverage": 0.2517482517482518,
        "accuracy@10%_coverage": 0.32139737991266376,
        "accuracy@25%_coverage": 0.36976256983240224,
        "accuracy@50%_coverage": 0.4163756983240223
    }
}