{
    "run_id": "LOFYqXvQ",
    "datetime": "2025-08-25 19:03:24",
    "meta": {
        "model": "deepLOB_TF",
        "modelKwargs": {
            "shape": [
                100,
                20,
                1
            ]
        },
        "numEpoch": 10,
        "batchSize": 64,
        "ticker": "NFLX",
        "steps": [
            "TRAIN",
            "TEST"
        ],
        "maxFiles": 1,
        "scaling": true,
        "threshold": "auto",
        "rowLim": 1000000,
        "trainTestSplit": 0.85,
        "lookForwardHorizon": 20,
        "representation": "ordervol",
        "labelType": "CATEGORICAL",
        "archive": true
    },
    "metrics": {
        "accuracy": 0.30154109589041095,
        "precision": 0.38257154702232343,
        "recall": 0.35212116911805413,
        "f1": 0.26426796380797973,
        "confusion_matrix": [
            [
                2360,
                99,
                951
            ],
            [
                3430,
                236,
                1714
            ],
            [
                1894,
                70,
                926
            ]
        ]
    },
    "metricsStrength": {
        "accuracy@>0.4": 0.3082450371452929,
        "coverage@>0.4": 0.7029965753424657,
        "accuracy@>0.5": 0.28133704735376047,
        "coverage@>0.5": 0.12294520547945205,
        "accuracy@>0.6": 0.42911877394636017,
        "coverage@>0.6": 0.022345890410958903,
        "accuracy@>0.7": 0.5140845070422535,
        "coverage@>0.7": 0.012157534246575343,
        "accuracy@>0.8": 0.2553191489361702,
        "coverage@>0.8": 0.004023972602739726,
        "accuracy@>0.9": null,
        "coverage@>0.9": 0.0,
        "accuracy@1%_coverage": 0.47413793103448276,
        "accuracy@5%_coverage": 0.3681506849315068,
        "accuracy@10%_coverage": 0.2919520547945205,
        "accuracy@25%_coverage": 0.2993150684931507,
        "accuracy@50%_coverage": 0.31061643835616437
    }
}