{
    "run_id": "YVOUPQB4",
    "datetime": "2025-08-25 17:04:31",
    "meta": {
        "model": "deepLOB_TF",
        "modelKwargs": {
            "shape": [
                100,
                20,
                1
            ]
        },
        "numEpoch": 10,
        "batchSize": 64,
        "ticker": "AAPL",
        "steps": [
            "TRAIN",
            "TEST"
        ],
        "maxFiles": 1,
        "scaling": true,
        "threshold": "auto",
        "rowLim": 1000000,
        "trainTestSplit": 0.85,
        "lookForwardHorizon": 80,
        "representation": "orderflows",
        "labelType": "CATEGORICAL",
        "archive": true
    },
    "metrics": {
        "accuracy": 0.42094,
        "precision": 0.40877546653843355,
        "recall": 0.42097636055052323,
        "f1": 0.3704663442985397,
        "confusion_matrix": [
            [
                28259,
                3232,
                18442
            ],
            [
                20988,
                3616,
                25413
            ],
            [
                16049,
                2735,
                31266
            ]
        ]
    },
    "metricsStrength": {
        "accuracy@>0.4": 0.4523814563928874,
        "coverage@>0.4": 0.6298666666666667,
        "accuracy@>0.5": 0.5046377351462097,
        "coverage@>0.5": 0.17896666666666666,
        "accuracy@>0.6": 0.5390070921985816,
        "coverage@>0.6": 0.0235,
        "accuracy@>0.7": 0.5866666666666667,
        "coverage@>0.7": 0.0005,
        "accuracy@>0.8": null,
        "coverage@>0.8": 0.0,
        "accuracy@>0.9": null,
        "coverage@>0.9": 0.0,
        "accuracy@1%_coverage": 0.546,
        "accuracy@5%_coverage": 0.5304,
        "accuracy@10%_coverage": 0.5184666666666666,
        "accuracy@25%_coverage": 0.4954133333333333,
        "accuracy@50%_coverage": 0.4656266666666667
    }
}