{
    "run_id": "SYwQMOsy",
    "datetime": "2025-08-25 16:26:29",
    "meta": {
        "model": "deepLOB_TF",
        "modelKwargs": {
            "shape": [
                100,
                20,
                1
            ]
        },
        "numEpoch": 10,
        "batchSize": 64,
        "ticker": "AAPL",
        "steps": [
            "TRAIN",
            "TEST"
        ],
        "maxFiles": 1,
        "scaling": true,
        "threshold": "auto",
        "rowLim": 1000000,
        "trainTestSplit": 0.85,
        "lookForwardHorizon": 40,
        "representation": "orderflows",
        "labelType": "CATEGORICAL",
        "archive": true
    },
    "metrics": {
        "accuracy": 0.4621266666666667,
        "precision": 0.44793233271113436,
        "recall": 0.463063380930274,
        "f1": 0.4440587253226651,
        "confusion_matrix": [
            [
                30738,
                8360,
                10722
            ],
            [
                20830,
                10857,
                18693
            ],
            [
                12803,
                9273,
                27724
            ]
        ]
    },
    "metricsStrength": {
        "accuracy@>0.4": 0.5170929902356975,
        "coverage@>0.4": 0.6103866666666666,
        "accuracy@>0.5": 0.6279297491945164,
        "coverage@>0.5": 0.21105333333333334,
        "accuracy@>0.6": 0.7451594533029613,
        "coverage@>0.6": 0.04682666666666667,
        "accuracy@>0.7": 0.8627232142857143,
        "coverage@>0.7": 0.005973333333333333,
        "accuracy@>0.8": 1.0,
        "coverage@>0.8": 0.00016,
        "accuracy@>0.9": null,
        "coverage@>0.9": 0.0,
        "accuracy@1%_coverage": 0.8266666666666667,
        "accuracy@5%_coverage": 0.7408,
        "accuracy@10%_coverage": 0.6928666666666666,
        "accuracy@25%_coverage": 0.6125333333333334,
        "accuracy@50%_coverage": 0.5409066666666666
    }
}