{
    "run_id": "MSCQDWRx",
    "datetime": "2025-08-26 12:44:54",
    "meta": {
        "model": "deepLOB_TF",
        "modelKwargs": {
            "shape": [
                100,
                40,
                1
            ]
        },
        "numEpoch": 10,
        "batchSize": 64,
        "ticker": "PLTR",
        "steps": [
            "TRAIN",
            "TEST"
        ],
        "maxFiles": 1,
        "scaling": true,
        "threshold": "auto",
        "rowLim": 1000000,
        "trainTestSplit": 0.85,
        "lookForwardHorizon": 60,
        "representation": "orderbooks",
        "labelType": "CATEGORICAL",
        "archive": true
    },
    "metrics": {
        "accuracy": 0.37261333333333335,
        "precision": 0.35874952803031057,
        "recall": 0.3697049050431329,
        "f1": 0.318964349874619,
        "confusion_matrix": [
            [
                18966,
                3378,
                26554
            ],
            [
                16877,
                2781,
                30128
            ],
            [
                14793,
                2378,
                34145
            ]
        ]
    },
    "metricsStrength": {
        "accuracy@>0.4": 0.3916161247662912,
        "coverage@>0.4": 0.5847733333333334,
        "accuracy@>0.5": 0.428158307857556,
        "coverage@>0.5": 0.08068666666666667,
        "accuracy@>0.6": 0.583732057416268,
        "coverage@>0.6": 0.0013933333333333332,
        "accuracy@>0.7": null,
        "coverage@>0.7": 0.0,
        "accuracy@>0.8": null,
        "coverage@>0.8": 0.0,
        "accuracy@>0.9": null,
        "coverage@>0.9": 0.0,
        "accuracy@1%_coverage": 0.47533333333333333,
        "accuracy@5%_coverage": 0.4318666666666667,
        "accuracy@10%_coverage": 0.42633333333333334,
        "accuracy@25%_coverage": 0.41141333333333335,
        "accuracy@50%_coverage": 0.39629333333333333
    }
}