{
    "run_id": "Qtgacg2w",
    "datetime": "2025-08-25 17:16:15",
    "meta": {
        "model": "deepLOBREG_TF",
        "modelKwargs": {
            "shape": [
                100,
                40,
                1
            ]
        },
        "numEpoch": 10,
        "batchSize": 64,
        "ticker": "PLTR",
        "steps": [
            "TRAIN",
            "TEST"
        ],
        "maxFiles": 1,
        "scaling": true,
        "threshold": "auto",
        "rowLim": 1000000,
        "trainTestSplit": 0.85,
        "lookForwardHorizon": 20,
        "representation": "orderbooks",
        "labelType": "REGRESSION",
        "archive": true
    },
    "metrics": {
        "MSE": 0.4472465515136719,
        "R2": 0.12321466207504272,
        "MAPE": 922.19580078125,
        "MAE": 0.57059246301651
    },
    "metricsStrength": {
        "accuracy@>0.1": 0.6379307271333583,
        "coverage@>0.1": 0.74796,
        "accuracy@>0.2": 0.6669784599170016,
        "coverage@>0.2": 0.5060333333333333,
        "accuracy@>0.3": 0.6972691340280273,
        "coverage@>0.3": 0.29685333333333336,
        "accuracy@>0.4": 0.7357441551035925,
        "coverage@>0.4": 0.14029333333333333,
        "accuracy@>0.5": 0.7769434628975265,
        "coverage@>0.5": 0.04528,
        "accuracy@>0.6": 0.835195530726257,
        "coverage@>0.6": 0.00716,
        "accuracy@>0.7": 0.48484848484848486,
        "coverage@>0.7": 0.00022,
        "accuracy@>0.8": null,
        "coverage@>0.8": 0.0,
        "accuracy@>0.9": null,
        "coverage@>0.9": 0.0,
        "accuracy@1%_coverage": 0.826,
        "accuracy@5%_coverage": 0.7748,
        "accuracy@10%_coverage": 0.7492666666666666,
        "accuracy@25%_coverage": 0.7045866666666667,
        "accuracy@50%_coverage": 0.6678
    }
}