{
    "run_id": "zqPoDpPb",
    "datetime": "2025-08-25 17:50:41",
    "meta": {
        "model": "deepLOBREG_TF",
        "modelKwargs": {
            "shape": [
                100,
                40,
                1
            ]
        },
        "numEpoch": 10,
        "batchSize": 64,
        "ticker": "PLTR",
        "steps": [
            "TRAIN",
            "TEST"
        ],
        "maxFiles": 1,
        "scaling": true,
        "threshold": "auto",
        "rowLim": 1000000,
        "trainTestSplit": 0.85,
        "lookForwardHorizon": 80,
        "representation": "orderbooks",
        "labelType": "REGRESSION",
        "archive": true
    },
    "metrics": {
        "MSE": 0.5340334177017212,
        "R2": -0.029500365257263184,
        "MAPE": 225.55906677246094,
        "MAE": 0.6395021080970764
    },
    "metricsStrength": {
        "accuracy@>0.1": 0.5221588692116955,
        "coverage@>0.1": 0.52966,
        "accuracy@>0.2": 0.5371095449403985,
        "coverage@>0.2": 0.22986,
        "accuracy@>0.3": 0.5321392571915949,
        "coverage@>0.3": 0.08598,
        "accuracy@>0.4": 0.5260379169666427,
        "coverage@>0.4": 0.02778,
        "accuracy@>0.5": 0.47878787878787876,
        "coverage@>0.5": 0.0055,
        "accuracy@>0.6": 0.625,
        "coverage@>0.6": 0.00016,
        "accuracy@>0.7": null,
        "coverage@>0.7": 0.0,
        "accuracy@>0.8": null,
        "coverage@>0.8": 0.0,
        "accuracy@>0.9": null,
        "coverage@>0.9": 0.0,
        "accuracy@1%_coverage": 0.492,
        "accuracy@5%_coverage": 0.5334666666666666,
        "accuracy@10%_coverage": 0.5352,
        "accuracy@25%_coverage": 0.5365866666666667,
        "accuracy@50%_coverage": 0.52324
    }
}