{
    "run_id": "LuQRGnij",
    "datetime": "2025-08-25 16:58:56",
    "meta": {
        "model": "deepLOBREG_TF",
        "modelKwargs": {
            "shape": [
                100,
                40,
                1
            ]
        },
        "numEpoch": 10,
        "batchSize": 64,
        "ticker": "PLTR",
        "steps": [
            "TRAIN",
            "TEST"
        ],
        "maxFiles": 1,
        "scaling": true,
        "threshold": "auto",
        "rowLim": 1000000,
        "trainTestSplit": 0.85,
        "lookForwardHorizon": 10,
        "representation": "orderbooks",
        "labelType": "REGRESSION",
        "archive": true
    },
    "metrics": {
        "MSE": 0.35343244671821594,
        "R2": 0.18003106117248535,
        "MAPE": 2320.19921875,
        "MAE": 0.4960506856441498
    },
    "metricsStrength": {
        "accuracy@>0.1": 0.6845186488690502,
        "coverage@>0.1": 0.7766333333333333,
        "accuracy@>0.2": 0.7202335466615722,
        "coverage@>0.2": 0.5583466666666667,
        "accuracy@>0.3": 0.7583279024299413,
        "coverage@>0.3": 0.3580333333333333,
        "accuracy@>0.4": 0.7970938558804009,
        "coverage@>0.4": 0.19086,
        "accuracy@>0.5": 0.8420858329487771,
        "coverage@>0.5": 0.07223333333333333,
        "accuracy@>0.6": 0.883538633818589,
        "coverage@>0.6": 0.011906666666666666,
        "accuracy@>0.7": 0.7272727272727273,
        "coverage@>0.7": 0.00014666666666666666,
        "accuracy@>0.8": null,
        "coverage@>0.8": 0.0,
        "accuracy@>0.9": null,
        "coverage@>0.9": 0.0,
        "accuracy@1%_coverage": 0.8926666666666667,
        "accuracy@5%_coverage": 0.8537333333333333,
        "accuracy@10%_coverage": 0.8293333333333334,
        "accuracy@25%_coverage": 0.7825066666666667,
        "accuracy@50%_coverage": 0.73012
    }
}