{
    "run_id": "pjKxw797",
    "datetime": "2025-08-26 11:49:18",
    "meta": {
        "model": "deepLOB_TF",
        "modelKwargs": {
            "shape": [
                100,
                40,
                1
            ]
        },
        "numEpoch": 10,
        "batchSize": 64,
        "ticker": "PLTR",
        "steps": [
            "TRAIN",
            "TEST"
        ],
        "maxFiles": 1,
        "scaling": true,
        "threshold": "auto",
        "rowLim": 1000000,
        "trainTestSplit": 0.85,
        "lookForwardHorizon": 20,
        "representation": "orderbooks",
        "labelType": "CATEGORICAL",
        "archive": true
    },
    "metrics": {
        "accuracy": 0.4726533333333333,
        "precision": 0.4482045950293067,
        "recall": 0.45605822113422806,
        "f1": 0.4195887721150346,
        "confusion_matrix": [
            [
                34418,
                3900,
                13094
            ],
            [
                22297,
                4852,
                17931
            ],
            [
                17791,
                4089,
                31628
            ]
        ]
    },
    "metricsStrength": {
        "accuracy@>0.4": 0.5008880089055822,
        "coverage@>0.4": 0.7845266666666667,
        "accuracy@>0.5": 0.5667635256676352,
        "coverage@>0.5": 0.38544,
        "accuracy@>0.6": 0.637650734755651,
        "coverage@>0.6": 0.13655333333333333,
        "accuracy@>0.7": 0.715445321307779,
        "coverage@>0.7": 0.029566666666666668,
        "accuracy@>0.8": 0.759075907590759,
        "coverage@>0.8": 0.00202,
        "accuracy@>0.9": null,
        "coverage@>0.9": 0.0,
        "accuracy@1%_coverage": 0.7526666666666667,
        "accuracy@5%_coverage": 0.6946666666666667,
        "accuracy@10%_coverage": 0.655,
        "accuracy@25%_coverage": 0.59856,
        "accuracy@50%_coverage": 0.54456
    }
}