{
    "run_id": "fP4I2DJY",
    "datetime": "2025-08-26 12:19:23",
    "meta": {
        "model": "deepLOB_TF",
        "modelKwargs": {
            "shape": [
                100,
                40,
                1
            ]
        },
        "numEpoch": 10,
        "batchSize": 64,
        "ticker": "PLTR",
        "steps": [
            "TRAIN",
            "TEST"
        ],
        "maxFiles": 1,
        "scaling": true,
        "threshold": "auto",
        "rowLim": 1000000,
        "trainTestSplit": 0.85,
        "lookForwardHorizon": 40,
        "representation": "orderbooks",
        "labelType": "CATEGORICAL",
        "archive": true
    },
    "metrics": {
        "accuracy": 0.40824666666666665,
        "precision": 0.40498397826061466,
        "recall": 0.4121559831712336,
        "f1": 0.40472334904361035,
        "confusion_matrix": [
            [
                20641,
                12983,
                12479
            ],
            [
                18124,
                15137,
                20375
            ],
            [
                13239,
                11563,
                25459
            ]
        ]
    },
    "metricsStrength": {
        "accuracy@>0.4": 0.43455818304997257,
        "coverage@>0.4": 0.61994,
        "accuracy@>0.5": 0.496322970025866,
        "coverage@>0.5": 0.13144666666666666,
        "accuracy@>0.6": 0.4785714285714286,
        "coverage@>0.6": 0.012133333333333333,
        "accuracy@>0.7": 0.5735294117647058,
        "coverage@>0.7": 0.0004533333333333333,
        "accuracy@>0.8": null,
        "coverage@>0.8": 0.0,
        "accuracy@>0.9": null,
        "coverage@>0.9": 0.0,
        "accuracy@1%_coverage": 0.4746666666666667,
        "accuracy@5%_coverage": 0.5118666666666667,
        "accuracy@10%_coverage": 0.5004,
        "accuracy@25%_coverage": 0.4730933333333333,
        "accuracy@50%_coverage": 0.44470666666666664
    }
}