{
    "run_id": "fkdawEw3",
    "datetime": "2025-08-26 20:25:55",
    "meta": {
        "model": "deepLOBREG_TF",
        "modelKwargs": {
            "shape": [
                100,
                20,
                1
            ]
        },
        "numEpoch": 10,
        "batchSize": 64,
        "ticker": "NVDA",
        "steps": [
            "TRAIN",
            "TEST"
        ],
        "maxFiles": 1,
        "scaling": true,
        "threshold": "auto",
        "rowLim": 1000000,
        "trainTestSplit": 0.85,
        "lookForwardHorizon": 40,
        "representation": "ordervol",
        "labelType": "REGRESSION",
        "archive": true
    },
    "metrics": {
        "MSE": 0.42592066526412964,
        "R2": 0.03328770399093628,
        "MAPE": 1377.7459716796875,
        "MAE": 0.5219570398330688
    },
    "metricsStrength": {
        "accuracy@>0.1": 0.5763833547001144,
        "coverage@>0.1": 0.5774317249658208,
        "accuracy@>0.2": 0.5973787546534755,
        "coverage@>0.2": 0.2615492347193971,
        "accuracy@>0.3": 0.6041519226232602,
        "coverage@>0.3": 0.08481109740238087,
        "accuracy@>0.4": 0.5941310975609756,
        "coverage@>0.4": 0.017499749908299708,
        "accuracy@>0.5": 0.6101694915254238,
        "coverage@>0.5": 0.0015739104338257362,
        "accuracy@>0.6": 0.2,
        "coverage@>0.6": 6.66911200773617e-05,
        "accuracy@>0.7": null,
        "coverage@>0.7": 0.0,
        "accuracy@>0.8": null,
        "coverage@>0.8": 0.0,
        "accuracy@>0.9": null,
        "coverage@>0.9": 0.0,
        "accuracy@1%_coverage": 0.5870580386924616,
        "accuracy@5%_coverage": 0.6054421768707483,
        "accuracy@10%_coverage": 0.6039082299586501,
        "accuracy@25%_coverage": 0.5973696846822814,
        "accuracy@50%_coverage": 0.5793496238595742
    }
}