{
    "run_id": "PMLxm0vc",
    "datetime": "2025-08-31 15:27:22",
    "meta": {
        "model": "deepLOB_TF",
        "modelKwargs": {
            "shape": [
                100,
                20,
                1
            ]
        },
        "numEpoch": 5,
        "batchSize": 64,
        "ticker": "PLTR",
        "steps": [
            "ALGO"
        ],
        "maxFiles": 1,
        "scaling": true,
        "threshold": "auto",
        "rowLim": 1000000,
        "trainTestSplit": 0,
        "lookForwardHorizon": 20,
        "representation": "orderflows",
        "labelType": "CATEGORICAL",
        "archive": true,
        "weightsRunID": "lgVUlSPA"
    },
    "metaFromWeights": {
        "model": "deepLOB_TF",
        "modelKwargs": {
            "shape": [
                100,
                20,
                1
            ]
        },
        "numEpoch": 10,
        "batchSize": 64,
        "ticker": "PLTR",
        "steps": [
            "TRAIN",
            "TEST"
        ],
        "maxFiles": 1,
        "scaling": true,
        "threshold": "auto",
        "rowLim": 1000000,
        "trainTestSplit": 0.85,
        "lookForwardHorizon": 20,
        "representation": "orderflows",
        "labelType": "CATEGORICAL",
        "archive": true
    },
    "metrics": {
        "accuracy": 0.511803,
        "precision": 0.47469499192895936,
        "recall": 0.48178139574839807,
        "f1": 0.4096725560269045,
        "confusion_matrix": [
            [
                246711,
                4111,
                110635
            ],
            [
                138385,
                5357,
                145835
            ],
            [
                85182,
                4049,
                259735
            ]
        ]
    },
    "metricsStrength": {
        "accuracy@>0.4": 0.5383775931446663,
        "coverage@>0.4": 0.843956,
        "accuracy@>0.5": 0.6001576461225336,
        "coverage@>0.5": 0.525227,
        "accuracy@>0.6": 0.6785684301426053,
        "coverage@>0.6": 0.250131,
        "accuracy@>0.7": 0.7648428405122235,
        "coverage@>0.7": 0.0859,
        "accuracy@>0.8": 0.8373427829906169,
        "coverage@>0.8": 0.020036,
        "accuracy@>0.9": 0.8997772828507795,
        "coverage@>0.9": 0.000449,
        "accuracy@1%_coverage": 0.8627,
        "accuracy@5%_coverage": 0.79854,
        "accuracy@10%_coverage": 0.75452,
        "accuracy@25%_coverage": 0.678644,
        "accuracy@50%_coverage": 0.60554
    }
}