{
    "run_id": "eBzIDlVh",
    "datetime": "2025-08-31 15:12:02",
    "meta": {
        "model": "deepLOB_TF",
        "modelKwargs": {
            "shape": [
                100,
                20,
                1
            ]
        },
        "numEpoch": 5,
        "batchSize": 64,
        "ticker": "PLTR",
        "steps": [
            "ALGO"
        ],
        "maxFiles": 1,
        "scaling": true,
        "threshold": "auto",
        "rowLim": 1000000,
        "trainTestSplit": 0,
        "lookForwardHorizon": 20,
        "representation": "orderflows",
        "labelType": "CATEGORICAL",
        "archive": true,
        "weightsRunID": "Nt7PRirE"
    },
    "metaFromWeights": {
        "model": "deepLOB_TF",
        "modelKwargs": {
            "shape": [
                100,
                20,
                1
            ]
        },
        "numEpoch": 10,
        "batchSize": 64,
        "ticker": "AAPL",
        "steps": [
            "TRAIN",
            "TEST"
        ],
        "maxFiles": 1,
        "scaling": true,
        "threshold": "auto",
        "rowLim": 1000000,
        "trainTestSplit": 0.85,
        "lookForwardHorizon": 20,
        "representation": "orderflows",
        "labelType": "CATEGORICAL",
        "archive": true
    },
    "metrics": {
        "accuracy": 0.493152,
        "precision": 0.44395857778506254,
        "recall": 0.4685982928010834,
        "f1": 0.4307116217519418,
        "confusion_matrix": [
            [
                235153,
                30250,
                96054
            ],
            [
                133867,
                27056,
                128654
            ],
            [
                88280,
                29743,
                230943
            ]
        ]
    },
    "metricsStrength": {
        "accuracy@>0.4": 0.5142760222620855,
        "coverage@>0.4": 0.86964,
        "accuracy@>0.5": 0.5570449998922694,
        "coverage@>0.5": 0.603357,
        "accuracy@>0.6": 0.5972887449009245,
        "coverage@>0.6": 0.371636,
        "accuracy@>0.7": 0.6513657885152361,
        "coverage@>0.7": 0.16474,
        "accuracy@>0.8": 0.7264957264957265,
        "coverage@>0.8": 0.038259,
        "accuracy@>0.9": 0.8105560791705938,
        "coverage@>0.9": 0.001061,
        "accuracy@1%_coverage": 0.7678,
        "accuracy@5%_coverage": 0.71386,
        "accuracy@10%_coverage": 0.68115,
        "accuracy@25%_coverage": 0.624024,
        "accuracy@50%_coverage": 0.573878
    }
}