{
    "run_id": "ShR1sWMm",
    "datetime": "2025-08-26 11:31:04",
    "meta": {
        "model": "deepLOBREG_TF",
        "modelKwargs": {
            "shape": [
                100,
                20,
                1
            ]
        },
        "numEpoch": 10,
        "batchSize": 64,
        "ticker": "MSFT",
        "steps": [
            "TRAIN",
            "TEST"
        ],
        "maxFiles": 1,
        "scaling": true,
        "threshold": "auto",
        "rowLim": 1000000,
        "trainTestSplit": 0.85,
        "lookForwardHorizon": 20,
        "representation": "orderfixedvol",
        "labelType": "REGRESSION",
        "archive": true
    },
    "metrics": {
        "MSE": 0.3209536373615265,
        "R2": 0.051071107387542725,
        "MAPE": 6789.8291015625,
        "MAE": 0.4629668891429901
    },
    "metricsStrength": {
        "accuracy@>0.1": 0.6415931642778391,
        "coverage@>0.1": 0.6160220056372466,
        "accuracy@>0.2": 0.6782078532274304,
        "coverage@>0.2": 0.3035623323258736,
        "accuracy@>0.3": 0.7047844763738705,
        "coverage@>0.3": 0.11462967365096614,
        "accuracy@>0.4": 0.7424453742445374,
        "coverage@>0.4": 0.03652324515230754,
        "accuracy@>0.5": 0.818359375,
        "coverage@>0.5": 0.008693585085068088,
        "accuracy@>0.6": 0.95,
        "coverage@>0.6": 0.0006791863347709444,
        "accuracy@>0.7": null,
        "coverage@>0.7": 0.0,
        "accuracy@>0.8": null,
        "coverage@>0.8": 0.0,
        "accuracy@>0.9": null,
        "coverage@>0.9": 0.0,
        "accuracy@1%_coverage": 0.8129251700680272,
        "accuracy@5%_coverage": 0.7286005434782609,
        "accuracy@10%_coverage": 0.7082696552895228,
        "accuracy@25%_coverage": 0.6862731780207838,
        "accuracy@50%_coverage": 0.6533093354161714
    }
}