{
    "run_id": "GKxqz0he",
    "datetime": "2025-08-26 15:49:13",
    "meta": {
        "model": "deepLOBREG_TF",
        "modelKwargs": {
            "shape": [
                100,
                20,
                1
            ]
        },
        "numEpoch": 10,
        "batchSize": 64,
        "ticker": "MSFT",
        "steps": [
            "TRAIN",
            "TEST"
        ],
        "maxFiles": 1,
        "scaling": true,
        "threshold": "auto",
        "rowLim": 1000000,
        "trainTestSplit": 0.85,
        "lookForwardHorizon": 10,
        "representation": "orderfixedvol",
        "labelType": "REGRESSION",
        "archive": true
    },
    "metrics": {
        "MSE": 0.26494893431663513,
        "R2": 0.07076895236968994,
        "MAPE": 17924.85546875,
        "MAE": 0.4051637649536133
    },
    "metricsStrength": {
        "accuracy@>0.1": 0.6276964345590701,
        "coverage@>0.1": 0.6075648512834443,
        "accuracy@>0.2": 0.675746823852581,
        "coverage@>0.2": 0.29665217981800895,
        "accuracy@>0.3": 0.7384443736053554,
        "coverage@>0.3": 0.10651229118565803,
        "accuracy@>0.4": 0.8002322880371661,
        "coverage@>0.4": 0.029234007877223956,
        "accuracy@>0.5": 0.8545918367346939,
        "coverage@>0.5": 0.006654896102132283,
        "accuracy@>0.6": 0.8,
        "coverage@>0.6": 0.0011034904250984653,
        "accuracy@>0.7": 0.6,
        "coverage@>0.7": 8.48838788537281e-05,
        "accuracy@>0.8": null,
        "coverage@>0.8": 0.0,
        "accuracy@>0.9": null,
        "coverage@>0.9": 0.0,
        "accuracy@1%_coverage": 0.833616298811545,
        "accuracy@5%_coverage": 0.7796264855687606,
        "accuracy@10%_coverage": 0.7424448217317487,
        "accuracy@25%_coverage": 0.686337090859704,
        "accuracy@50%_coverage": 0.641416542170311
    }
}