{
    "run_id": "NZI3pyLj",
    "datetime": "2025-08-26 12:08:12",
    "meta": {
        "model": "deepLOBREG_TF",
        "modelKwargs": {
            "shape": [
                100,
                20,
                1
            ]
        },
        "numEpoch": 10,
        "batchSize": 64,
        "ticker": "TSLA",
        "steps": [
            "TRAIN",
            "TEST"
        ],
        "maxFiles": 1,
        "scaling": true,
        "threshold": "auto",
        "rowLim": 1000000,
        "trainTestSplit": 0.85,
        "lookForwardHorizon": 60,
        "representation": "orderfixedvol",
        "labelType": "REGRESSION",
        "archive": true
    },
    "metrics": {
        "MSE": 0.401424765586853,
        "R2": 0.03986626863479614,
        "MAPE": 165.58741760253906,
        "MAE": 0.5333974957466125
    },
    "metricsStrength": {
        "accuracy@>0.1": 0.6047152480097979,
        "coverage@>0.1": 0.5228214107053527,
        "accuracy@>0.2": 0.6483609042822007,
        "coverage@>0.2": 0.19797231949307986,
        "accuracy@>0.3": 0.6940204292436589,
        "coverage@>0.3": 0.058115724528931136,
        "accuracy@>0.4": 0.7168042010502625,
        "coverage@>0.4": 0.017782224445556112,
        "accuracy@>0.5": 0.7539118065433855,
        "coverage@>0.5": 0.004689011172252793,
        "accuracy@>0.6": 0.8642857142857143,
        "coverage@>0.6": 0.0009338002334500584,
        "accuracy@>0.7": 0.6,
        "coverage@>0.7": 3.3350008337502086e-05,
        "accuracy@>0.8": null,
        "coverage@>0.8": 0.0,
        "accuracy@>0.9": null,
        "coverage@>0.9": 0.0,
        "accuracy@1%_coverage": 0.7298198799199467,
        "accuracy@5%_coverage": 0.6991728922091782,
        "accuracy@10%_coverage": 0.6801627534685165,
        "accuracy@25%_coverage": 0.6378698540593901,
        "accuracy@50%_coverage": 0.6067607587844508
    }
}