{
    "run_id": "R2PRLqQC",
    "datetime": "2025-08-25 19:44:20",
    "meta": {
        "model": "deepLOBREG_TF",
        "modelKwargs": {
            "shape": [
                100,
                40,
                1
            ]
        },
        "numEpoch": 10,
        "batchSize": 64,
        "ticker": "ORCL",
        "steps": [
            "TRAIN",
            "TEST"
        ],
        "maxFiles": 1,
        "scaling": true,
        "threshold": "auto",
        "rowLim": 1000000,
        "trainTestSplit": 0.85,
        "lookForwardHorizon": 80,
        "representation": "orderbooks",
        "labelType": "REGRESSION",
        "archive": true
    },
    "metrics": {
        "MSE": 0.4783157706260681,
        "R2": -0.5628929138183594,
        "MAPE": 248.72483825683594,
        "MAE": 0.5651776194572449
    },
    "metricsStrength": {
        "accuracy@>0.1": 0.5137729776905035,
        "coverage@>0.1": 0.8899082568807339,
        "accuracy@>0.2": 0.5105749951490848,
        "coverage@>0.2": 0.7504975486626863,
        "accuracy@>0.3": 0.5227198961376176,
        "coverage@>0.3": 0.5982233872142129,
        "accuracy@>0.4": 0.5266955266955267,
        "coverage@>0.4": 0.43730886850152906,
        "accuracy@>0.5": 0.5559463986599665,
        "coverage@>0.5": 0.28979175768166593,
        "accuracy@>0.6": 0.5383831521739131,
        "coverage@>0.6": 0.14290568419008787,
        "accuracy@>0.7": 0.48854262144821264,
        "coverage@>0.7": 0.05295859424299791,
        "accuracy@>0.8": 0.2993827160493827,
        "coverage@>0.8": 0.015727391874180863,
        "accuracy@>0.9": null,
        "coverage@>0.9": 0.0,
        "accuracy@1%_coverage": 0.2087378640776699,
        "accuracy@5%_coverage": 0.470873786407767,
        "accuracy@10%_coverage": 0.5368932038834952,
        "accuracy@25%_coverage": 0.5563106796116505,
        "accuracy@50%_coverage": 0.5253398058252428
    }
}