{
    "run_id": "iYsAI3ez",
    "datetime": "2025-08-25 16:55:27",
    "meta": {
        "model": "deepLOBREG_TF",
        "modelKwargs": {
            "shape": [
                100,
                40,
                1
            ]
        },
        "numEpoch": 10,
        "batchSize": 64,
        "ticker": "META",
        "steps": [
            "TRAIN",
            "TEST"
        ],
        "maxFiles": 1,
        "scaling": true,
        "threshold": "auto",
        "rowLim": 1000000,
        "trainTestSplit": 0.85,
        "lookForwardHorizon": 200,
        "representation": "orderbooks",
        "labelType": "REGRESSION",
        "archive": true
    },
    "metrics": {
        "MSE": 0.495702862739563,
        "R2": -0.22825849056243896,
        "MAPE": 166.74810791015625,
        "MAE": 0.5872191190719604
    },
    "metricsStrength": {
        "accuracy@>0.1": 0.47834221767218554,
        "coverage@>0.1": 0.5350774461654704,
        "accuracy@>0.2": 0.4923452029938762,
        "coverage@>0.2": 0.3331318473743861,
        "accuracy@>0.3": 0.49196969696969695,
        "coverage@>0.3": 0.24933887419720438,
        "accuracy@>0.4": 0.4706062774767406,
        "coverage@>0.4": 0.1847563279183982,
        "accuracy@>0.5": 0.4426299346776484,
        "coverage@>0.5": 0.1330185115224783,
        "accuracy@>0.6": 0.45103674810100597,
        "coverage@>0.6": 0.09200982244049868,
        "accuracy@>0.7": 0.42200956937799045,
        "coverage@>0.7": 0.019739327540612014,
        "accuracy@>0.8": null,
        "coverage@>0.8": 0.0,
        "accuracy@>0.9": null,
        "coverage@>0.9": 0.0,
        "accuracy@1%_coverage": 0.4555765595463138,
        "accuracy@5%_coverage": 0.4348318851530034,
        "accuracy@10%_coverage": 0.4488099735549679,
        "accuracy@25%_coverage": 0.49187759727993957,
        "accuracy@50%_coverage": 0.4788439743105402
    }
}