{
    "run_id": "PNz7KVpr",
    "datetime": "2025-08-25 17:55:21",
    "meta": {
        "model": "deepLOB_TF",
        "modelKwargs": {
            "shape": [
                100,
                20,
                1
            ]
        },
        "numEpoch": 10,
        "batchSize": 64,
        "ticker": "TSLA",
        "steps": [
            "TRAIN",
            "TEST"
        ],
        "maxFiles": 1,
        "scaling": true,
        "threshold": "auto",
        "rowLim": 1000000,
        "trainTestSplit": 0.85,
        "lookForwardHorizon": 60,
        "representation": "orderfixedvol",
        "labelType": "CATEGORICAL",
        "archive": true
    },
    "metrics": {
        "accuracy": 0.4032883108220777,
        "precision": 0.39109342734775293,
        "recall": 0.41081238061517295,
        "f1": 0.34625306203220035,
        "confusion_matrix": [
            [
                25992,
                1996,
                18280
            ],
            [
                23975,
                2244,
                26103
            ],
            [
                17212,
                1896,
                32227
            ]
        ]
    },
    "metricsStrength": {
        "accuracy@>0.4": 0.4197941752126345,
        "coverage@>0.4": 0.7395097548774388,
        "accuracy@>0.5": 0.46459046548464566,
        "coverage@>0.5": 0.26107720526930134,
        "accuracy@>0.6": 0.4910694597574421,
        "coverage@>0.6": 0.06049691512422878,
        "accuracy@>0.7": 0.6233864844343204,
        "coverage@>0.7": 0.00878439219609805,
        "accuracy@>0.8": 0.6777777777777778,
        "coverage@>0.8": 0.0006003001500750375,
        "accuracy@>0.9": 0.0,
        "coverage@>0.9": 2.001000500250125e-05,
        "accuracy@1%_coverage": 0.619079386257505,
        "accuracy@5%_coverage": 0.4966648879402348,
        "accuracy@10%_coverage": 0.48018943436499467,
        "accuracy@25%_coverage": 0.4660761452469251,
        "accuracy@50%_coverage": 0.4381820122195246
    }
}