{
    "run_id": "5bsFX83g",
    "datetime": "2025-08-26 13:22:41",
    "meta": {
        "model": "deepLOBREG_TF",
        "modelKwargs": {
            "shape": [
                100,
                20,
                1
            ]
        },
        "numEpoch": 10,
        "batchSize": 64,
        "ticker": "MSFT",
        "steps": [
            "TRAIN",
            "TEST"
        ],
        "maxFiles": 1,
        "scaling": true,
        "threshold": "auto",
        "rowLim": 1000000,
        "trainTestSplit": 0.85,
        "lookForwardHorizon": 200,
        "representation": "orderflows",
        "labelType": "REGRESSION",
        "archive": true
    },
    "metrics": {
        "MSE": 0.4270843267440796,
        "R2": -0.23694086074829102,
        "MAPE": 674.0943603515625,
        "MAE": 0.5340861082077026
    },
    "metricsStrength": {
        "accuracy@>0.1": 0.5113166165464536,
        "coverage@>0.1": 0.753826487131413,
        "accuracy@>0.2": 0.5134717241833076,
        "coverage@>0.2": 0.5181012442474859,
        "accuracy@>0.3": 0.5186510518325743,
        "coverage@>0.3": 0.314368501789671,
        "accuracy@>0.4": 0.5345186109378249,
        "coverage@>0.4": 0.16393386739389806,
        "accuracy@>0.5": 0.5453183520599251,
        "coverage@>0.5": 0.068263166865519,
        "accuracy@>0.6": 0.5792592592592593,
        "coverage@>0.6": 0.023010056246804158,
        "accuracy@>0.7": 0.6704980842911877,
        "coverage@>0.7": 0.004448610874382137,
        "accuracy@>0.8": 0.2222222222222222,
        "coverage@>0.8": 0.00046020112493608316,
        "accuracy@>0.9": null,
        "coverage@>0.9": 0.0,
        "accuracy@1%_coverage": 0.6706484641638225,
        "accuracy@5%_coverage": 0.5461984316399591,
        "accuracy@10%_coverage": 0.5397988750639168,
        "accuracy@25%_coverage": 0.5200109088429808,
        "accuracy@50%_coverage": 0.5137208113175388
    }
}