{
    "run_id": "pF9bVNMb",
    "datetime": "2025-08-26 15:10:17",
    "meta": {
        "model": "deepLOB_TF",
        "modelKwargs": {
            "shape": [
                100,
                20,
                1
            ]
        },
        "numEpoch": 10,
        "batchSize": 64,
        "ticker": "PLTR",
        "steps": [
            "TRAIN",
            "TEST"
        ],
        "maxFiles": 1,
        "scaling": true,
        "threshold": "auto",
        "rowLim": 1000000,
        "trainTestSplit": 0.85,
        "lookForwardHorizon": 60,
        "representation": "orderflows",
        "labelType": "CATEGORICAL",
        "archive": true
    },
    "metrics": {
        "accuracy": 0.42388,
        "precision": 0.4044098971927061,
        "recall": 0.4237824289200558,
        "f1": 0.368979599575608,
        "confusion_matrix": [
            [
                31629,
                2845,
                14424
            ],
            [
                25332,
                3072,
                21382
            ],
            [
                19675,
                2760,
                28881
            ]
        ]
    },
    "metricsStrength": {
        "accuracy@>0.4": 0.4495958805277602,
        "coverage@>0.4": 0.7068866666666667,
        "accuracy@>0.5": 0.5082375788962615,
        "coverage@>0.5": 0.20596666666666666,
        "accuracy@>0.6": 0.6145066273932254,
        "coverage@>0.6": 0.018106666666666667,
        "accuracy@>0.7": 0.6666666666666666,
        "coverage@>0.7": 0.00028,
        "accuracy@>0.8": null,
        "coverage@>0.8": 0.0,
        "accuracy@>0.9": null,
        "coverage@>0.9": 0.0,
        "accuracy@1%_coverage": 0.616,
        "accuracy@5%_coverage": 0.5634666666666667,
        "accuracy@10%_coverage": 0.5293333333333333,
        "accuracy@25%_coverage": 0.5003733333333333,
        "accuracy@50%_coverage": 0.46930666666666665
    }
}