{
    "run_id": "sTzjciln",
    "datetime": "2025-08-26 12:16:03",
    "meta": {
        "model": "deepLOBREG_TF",
        "modelKwargs": {
            "shape": [
                100,
                20,
                1
            ]
        },
        "numEpoch": 10,
        "batchSize": 64,
        "ticker": "PLTR",
        "steps": [
            "TRAIN",
            "TEST"
        ],
        "maxFiles": 1,
        "scaling": true,
        "threshold": "auto",
        "rowLim": 1000000,
        "trainTestSplit": 0.85,
        "lookForwardHorizon": 200,
        "representation": "orderflows",
        "labelType": "REGRESSION",
        "archive": true
    },
    "metrics": {
        "MSE": 0.5052967071533203,
        "R2": -0.0484691858291626,
        "MAPE": 168.2353973388672,
        "MAE": 0.6116581559181213
    },
    "metricsStrength": {
        "accuracy@>0.1": 0.5067381694015393,
        "coverage@>0.1": 0.62282,
        "accuracy@>0.2": 0.5211721318759442,
        "coverage@>0.2": 0.30008,
        "accuracy@>0.3": 0.5331901181525242,
        "coverage@>0.3": 0.0931,
        "accuracy@>0.4": 0.4943776657619232,
        "coverage@>0.4": 0.017193333333333335,
        "accuracy@>0.5": 0.43154761904761907,
        "coverage@>0.5": 0.00448,
        "accuracy@>0.6": 0.5167785234899329,
        "coverage@>0.6": 0.0009933333333333333,
        "accuracy@>0.7": null,
        "coverage@>0.7": 0.0,
        "accuracy@>0.8": null,
        "coverage@>0.8": 0.0,
        "accuracy@>0.9": null,
        "coverage@>0.9": 0.0,
        "accuracy@1%_coverage": 0.44733333333333336,
        "accuracy@5%_coverage": 0.5249333333333334,
        "accuracy@10%_coverage": 0.5314666666666666,
        "accuracy@25%_coverage": 0.5233866666666667,
        "accuracy@50%_coverage": 0.5102666666666666
    }
}