{
    "run_id": "lgVUlSPA",
    "datetime": "2025-08-26 14:21:38",
    "meta": {
        "model": "deepLOB_TF",
        "modelKwargs": {
            "shape": [
                100,
                20,
                1
            ]
        },
        "numEpoch": 10,
        "batchSize": 64,
        "ticker": "PLTR",
        "steps": [
            "TRAIN",
            "TEST"
        ],
        "maxFiles": 1,
        "scaling": true,
        "threshold": "auto",
        "rowLim": 1000000,
        "trainTestSplit": 0.85,
        "lookForwardHorizon": 20,
        "representation": "orderflows",
        "labelType": "CATEGORICAL",
        "archive": true
    },
    "metrics": {
        "accuracy": 0.5038333333333334,
        "precision": 0.4731109093063229,
        "recall": 0.4809286296917577,
        "f1": 0.4090900394588955,
        "confusion_matrix": [
            [
                34719,
                824,
                15869
            ],
            [
                19905,
                1124,
                24051
            ],
            [
                12961,
                815,
                39732
            ]
        ]
    },
    "metricsStrength": {
        "accuracy@>0.4": 0.5329188740253352,
        "coverage@>0.4": 0.82678,
        "accuracy@>0.5": 0.59930833389842,
        "coverage@>0.5": 0.49156666666666665,
        "accuracy@>0.6": 0.6828210838901262,
        "coverage@>0.6": 0.2245,
        "accuracy@>0.7": 0.7706287683031869,
        "coverage@>0.7": 0.0774,
        "accuracy@>0.8": 0.8322368421052632,
        "coverage@>0.8": 0.01824,
        "accuracy@>0.9": 0.8656716417910447,
        "coverage@>0.9": 0.00044666666666666666,
        "accuracy@1%_coverage": 0.8453333333333334,
        "accuracy@5%_coverage": 0.7949333333333334,
        "accuracy@10%_coverage": 0.7516,
        "accuracy@25%_coverage": 0.67232,
        "accuracy@50%_coverage": 0.5976933333333333
    }
}