{
    "run_id": "txE5rq6h",
    "datetime": "2025-08-26 15:53:44",
    "meta": {
        "model": "deepLOB_TF",
        "modelKwargs": {
            "shape": [
                100,
                20,
                1
            ]
        },
        "numEpoch": 10,
        "batchSize": 64,
        "ticker": "PLTR",
        "steps": [
            "TRAIN",
            "TEST"
        ],
        "maxFiles": 1,
        "scaling": true,
        "threshold": "auto",
        "rowLim": 1000000,
        "trainTestSplit": 0.85,
        "lookForwardHorizon": 100,
        "representation": "orderflows",
        "labelType": "CATEGORICAL",
        "archive": true
    },
    "metrics": {
        "accuracy": 0.39348666666666665,
        "precision": 0.36481427804793976,
        "recall": 0.38523654095722115,
        "f1": 0.34945724537771244,
        "confusion_matrix": [
            [
                19030,
                5405,
                19749
            ],
            [
                17456,
                4631,
                27791
            ],
            [
                15137,
                5439,
                35362
            ]
        ]
    },
    "metricsStrength": {
        "accuracy@>0.4": 0.4288264574809101,
        "coverage@>0.4": 0.5116133333333334,
        "accuracy@>0.5": 0.5098293768545994,
        "coverage@>0.5": 0.03594666666666667,
        "accuracy@>0.6": 0.5238095238095238,
        "coverage@>0.6": 0.00028,
        "accuracy@>0.7": null,
        "coverage@>0.7": 0.0,
        "accuracy@>0.8": null,
        "coverage@>0.8": 0.0,
        "accuracy@>0.9": null,
        "coverage@>0.9": 0.0,
        "accuracy@1%_coverage": 0.504,
        "accuracy@5%_coverage": 0.4998666666666667,
        "accuracy@10%_coverage": 0.48473333333333335,
        "accuracy@25%_coverage": 0.45786666666666664,
        "accuracy@50%_coverage": 0.43008
    }
}