{
    "run_id": "V0JgaSpB",
    "datetime": "2025-08-25 18:54:38",
    "meta": {
        "model": "deepLOB_TF",
        "modelKwargs": {
            "shape": [
                100,
                20,
                1
            ]
        },
        "numEpoch": 10,
        "batchSize": 64,
        "ticker": "PLTR",
        "steps": [
            "TRAIN",
            "TEST"
        ],
        "maxFiles": 1,
        "scaling": true,
        "threshold": "auto",
        "rowLim": 1000000,
        "trainTestSplit": 0.85,
        "lookForwardHorizon": 40,
        "representation": "ordervol",
        "labelType": "CATEGORICAL",
        "archive": true
    },
    "metrics": {
        "accuracy": 0.47159291740304776,
        "precision": 0.39747326639392444,
        "recall": 0.40083214823042596,
        "f1": 0.34623595505399335,
        "confusion_matrix": [
            [
                20703,
                208,
                25141
            ],
            [
                13102,
                134,
                24098
            ],
            [
                16543,
                140,
                49876
            ]
        ]
    },
    "metricsStrength": {
        "accuracy@>0.4": 0.48521018717397973,
        "coverage@>0.4": 0.8693854413284872,
        "accuracy@>0.5": 0.5504701402299266,
        "coverage@>0.5": 0.3695288272366534,
        "accuracy@>0.6": 0.6413517441860465,
        "coverage@>0.6": 0.07341358498115975,
        "accuracy@>0.7": 0.728021978021978,
        "coverage@>0.7": 0.0024275567708159657,
        "accuracy@>0.8": null,
        "coverage@>0.8": 0.0,
        "accuracy@>0.9": null,
        "coverage@>0.9": 0.0,
        "accuracy@1%_coverage": 0.7011340893929286,
        "accuracy@5%_coverage": 0.651593970921702,
        "accuracy@10%_coverage": 0.6248499399759904,
        "accuracy@25%_coverage": 0.5761884436856426,
        "accuracy@50%_coverage": 0.5302379555033879
    }
}