{
    "run_id": "IqG7m1Ds",
    "datetime": "2025-08-25 19:36:59",
    "meta": {
        "model": "deepLOB_TF",
        "modelKwargs": {
            "shape": [
                100,
                20,
                1
            ]
        },
        "numEpoch": 10,
        "batchSize": 64,
        "ticker": "PLTR",
        "steps": [
            "TRAIN",
            "TEST"
        ],
        "maxFiles": 1,
        "scaling": true,
        "threshold": "auto",
        "rowLim": 1000000,
        "trainTestSplit": 0.85,
        "lookForwardHorizon": 100,
        "representation": "ordervol",
        "labelType": "CATEGORICAL",
        "archive": true
    },
    "metrics": {
        "accuracy": 0.4112085932548287,
        "precision": 0.33604455305647063,
        "recall": 0.36358590621680853,
        "f1": 0.3128599153263109,
        "confusion_matrix": [
            [
                29860,
                69,
                25107
            ],
            [
                18264,
                18,
                18588
            ],
            [
                26213,
                10,
                31756
            ]
        ]
    },
    "metricsStrength": {
        "accuracy@>0.4": 0.41487065801450507,
        "coverage@>0.4": 0.9088834773326216,
        "accuracy@>0.5": 0.47049245040955295,
        "coverage@>0.5": 0.13521032791807053,
        "accuracy@>0.6": 0.41204819277108434,
        "coverage@>0.6": 0.0027687894052106617,
        "accuracy@>0.7": null,
        "coverage@>0.7": 0.0,
        "accuracy@>0.8": null,
        "coverage@>0.8": 0.0,
        "accuracy@>0.9": null,
        "coverage@>0.9": 0.0,
        "accuracy@1%_coverage": 0.4532710280373832,
        "accuracy@5%_coverage": 0.46397117694155326,
        "accuracy@10%_coverage": 0.47598078462770216,
        "accuracy@25%_coverage": 0.4548317365429265,
        "accuracy@50%_coverage": 0.4342958554615569
    }
}