{
    "run_id": "1g0ULg9n",
    "datetime": "2025-08-25 18:13:45",
    "meta": {
        "model": "deepLOB_TF",
        "modelKwargs": {
            "shape": [
                100,
                20,
                1
            ]
        },
        "numEpoch": 10,
        "batchSize": 64,
        "ticker": "PLTR",
        "steps": [
            "TRAIN",
            "TEST"
        ],
        "maxFiles": 1,
        "scaling": true,
        "threshold": "auto",
        "rowLim": 1000000,
        "trainTestSplit": 0.85,
        "lookForwardHorizon": 10,
        "representation": "ordervol",
        "labelType": "CATEGORICAL",
        "archive": true
    },
    "metrics": {
        "accuracy": 0.49700283380563426,
        "precision": 0.5058993626006751,
        "recall": 0.48168526534723216,
        "f1": 0.486356274536488,
        "confusion_matrix": [
            [
                15065,
                21126,
                5392
            ],
            [
                9942,
                37540,
                17433
            ],
            [
                2729,
                18815,
                21933
            ]
        ]
    },
    "metricsStrength": {
        "accuracy@>0.4": 0.5003333218789733,
        "coverage@>0.4": 0.9701950325054176,
        "accuracy@>0.5": 0.5638825908450272,
        "coverage@>0.5": 0.32643440573428906,
        "accuracy@>0.6": 0.6332079456213291,
        "coverage@>0.6": 0.10103683947324554,
        "accuracy@>0.7": 0.7226277372262774,
        "coverage@>0.7": 0.008221370228371395,
        "accuracy@>0.8": null,
        "coverage@>0.8": 0.0,
        "accuracy@>0.9": null,
        "coverage@>0.9": 0.0,
        "accuracy@1%_coverage": 0.7158105403602402,
        "accuracy@5%_coverage": 0.6691117631368365,
        "accuracy@10%_coverage": 0.633793425351737,
        "accuracy@25%_coverage": 0.581281839276665,
        "accuracy@50%_coverage": 0.5402936508994892
    }
}