{
    "run_id": "sLzKZ3TZ",
    "datetime": "2025-08-25 15:53:22",
    "meta": {
        "model": "deepLOB_TF",
        "modelKwargs": {
            "shape": [
                100,
                20,
                1
            ]
        },
        "numEpoch": 10,
        "batchSize": 64,
        "ticker": "GOOG",
        "steps": [
            "TRAIN",
            "TEST"
        ],
        "maxFiles": 1,
        "scaling": true,
        "threshold": "auto",
        "rowLim": 1000000,
        "trainTestSplit": 0.85,
        "lookForwardHorizon": 20,
        "representation": "orderfixedvol",
        "labelType": "CATEGORICAL",
        "archive": true
    },
    "metrics": {
        "accuracy": 0.6648751375320908,
        "precision": 0.6360030070701491,
        "recall": 0.5141736437483243,
        "f1": 0.5389749484886037,
        "confusion_matrix": [
            [
                9580,
                18933,
                2199
            ],
            [
                4504,
                80139,
                4319
            ],
            [
                1259,
                19043,
                9989
            ]
        ]
    },
    "metricsStrength": {
        "accuracy@>0.4": 0.6680423810232609,
        "coverage@>0.4": 0.9855766345480612,
        "accuracy@>0.5": 0.688783933957771,
        "coverage@>0.5": 0.8400626812923015,
        "accuracy@>0.6": 0.734736425614804,
        "coverage@>0.6": 0.43818224252325544,
        "accuracy@>0.7": 0.8058047493403694,
        "coverage@>0.7": 0.11372653619177808,
        "accuracy@>0.8": 0.8639624041553302,
        "coverage@>0.8": 0.02695962391224619,
        "accuracy@>0.9": 0.8979591836734694,
        "coverage@>0.9": 0.0035941719734604743,
        "accuracy@1%_coverage": 0.8832555036691128,
        "accuracy@5%_coverage": 0.8451587089890638,
        "accuracy@10%_coverage": 0.8145505468124833,
        "accuracy@25%_coverage": 0.7642367501533701,
        "accuracy@50%_coverage": 0.7267877623963085
    }
}