{
    "run_id": "1ZvzqENR",
    "datetime": "2025-08-25 16:22:53",
    "meta": {
        "model": "deepLOBREG_TF",
        "modelKwargs": {
            "shape": [
                100,
                20,
                1
            ]
        },
        "numEpoch": 10,
        "batchSize": 64,
        "ticker": "GOOG",
        "steps": [
            "TRAIN",
            "TEST"
        ],
        "maxFiles": 1,
        "scaling": true,
        "threshold": "auto",
        "rowLim": 1000000,
        "trainTestSplit": 0.85,
        "lookForwardHorizon": 10,
        "representation": "orderfixedvol",
        "labelType": "REGRESSION",
        "archive": true
    },
    "metrics": {
        "MSE": 0.2086963802576065,
        "R2": 0.17923307418823242,
        "MAPE": 8699.193359375,
        "MAE": 0.32705044746398926
    },
    "metricsStrength": {
        "accuracy@>0.1": 0.6145181974530525,
        "coverage@>0.1": 0.6707184530755126,
        "accuracy@>0.2": 0.6684840356041736,
        "coverage@>0.2": 0.3827904650775129,
        "accuracy@>0.3": 0.7252506498329001,
        "coverage@>0.3": 0.1795632605434239,
        "accuracy@>0.4": 0.7674533425496198,
        "coverage@>0.4": 0.06752458743123854,
        "accuracy@>0.5": 0.777697320782042,
        "coverage@>0.5": 0.018416402733788965,
        "accuracy@>0.6": 0.7547974413646056,
        "coverage@>0.6": 0.003127187864644107,
        "accuracy@>0.7": 0.5964912280701754,
        "coverage@>0.7": 0.0003800633438906484,
        "accuracy@>0.8": null,
        "coverage@>0.8": 0.0,
        "accuracy@>0.9": null,
        "coverage@>0.9": 0.0,
        "accuracy@1%_coverage": 0.7645096731154103,
        "accuracy@5%_coverage": 0.7698052814083756,
        "accuracy@10%_coverage": 0.7543508701740348,
        "accuracy@25%_coverage": 0.7031445869895714,
        "accuracy@50%_coverage": 0.6439382826356569
    }
}