{
    "run_id": "BoKWYLZ0",
    "datetime": "2025-08-26 18:23:34",
    "meta": {
        "model": "deepLOBREG_TF",
        "modelKwargs": {
            "shape": [
                100,
                20,
                1
            ]
        },
        "numEpoch": 10,
        "batchSize": 64,
        "ticker": "NVDA",
        "steps": [
            "TRAIN",
            "TEST"
        ],
        "maxFiles": 1,
        "scaling": true,
        "threshold": "auto",
        "rowLim": 1000000,
        "trainTestSplit": 0.85,
        "lookForwardHorizon": 60,
        "representation": "orderflows",
        "labelType": "REGRESSION",
        "archive": true
    },
    "metrics": {
        "MSE": 0.4938446879386902,
        "R2": -0.0027788877487182617,
        "MAPE": 193.76351928710938,
        "MAE": 0.5688356757164001
    },
    "metricsStrength": {
        "accuracy@>0.1": 0.6914693724163848,
        "coverage@>0.1": 0.07096,
        "accuracy@>0.2": 0.6810513927030208,
        "coverage@>0.2": 0.016993333333333333,
        "accuracy@>0.3": 0.7068376068376069,
        "coverage@>0.3": 0.0078,
        "accuracy@>0.4": 0.7523364485981309,
        "coverage@>0.4": 0.002853333333333333,
        "accuracy@>0.5": 0.5714285714285714,
        "coverage@>0.5": 0.00056,
        "accuracy@>0.6": null,
        "coverage@>0.6": 0.0,
        "accuracy@>0.7": null,
        "coverage@>0.7": 0.0,
        "accuracy@>0.8": null,
        "coverage@>0.8": 0.0,
        "accuracy@>0.9": null,
        "coverage@>0.9": 0.0,
        "accuracy@1%_coverage": 0.6893333333333334,
        "accuracy@5%_coverage": 0.6984,
        "accuracy@10%_coverage": 0.6759333333333334,
        "accuracy@25%_coverage": 0.6574666666666666,
        "accuracy@50%_coverage": 0.6540533333333334
    }
}