{
    "run_id": "5y2tDxPJ",
    "datetime": "2025-08-26 18:59:42",
    "meta": {
        "model": "deepLOBREG_TF",
        "modelKwargs": {
            "shape": [
                100,
                20,
                1
            ]
        },
        "numEpoch": 10,
        "batchSize": 64,
        "ticker": "NVDA",
        "steps": [
            "TRAIN",
            "TEST"
        ],
        "maxFiles": 1,
        "scaling": true,
        "threshold": "auto",
        "rowLim": 1000000,
        "trainTestSplit": 0.85,
        "lookForwardHorizon": 100,
        "representation": "orderflows",
        "labelType": "REGRESSION",
        "archive": true
    },
    "metrics": {
        "MSE": 0.4817882180213928,
        "R2": -0.022915959358215332,
        "MAPE": 189.62255859375,
        "MAE": 0.5808506011962891
    },
    "metricsStrength": {
        "accuracy@>0.1": 0.34190136514573854,
        "coverage@>0.1": 0.16262,
        "accuracy@>0.2": 0.36780808281903243,
        "coverage@>0.2": 0.06697333333333333,
        "accuracy@>0.3": 0.40953716690042075,
        "coverage@>0.3": 0.004753333333333333,
        "accuracy@>0.4": null,
        "coverage@>0.4": 0.0,
        "accuracy@>0.5": null,
        "coverage@>0.5": 0.0,
        "accuracy@>0.6": null,
        "coverage@>0.6": 0.0,
        "accuracy@>0.7": null,
        "coverage@>0.7": 0.0,
        "accuracy@>0.8": null,
        "coverage@>0.8": 0.0,
        "accuracy@>0.9": null,
        "coverage@>0.9": 0.0,
        "accuracy@1%_coverage": 0.37133333333333335,
        "accuracy@5%_coverage": 0.38293333333333335,
        "accuracy@10%_coverage": 0.34553333333333336,
        "accuracy@25%_coverage": 0.3536,
        "accuracy@50%_coverage": 0.47258666666666665
    }
}