{
    "run_id": "yY6UC6K5",
    "datetime": "2025-08-26 13:38:10",
    "meta": {
        "model": "deepLOBREG_TF",
        "modelKwargs": {
            "shape": [
                100,
                40,
                1
            ]
        },
        "numEpoch": 10,
        "batchSize": 64,
        "ticker": "JPM",
        "steps": [
            "TRAIN",
            "TEST"
        ],
        "maxFiles": 1,
        "scaling": true,
        "threshold": "auto",
        "rowLim": 1000000,
        "trainTestSplit": 0.85,
        "lookForwardHorizon": 60,
        "representation": "orderbooks",
        "labelType": "REGRESSION",
        "archive": true
    },
    "metrics": {
        "MSE": 0.4400629997253418,
        "R2": -0.16600453853607178,
        "MAPE": 278.50653076171875,
        "MAE": 0.557512104511261
    },
    "metricsStrength": {
        "accuracy@>0.1": 0.5123872208253217,
        "coverage@>0.1": 0.7791190112644407,
        "accuracy@>0.2": 0.5173557811339441,
        "coverage@>0.2": 0.581804039065426,
        "accuracy@>0.3": 0.5170593919571843,
        "coverage@>0.3": 0.3875716631615338,
        "accuracy@>0.4": 0.5065648126044402,
        "coverage@>0.4": 0.24136440897698136,
        "accuracy@>0.5": 0.5097098469271191,
        "coverage@>0.5": 0.12609835498833222,
        "accuracy@>0.6": 0.5044616299821535,
        "coverage@>0.6": 0.04842845207571087,
        "accuracy@>0.7": 0.4583333333333333,
        "coverage@>0.7": 0.010371352020973178,
        "accuracy@>0.8": null,
        "coverage@>0.8": 0.0,
        "accuracy@>0.9": null,
        "coverage@>0.9": 0.0,
        "accuracy@1%_coverage": 0.4610951008645533,
        "accuracy@5%_coverage": 0.500864553314121,
        "accuracy@10%_coverage": 0.5139729184673005,
        "accuracy@25%_coverage": 0.5066267143021782,
        "accuracy@50%_coverage": 0.5177758571016998
    }
}