{
    "run_id": "bR1hqdIN",
    "datetime": "2025-08-31 15:20:42",
    "meta": {
        "model": "deepLOB_TF",
        "modelKwargs": {
            "shape": [
                100,
                20,
                1
            ]
        },
        "numEpoch": 5,
        "batchSize": 64,
        "ticker": "GOOG",
        "steps": [
            "ALGO"
        ],
        "maxFiles": 1,
        "scaling": true,
        "threshold": "auto",
        "rowLim": 1000000,
        "trainTestSplit": 0,
        "lookForwardHorizon": 20,
        "representation": "orderflows",
        "labelType": "CATEGORICAL",
        "archive": true,
        "weightsRunID": "lgVUlSPA"
    },
    "metaFromWeights": {
        "model": "deepLOB_TF",
        "modelKwargs": {
            "shape": [
                100,
                20,
                1
            ]
        },
        "numEpoch": 10,
        "batchSize": 64,
        "ticker": "PLTR",
        "steps": [
            "TRAIN",
            "TEST"
        ],
        "maxFiles": 1,
        "scaling": true,
        "threshold": "auto",
        "rowLim": 1000000,
        "trainTestSplit": 0.85,
        "lookForwardHorizon": 20,
        "representation": "orderflows",
        "labelType": "CATEGORICAL",
        "archive": true
    },
    "metrics": {
        "accuracy": 0.366713,
        "precision": 0.3934795272247487,
        "recall": 0.4519380901818688,
        "f1": 0.3593760468822791,
        "confusion_matrix": [
            [
                141428,
                33610,
                75626
            ],
            [
                191641,
                54600,
                252902
            ],
            [
                51812,
                27696,
                170685
            ]
        ]
    },
    "metricsStrength": {
        "accuracy@>0.4": 0.3813056139425747,
        "coverage@>0.4": 0.678899,
        "accuracy@>0.5": 0.44553247918125294,
        "coverage@>0.5": 0.309937,
        "accuracy@>0.6": 0.5303733654955791,
        "coverage@>0.6": 0.115249,
        "accuracy@>0.7": 0.6773801663805625,
        "coverage@>0.7": 0.037865,
        "accuracy@>0.8": 0.7570163670512476,
        "coverage@>0.8": 0.018635,
        "accuracy@>0.9": 0.754832502405318,
        "coverage@>0.9": 0.011433,
        "accuracy@1%_coverage": 0.7574,
        "accuracy@5%_coverage": 0.637,
        "accuracy@10%_coverage": 0.54553,
        "accuracy@25%_coverage": 0.46136,
        "accuracy@50%_coverage": 0.408334
    }
}